state,proc,iret,cycles,status,exit_code,check
12345672121232,RV32_ISS,37793992,37793992,ok,0,pass
12345672123212,RV32_ISS,36227149,36227149,ok,0,pass
12345672321212,RV32_ISS,38032591,38032591,ok,0,pass
12345673131323,RV32_ISS,36737582,36737582,ok,0,pass
12345673132313,RV32_ISS,43480873,43480873,ok,0,pass
12345673231313,RV32_ISS,42253162,42253162,ok,0,pass
12345761111111,RV32_ISS,25512830,25512830,ok,0,pass
12346571111231,RV32_ISS,18860283,18860283,ok,0,pass
12346751113133,RV32_ISS,26270914,26270914,ok,0,pass
12347561112212,RV32_ISS,24041435,24041435,ok,0,pass
12347651111111,RV32_ISS,39941236,39941236,ok,0,pass
12347651122112,RV32_ISS,24686024,24686024,ok,0,pass
12347651133311,RV32_ISS,22500122,22500122,ok,0,pass
12347652111221,RV32_ISS,20275297,20275297,ok,0,pass
12347652123233,RV32_ISS,23992304,23992304,ok,0,pass
12347652123332,RV32_ISS,29566247,29566247,ok,0,pass
12347652223232,RV32_ISS,22377649,22377649,ok,0,pass
12347653111133,RV32_ISS,23897912,23897912,ok,0,pass
12347653132223,RV32_ISS,20429225,20429225,ok,0,pass
12347653132322,RV32_ISS,19963429,19963429,ok,0,pass
12347653332323,RV32_ISS,22494085,22494085,ok,0,pass
12354671111111,RV32_ISS,28170367,28170367,ok,0,pass
12354761112323,RV32_ISS,37247992,37247992,ok,0,pass
12354762121112,RV32_ISS,26508515,26508515,ok,0,pass
12354762121211,RV32_ISS,28805682,28805682,ok,0,pass
12354762311123,RV32_ISS,21645565,21645565,ok,0,pass
12354763131131,RV32_ISS,24115474,24115474,ok,0,pass
12354763133111,RV32_ISS,21916505,21916505,ok,0,pass
12354763211123,RV32_ISS,25675363,25675363,ok,0,pass
12356471113133,RV32_ISS,23185464,23185464,ok,0,pass
12356741133131,RV32_ISS,31392757,31392757,ok,0,pass
12356741313131,RV32_ISS,32679660,32679660,ok,0,pass
12356743113131,RV32_ISS,32889283,32889283,ok,0,pass
12357461111222,RV32_ISS,25424686,25424686,ok,0,pass
12357461113331,RV32_ISS,24465404,24465404,ok,0,pass
12357462211112,RV32_ISS,25202927,25202927,ok,0,pass
12357641113331,RV32_ISS,23744356,23744356,ok,0,pass
12364571112212,RV32_ISS,26470838,26470838,ok,0,pass
12364751112212,RV32_ISS,22678149,22678149,ok,0,pass
12364751113133,RV32_ISS,23851150,23851150,ok,0,pass
12364753311131,RV32_ISS,22896621,22896621,ok,0,pass
12365471111111,RV32_ISS,28145585,28145585,ok,0,pass
12365471211122,RV32_ISS,23816630,23816630,ok,0,pass
12365471313113,RV32_ISS,19712300,19712300,ok,0,pass
12365472223232,RV32_ISS,22071123,22071123,ok,0,pass
12365472321233,RV32_ISS,25497831,25497831,ok,0,pass
12365473232312,RV32_ISS,20052781,20052781,ok,0,pass
12365473332323,RV32_ISS,20127579,20127579,ok,0,pass
12365741113331,RV32_ISS,23981035,23981035,ok,0,pass
12367451123333,RV32_ISS,35320032,35320032,ok,0,pass
12367451132222,RV32_ISS,32161283,32161283,ok,0,pass
12367451213333,RV32_ISS,34248112,34248112,ok,0,pass
12367451312222,RV32_ISS,41890550,41890550,ok,0,pass
12367452113333,RV32_ISS,37868465,37868465,ok,0,pass
12367453112222,RV32_ISS,34136460,34136460,ok,0,pass
12367541112212,RV32_ISS,29656346,29656346,ok,0,pass
12367541113331,RV32_ISS,33990002,33990002,ok,0,pass
12367541331131,RV32_ISS,21768086,21768086,ok,0,pass
12374561121212,RV32_ISS,32776874,32776874,ok,0,pass
12374561211212,RV32_ISS,32254645,32254645,ok,0,pass
12374562111212,RV32_ISS,38301619,38301619,ok,0,pass
12374651111222,RV32_ISS,26565106,26565106,ok,0,pass
12375461111222,RV32_ISS,25689870,25689870,ok,0,pass
12375641113112,RV32_ISS,24260513,24260513,ok,0,pass
12376451111222,RV32_ISS,27049244,27049244,ok,0,pass
12376451113133,RV32_ISS,25828694,25828694,ok,0,pass
12376451221211,RV32_ISS,22268544,22268544,ok,0,pass
12376541112323,RV32_ISS,26935135,26935135,ok,0,pass
12376541232233,RV32_ISS,31878598,31878598,ok,0,pass
12376541322233,RV32_ISS,22087860,22087860,ok,0,pass
12376542121232,RV32_ISS,24582525,24582525,ok,0,pass
12376542123212,RV32_ISS,22677516,22677516,ok,0,pass
12376543133132,RV32_ISS,19794909,19794909,ok,0,pass
12376543133231,RV32_ISS,19685950,19685950,ok,0,pass
12456731132321,RV32_ISS,35913875,35913875,ok,0,pass
12456731233223,RV32_ISS,21317065,21317065,ok,0,pass
12456733223321,RV32_ISS,21459917,21459917,ok,0,pass
12463751231231,RV32_ISS,22644600,22644600,ok,0,pass
12467351131121,RV32_ISS,22694733,22694733,ok,0,pass
12467351231321,RV32_ISS,19660710,19660710,ok,0,pass
12473561132123,RV32_ISS,21606404,21606404,ok,0,pass
12536741112323,RV32_ISS,23303736,23303736,ok,0,pass
12537461332112,RV32_ISS,21648972,21648972,ok,0,pass
12543671111111,RV32_ISS,28964523,28964523,ok,0,pass
12543671211212,RV32_ISS,22528999,22528999,ok,0,pass
12543671331113,RV32_ISS,20669815,20669815,ok,0,pass
12543672121121,RV32_ISS,21102407,21102407,ok,0,pass
12543672321332,RV32_ISS,21806961,21806961,ok,0,pass
12543672322232,RV32_ISS,21138745,21138745,ok,0,pass
12543672331232,RV32_ISS,20039536,20039536,ok,0,pass
12543673111331,RV32_ISS,20595270,20595270,ok,0,pass
12543673221323,RV32_ISS,21579838,21579838,ok,0,pass
12543673231223,RV32_ISS,20661943,20661943,ok,0,pass
12543673233323,RV32_ISS,26243883,26243883,ok,0,pass
12546371221331,RV32_ISS,21499200,21499200,ok,0,pass
12563472131213,RV32_ISS,26765934,26765934,ok,0,pass
12563473131212,RV32_ISS,25087945,25087945,ok,0,pass
12564733323122,RV32_ISS,20574465,20574465,ok,0,pass
12567433232333,RV32_ISS,21406624,21406624,ok,0,pass
12576343212221,RV32_ISS,26360307,26360307,ok,0,pass
12637451132111,RV32_ISS,25312943,25312943,ok,0,pass
12637451332112,RV32_ISS,18989523,18989523,ok,0,pass
12643571321321,RV32_ISS,20879347,20879347,ok,0,pass
12645371131121,RV32_ISS,23450760,23450760,ok,0,pass
12673542331133,RV32_ISS,28943052,28943052,ok,0,pass
12734561112323,RV32_ISS,23167999,23167999,ok,0,pass
12734561322233,RV32_ISS,20406315,20406315,ok,0,pass
12734562313223,RV32_ISS,19558689,19558689,ok,0,pass
12745631111111,RV32_ISS,68473206,68473206,ok,0,pass
12745632111122,RV32_ISS,22514123,22514123,ok,0,pass
12745632212213,RV32_ISS,26559046,26559046,ok,0,pass
12745632222221,RV32_ISS,21581157,21581157,ok,0,pass
12745632232211,RV32_ISS,25667971,25667971,ok,0,pass
12745633131131,RV32_ISS,24046884,24046884,ok,0,pass
12745633313312,RV32_ISS,21047543,21047543,ok,0,pass
12745633313333,RV32_ISS,22453145,22453145,ok,0,pass
12745633323311,RV32_ISS,21317519,21317519,ok,0,pass
12753462231323,RV32_ISS,24031964,24031964,ok,0,pass
12763452322232,RV32_ISS,21711621,21711621,ok,0,pass
12765432121313,RV32_ISS,24399075,24399075,ok,0,pass
12765432222212,RV32_ISS,36913414,36913414,ok,0,pass
12765433121213,RV32_ISS,27678347,27678347,ok,0,pass
12765433331333,RV32_ISS,25296261,25296261,ok,0,pass
13245671321111,RV32_ISS,24451584,24451584,ok,0,pass
13246571111111,RV32_ISS,30983871,30983871,ok,0,pass
13246571112233,RV32_ISS,20815965,20815965,ok,0,pass
13246571113232,RV32_ISS,32281246,32281246,ok,0,pass
13246572321332,RV32_ISS,24446872,24446872,ok,0,pass
13246572331232,RV32_ISS,22090543,22090543,ok,0,pass
13246573221233,RV32_ISS,22827438,22827438,ok,0,pass
13246573321223,RV32_ISS,23269687,23269687,ok,0,pass
13246752133211,RV32_ISS,28367855,28367855,ok,0,pass
13247563212131,RV32_ISS,25285122,25285122,ok,0,pass
13254761322233,RV32_ISS,24069333,24069333,ok,0,pass
13254761323322,RV32_ISS,20673016,20673016,ok,0,pass
13254762321233,RV32_ISS,28605334,28605334,ok,0,pass
13254763323122,RV32_ISS,24457543,24457543,ok,0,pass
13257641112233,RV32_ISS,21018690,21018690,ok,0,pass
13265741112323,RV32_ISS,34774031,34774031,ok,0,pass
13265742131312,RV32_ISS,29691098,29691098,ok,0,pass
13267451122211,RV32_ISS,25820257,25820257,ok,0,pass
13267451311133,RV32_ISS,21654370,21654370,ok,0,pass
13267541111132,RV32_ISS,27543353,27543353,ok,0,pass
13267541232212,RV32_ISS,25116747,25116747,ok,0,pass
13274651112323,RV32_ISS,30710521,30710521,ok,0,pass
13275461112233,RV32_ISS,23141110,23141110,ok,0,pass
13275463213211,RV32_ISS,22880550,22880550,ok,0,pass
13275641112233,RV32_ISS,27934036,27934036,ok,0,pass
13275641112323,RV32_ISS,34780962,34780962,ok,0,pass
13275642131333,RV32_ISS,26346764,26346764,ok,0,pass
13275643212221,RV32_ISS,28209104,28209104,ok,0,pass
13276451113211,RV32_ISS,30346416,30346416,ok,0,pass
13276451233133,RV32_ISS,30187056,30187056,ok,0,pass
13276541133122,RV32_ISS,22429626,22429626,ok,0,pass
13276541213312,RV32_ISS,30132790,30132790,ok,0,pass
13276541321123,RV32_ISS,22489096,22489096,ok,0,pass
13276541322311,RV32_ISS,28959006,28959006,ok,0,pass
13276541323112,RV32_ISS,18918620,18918620,ok,0,pass
13276541323322,RV32_ISS,19740785,19740785,ok,0,pass
13276542323312,RV32_ISS,22534535,22534535,ok,0,pass
13276543323122,RV32_ISS,21776111,21776111,ok,0,pass
13462571111111,RV32_ISS,24340167,24340167,ok,0,pass
13462572213311,RV32_ISS,20231715,20231715,ok,0,pass
13527461211113,RV32_ISS,24142521,24142521,ok,0,pass
13542671231231,RV32_ISS,19281402,19281402,ok,0,pass
13546271213213,RV32_ISS,21576701,21576701,ok,0,pass
13546271231231,RV32_ISS,27794955,27794955,ok,0,pass
13546271321321,RV32_ISS,23884158,23884158,ok,0,pass
13572641122133,RV32_ISS,30709840,30709840,ok,0,pass
13576241312213,RV32_ISS,29940234,29940234,ok,0,pass
13576241321321,RV32_ISS,23995534,23995534,ok,0,pass
13627451332112,RV32_ISS,21402890,21402890,ok,0,pass
13642571221223,RV32_ISS,28407509,28407509,ok,0,pass
13642571223221,RV32_ISS,28363358,28363358,ok,0,pass
13642573221221,RV32_ISS,32142094,32142094,ok,0,pass
13645271221331,RV32_ISS,19990275,19990275,ok,0,pass
13647521111111,RV32_ISS,23483573,23483573,ok,0,pass
13675241112323,RV32_ISS,25678243,25678243,ok,0,pass
13675242331313,RV32_ISS,23088743,23088743,ok,0,pass
13725642332132,RV32_ISS,23739373,23739373,ok,0,pass
13754262123323,RV32_ISS,45730167,45730167,ok,0,pass
13762451321321,RV32_ISS,20005581,20005581,ok,0,pass
13764251211311,RV32_ISS,18413210,18413210,ok,0,pass
13764252323231,RV32_ISS,21304866,21304866,ok,0,pass
13765422121211,RV32_ISS,28516929,28516929,ok,0,pass
14263751131121,RV32_ISS,21498490,21498490,ok,0,pass
14267351321321,RV32_ISS,21722146,21722146,ok,0,pass
14275633323122,RV32_ISS,23172455,23172455,ok,0,pass
14325671111111,RV32_ISS,79506390,79506390,ok,0,pass
14325672112121,RV32_ISS,21068609,21068609,ok,0,pass
14325672231323,RV32_ISS,21819802,21819802,ok,0,pass
14325672323222,RV32_ISS,21279952,21279952,ok,0,pass
14325673123232,RV32_ISS,21754315,21754315,ok,0,pass
14325673232333,RV32_ISS,20440316,20440316,ok,0,pass
14325673311131,RV32_ISS,24765316,24765316,ok,0,pass
14327652131213,RV32_ISS,23706831,23706831,ok,0,pass
14327653121213,RV32_ISS,25210293,25210293,ok,0,pass
14352672212111,RV32_ISS,22703538,22703538,ok,0,pass
14356721112323,RV32_ISS,23629116,23629116,ok,0,pass
14356721322233,RV32_ISS,27600421,27600421,ok,0,pass
14367252322232,RV32_ISS,21855389,21855389,ok,0,pass
14367523311113,RV32_ISS,38375966,38375966,ok,0,pass
14523672121313,RV32_ISS,24363487,24363487,ok,0,pass
14523673121312,RV32_ISS,29400582,29400582,ok,0,pass
14527631121311,RV32_ISS,22624439,22624439,ok,0,pass
14527631131211,RV32_ISS,21798378,21798378,ok,0,pass
14527631133311,RV32_ISS,21053322,21053322,ok,0,pass
14527631211131,RV32_ISS,23810560,23810560,ok,0,pass
14527631311121,RV32_ISS,23483070,23483070,ok,0,pass
14527632122213,RV32_ISS,23719192,23719192,ok,0,pass
14527632212111,RV32_ISS,24094192,24094192,ok,0,pass
14527632333332,RV32_ISS,28345053,28345053,ok,0,pass
14527633132322,RV32_ISS,21996695,21996695,ok,0,pass
14527633312133,RV32_ISS,22670605,22670605,ok,0,pass
14536273311311,RV32_ISS,25339256,25339256,ok,0,pass
14537622231323,RV32_ISS,22351418,22351418,ok,0,pass
14563272323222,RV32_ISS,20636247,20636247,ok,0,pass
14567231312213,RV32_ISS,29967830,29967830,ok,0,pass
14567231321123,RV32_ISS,25580320,25580320,ok,0,pass
14573261333111,RV32_ISS,24424332,24424332,ok,0,pass
14625731111111,RV32_ISS,30566367,30566367,ok,0,pass
14625731131121,RV32_ISS,24242076,24242076,ok,0,pass
14625731322233,RV32_ISS,21851314,21851314,ok,0,pass
14625732112121,RV32_ISS,22964528,22964528,ok,0,pass
14625732113321,RV32_ISS,25611663,25611663,ok,0,pass
14625732213323,RV32_ISS,21622022,21622022,ok,0,pass
14625732233111,RV32_ISS,23785024,23785024,ok,0,pass
14625733133111,RV32_ISS,21410238,21410238,ok,0,pass
14632571111111,RV32_ISS,37411708,37411708,ok,0,pass
14632571321132,RV32_ISS,22052207,22052207,ok,0,pass
14652733321331,RV32_ISS,23804775,23804775,ok,0,pass
14673251111111,RV32_ISS,29828074,29828074,ok,0,pass
14723651111213,RV32_ISS,21597273,21597273,ok,0,pass
14723651111312,RV32_ISS,27462617,27462617,ok,0,pass
14723651112131,RV32_ISS,21766606,21766606,ok,0,pass
14723651113121,RV32_ISS,20863049,20863049,ok,0,pass
14723651211212,RV32_ISS,19861858,19861858,ok,0,pass
14723652322121,RV32_ISS,18507663,18507663,ok,0,pass
14723652331232,RV32_ISS,22839678,22839678,ok,0,pass
14723653232222,RV32_ISS,20742856,20742856,ok,0,pass
14723653313111,RV32_ISS,21525759,21525759,ok,0,pass
14723653321313,RV32_ISS,26336498,26336498,ok,0,pass
14725361111111,RV32_ISS,24727734,24727734,ok,0,pass
14725361111123,RV32_ISS,21512226,21512226,ok,0,pass
14725361322332,RV32_ISS,23090064,23090064,ok,0,pass
14725362211121,RV32_ISS,26742181,26742181,ok,0,pass
14725363211213,RV32_ISS,20882771,20882771,ok,0,pass
14725363213121,RV32_ISS,20242554,20242554,ok,0,pass
14725363223213,RV32_ISS,21282588,21282588,ok,0,pass
14725363311113,RV32_ISS,27244960,27244960,ok,0,pass
14726531223122,RV32_ISS,23713314,23713314,ok,0,pass
14726531232122,RV32_ISS,23769376,23769376,ok,0,pass
14726531233313,RV32_ISS,21165374,21165374,ok,0,pass
14726531333312,RV32_ISS,19684755,19684755,ok,0,pass
14726532232313,RV32_ISS,24472143,24472143,ok,0,pass
14726533323122,RV32_ISS,20685727,20685727,ok,0,pass
14735621221112,RV32_ISS,21360465,21360465,ok,0,pass
14735621223113,RV32_ISS,19707060,19707060,ok,0,pass
14735621223332,RV32_ISS,31202985,31202985,ok,0,pass
14735621233112,RV32_ISS,26251671,26251671,ok,0,pass
14735621323112,RV32_ISS,24995741,24995741,ok,0,pass
14735621332112,RV32_ISS,19349211,19349211,ok,0,pass
14735621333111,RV32_ISS,20664136,20664136,ok,0,pass
14735621333222,RV32_ISS,19352535,19352535,ok,0,pass
14736251111132,RV32_ISS,23121577,23121577,ok,0,pass
14736251112332,RV32_ISS,21283109,21283109,ok,0,pass
14736253222223,RV32_ISS,21567081,21567081,ok,0,pass
14736521132222,RV32_ISS,23367008,23367008,ok,0,pass
14736521133131,RV32_ISS,23051401,23051401,ok,0,pass
14736521211212,RV32_ISS,22103118,22103118,ok,0,pass
14736521213333,RV32_ISS,22618203,22618203,ok,0,pass
14736521221313,RV32_ISS,23382963,23382963,ok,0,pass
14736521321231,RV32_ISS,31671046,31671046,ok,0,pass
14736521322233,RV32_ISS,21112309,21112309,ok,0,pass
14736521332121,RV32_ISS,26595010,26595010,ok,0,pass
14736523112222,RV32_ISS,23497266,23497266,ok,0,pass
14736523113131,RV32_ISS,22159825,22159825,ok,0,pass
14752363222121,RV32_ISS,20352708,20352708,ok,0,pass
14752363232222,RV32_ISS,26199385,26199385,ok,0,pass
14752363233131,RV32_ISS,23312864,23312864,ok,0,pass
14752631111111,RV32_ISS,28973617,28973617,ok,0,pass
14752631112311,RV32_ISS,24006900,24006900,ok,0,pass
14752631323223,RV32_ISS,21280021,21280021,ok,0,pass
14752632332132,RV32_ISS,20562111,20562111,ok,0,pass
14752633213223,RV32_ISS,20946415,20946415,ok,0,pass
14752633222223,RV32_ISS,22346284,22346284,ok,0,pass
14752633223123,RV32_ISS,21620351,21620351,ok,0,pass
14752633223231,RV32_ISS,23456703,23456703,ok,0,pass
14753261221112,RV32_ISS,21173034,21173034,ok,0,pass
14753261323112,RV32_ISS,26272772,26272772,ok,0,pass
14753261333111,RV32_ISS,21219575,21219575,ok,0,pass
14762351221331,RV32_ISS,24322401,24322401,ok,0,pass
14762351321231,RV32_ISS,26111839,26111839,ok,0,pass
14762351331221,RV32_ISS,19935844,19935844,ok,0,pass
14763251221223,RV32_ISS,37309555,37309555,ok,0,pass
14763251222312,RV32_ISS,34658172,34658172,ok,0,pass
14763251332331,RV32_ISS,32721508,32721508,ok,0,pass
14763251333123,RV32_ISS,30917935,30917935,ok,0,pass
14763252322121,RV32_ISS,29972794,29972794,ok,0,pass
14763253132232,RV32_ISS,29443835,29443835,ok,0,pass
14763253133132,RV32_ISS,29417696,29417696,ok,0,pass
14763253133222,RV32_ISS,31885640,31885640,ok,0,pass
14763253133231,RV32_ISS,30851278,30851278,ok,0,pass
14763253221221,RV32_ISS,29670198,29670198,ok,0,pass
14763253222112,RV32_ISS,34031131,34031131,ok,0,pass
14763521113211,RV32_ISS,23500790,23500790,ok,0,pass
14763521113223,RV32_ISS,21486753,21486753,ok,0,pass
14763523222331,RV32_ISS,18116532,18116532,ok,0,pass
14765231111213,RV32_ISS,23270571,23270571,ok,0,pass
14765231111312,RV32_ISS,24270284,24270284,ok,0,pass
14765231112131,RV32_ISS,22675885,22675885,ok,0,pass
14765231113121,RV32_ISS,20741991,20741991,ok,0,pass
14765231133131,RV32_ISS,20951659,20951659,ok,0,pass
14765232211211,RV32_ISS,21385247,21385247,ok,0,pass
14765232232322,RV32_ISS,21214834,21214834,ok,0,pass
14765232331313,RV32_ISS,21247441,21247441,ok,0,pass
14765233113131,RV32_ISS,20036320,20036320,ok,0,pass
14765233323332,RV32_ISS,21383174,21383174,ok,0,pass
15236471111111,RV32_ISS,27490874,27490874,ok,0,pass
15236473231121,RV32_ISS,19133759,19133759,ok,0,pass
15243671331221,RV32_ISS,21479607,21479607,ok,0,pass
15246371331332,RV32_ISS,29535835,29535835,ok,0,pass
15246371332331,RV32_ISS,28594774,28594774,ok,0,pass
15246372331331,RV32_ISS,28232794,28232794,ok,0,pass
15267431223113,RV32_ISS,21556312,21556312,ok,0,pass
15273641112323,RV32_ISS,26819010,26819010,ok,0,pass
15324673113311,RV32_ISS,36873886,36873886,ok,0,pass
15342671211311,RV32_ISS,18410575,18410575,ok,0,pass
15346271321321,RV32_ISS,19708007,19708007,ok,0,pass
15367421211113,RV32_ISS,26176158,26176158,ok,0,pass
15367421223113,RV32_ISS,19509161,19509161,ok,0,pass
15367423211123,RV32_ISS,22652810,22652810,ok,0,pass
15426371111111,RV32_ISS,24347122,24347122,ok,0,pass
15426371112233,RV32_ISS,21444263,21444263,ok,0,pass
15463271313113,RV32_ISS,23851129,23851129,ok,0,pass
15624732123212,RV32_ISS,29126755,29126755,ok,0,pass
15624732133313,RV32_ISS,24271977,24271977,ok,0,pass
15624732333332,RV32_ISS,22782174,22782174,ok,0,pass
15627431223113,RV32_ISS,19501463,19501463,ok,0,pass
15627431322113,RV32_ISS,26751004,26751004,ok,0,pass
15627431332112,RV32_ISS,19873864,19873864,ok,0,pass
15634722123332,RV32_ISS,30944655,30944655,ok,0,pass
15634722321233,RV32_ISS,22454060,22454060,ok,0,pass
15637423211123,RV32_ISS,25257750,25257750,ok,0,pass
15642371111111,RV32_ISS,51642266,51642266,ok,0,pass
15642372213311,RV32_ISS,22105588,22105588,ok,0,pass
15642372231332,RV32_ISS,22771491,22771491,ok,0,pass
15642372331322,RV32_ISS,21200988,21200988,ok,0,pass
15642373212311,RV32_ISS,21676605,21676605,ok,0,pass
15642373221323,RV32_ISS,22978488,22978488,ok,0,pass
15642373231223,RV32_ISS,26002430,26002430,ok,0,pass
15643271221331,RV32_ISS,20909847,20909847,ok,0,pass
15643271331221,RV32_ISS,22193212,22193212,ok,0,pass
15643273223111,RV32_ISS,19676798,19676798,ok,0,pass
15647233213232,RV32_ISS,19619589,19619589,ok,0,pass
15672341113232,RV32_ISS,25380231,25380231,ok,0,pass
15672341323112,RV32_ISS,20115000,20115000,ok,0,pass
15672342323312,RV32_ISS,23148312,23148312,ok,0,pass
15672343213232,RV32_ISS,19639901,19639901,ok,0,pass
15672433312133,RV32_ISS,27745544,27745544,ok,0,pass
15724362212132,RV32_ISS,26784180,26784180,ok,0,pass
15724631111111,RV32_ISS,25204859,25204859,ok,0,pass
15724631211311,RV32_ISS,20489941,20489941,ok,0,pass
15724631322233,RV32_ISS,23145832,23145832,ok,0,pass
15724632123233,RV32_ISS,28966124,28966124,ok,0,pass
15724632313223,RV32_ISS,21410276,21410276,ok,0,pass
15724632323231,RV32_ISS,23760328,23760328,ok,0,pass
15724632323333,RV32_ISS,23609963,23609963,ok,0,pass
15724633132322,RV32_ISS,19851357,19851357,ok,0,pass
15734622331223,RV32_ISS,23701669,23701669,ok,0,pass
15746321111111,RV32_ISS,31751191,31751191,ok,0,pass
15746321323211,RV32_ISS,18957949,18957949,ok,0,pass
15746322313112,RV32_ISS,17800814,17800814,ok,0,pass
15762342122213,RV32_ISS,32987268,32987268,ok,0,pass
15763241111111,RV32_ISS,28198788,28198788,ok,0,pass
15763242323132,RV32_ISS,20159326,20159326,ok,0,pass
16243571132132,RV32_ISS,20080303,20080303,ok,0,pass
16243571231231,RV32_ISS,21655366,21655366,ok,0,pass
16243571321321,RV32_ISS,20757448,20757448,ok,0,pass
16245371231231,RV32_ISS,22440068,22440068,ok,0,pass
16254733312223,RV32_ISS,38844713,38844713,ok,0,pass
16257431132111,RV32_ISS,22867421,22867421,ok,0,pass
16257433223123,RV32_ISS,19375819,19375819,ok,0,pass
16273541122133,RV32_ISS,32826087,32826087,ok,0,pass
16273541321321,RV32_ISS,28978916,28978916,ok,0,pass
16275341312213,RV32_ISS,27362771,27362771,ok,0,pass
16275343122221,RV32_ISS,22395005,22395005,ok,0,pass
16327453232333,RV32_ISS,21035229,21035229,ok,0,pass
16342571331221,RV32_ISS,22199031,22199031,ok,0,pass
16345271111111,RV32_ISS,48172835,48172835,ok,0,pass
16345271133131,RV32_ISS,21670940,21670940,ok,0,pass
16345271222111,RV32_ISS,23652095,23652095,ok,0,pass
16345272322232,RV32_ISS,22851328,22851328,ok,0,pass
16345272333212,RV32_ISS,20809752,20809752,ok,0,pass
16345273122323,RV32_ISS,25374005,25374005,ok,0,pass
16345273233323,RV32_ISS,27212279,27212279,ok,0,pass
16347252131312,RV32_ISS,30665111,30665111,ok,0,pass
16347253121312,RV32_ISS,29025719,29025719,ok,0,pass
16357421223113,RV32_ISS,22392447,22392447,ok,0,pass
16374521112323,RV32_ISS,23762128,23762128,ok,0,pass
16374523211123,RV32_ISS,21132172,21132172,ok,0,pass
16423572112121,RV32_ISS,25151728,25151728,ok,0,pass
16427531211311,RV32_ISS,20185403,20185403,ok,0,pass
16427531231321,RV32_ISS,22281467,22281467,ok,0,pass
16427532333233,RV32_ISS,36717415,36717415,ok,0,pass
16453271111111,RV32_ISS,30510947,30510947,ok,0,pass
16453271211113,RV32_ISS,20360998,20360998,ok,0,pass
16453272111131,RV32_ISS,20585453,20585453,ok,0,pass
16475233132313,RV32_ISS,30339264,30339264,ok,0,pass
16523473332323,RV32_ISS,20887800,20887800,ok,0,pass
16523741112212,RV32_ISS,24453847,24453847,ok,0,pass
16524731112212,RV32_ISS,28267587,28267587,ok,0,pass
16524731112233,RV32_ISS,24280423,24280423,ok,0,pass
16524731113133,RV32_ISS,24039397,24039397,ok,0,pass
16527341111111,RV32_ISS,23887543,23887543,ok,0,pass
16527431123333,RV32_ISS,35348692,35348692,ok,0,pass
16527431222132,RV32_ISS,36736802,36736802,ok,0,pass
16527431312222,RV32_ISS,39869114,39869114,ok,0,pass
16527431333213,RV32_ISS,31542734,31542734,ok,0,pass
16527432113333,RV32_ISS,32020266,32020266,ok,0,pass
16527432211322,RV32_ISS,36947970,36947970,ok,0,pass
16527432231122,RV32_ISS,33217731,33217731,ok,0,pass
16527432231332,RV32_ISS,31688096,31688096,ok,0,pass
16527432331322,RV32_ISS,33870503,33870503,ok,0,pass
16527432333113,RV32_ISS,32967476,32967476,ok,0,pass
16527433312133,RV32_ISS,32371754,32371754,ok,0,pass
16532471111222,RV32_ISS,27101320,27101320,ok,0,pass
16534271111111,RV32_ISS,26815049,26815049,ok,0,pass
16534271111132,RV32_ISS,19990257,19990257,ok,0,pass
16534273211111,RV32_ISS,25119498,25119498,ok,0,pass
16534723211123,RV32_ISS,32836893,32836893,ok,0,pass
16537421111222,RV32_ISS,22152911,22152911,ok,0,pass
16537421113322,RV32_ISS,22350449,22350449,ok,0,pass
16537421113331,RV32_ISS,23530016,23530016,ok,0,pass
16537421223113,RV32_ISS,19504833,19504833,ok,0,pass
16537421233112,RV32_ISS,27433154,27433154,ok,0,pass
16537421332112,RV32_ISS,19757885,19757885,ok,0,pass
16542371221331,RV32_ISS,18588549,18588549,ok,0,pass
16542371331221,RV32_ISS,20596432,20596432,ok,0,pass
16542372112331,RV32_ISS,28689040,28689040,ok,0,pass
16543271221223,RV32_ISS,39164890,39164890,ok,0,pass
16543271223221,RV32_ISS,29172534,29172534,ok,0,pass
16543271331332,RV32_ISS,31610226,31610226,ok,0,pass
16543271332331,RV32_ISS,31935700,31935700,ok,0,pass
16543272331331,RV32_ISS,29550032,29550032,ok,0,pass
16543273221221,RV32_ISS,31517524,31517524,ok,0,pass
16543721111111,RV32_ISS,24486887,24486887,ok,0,pass
16543721113211,RV32_ISS,20046521,20046521,ok,0,pass
16547233332323,RV32_ISS,23068359,23068359,ok,0,pass
16547321113331,RV32_ISS,28869529,28869529,ok,0,pass
16572431111111,RV32_ISS,27704442,27704442,ok,0,pass
16572433213223,RV32_ISS,19905098,19905098,ok,0,pass
16573241123123,RV32_ISS,23269599,23269599,ok,0,pass
16573241312312,RV32_ISS,20942169,20942169,ok,0,pass
16574231113133,RV32_ISS,24577753,24577753,ok,0,pass
16723451122133,RV32_ISS,24639116,24639116,ok,0,pass
16723451322311,RV32_ISS,21820654,21820654,ok,0,pass
16725431121311,RV32_ISS,20897853,20897853,ok,0,pass
16725431131211,RV32_ISS,21563482,21563482,ok,0,pass
16725431211122,RV32_ISS,21756837,21756837,ok,0,pass
16725431211131,RV32_ISS,26742969,26742969,ok,0,pass
16725431311121,RV32_ISS,20217413,20217413,ok,0,pass
16725432211121,RV32_ISS,23942094,23942094,ok,0,pass
16725432232223,RV32_ISS,21017722,21017722,ok,0,pass
16725433113311,RV32_ISS,21543174,21543174,ok,0,pass
16725433122212,RV32_ISS,20340783,20340783,ok,0,pass
16725433333232,RV32_ISS,19353513,19353513,ok,0,pass
16735242122213,RV32_ISS,29069486,29069486,ok,0,pass
16742352232313,RV32_ISS,25906188,25906188,ok,0,pass
16743252323222,RV32_ISS,21209194,21209194,ok,0,pass
16745232121313,RV32_ISS,24823511,24823511,ok,0,pass
16745232122222,RV32_ISS,23079688,23079688,ok,0,pass
16745233121213,RV32_ISS,22794281,22794281,ok,0,pass
16745233333313,RV32_ISS,33042201,33042201,ok,0,pass
16753241221112,RV32_ISS,25158657,25158657,ok,0,pass
17246351111111,RV32_ISS,23808065,23808065,ok,0,pass
17265433111313,RV32_ISS,36154803,36154803,ok,0,pass
17324561211323,RV32_ISS,24994839,24994839,ok,0,pass
17324561232332,RV32_ISS,18208244,18208244,ok,0,pass
17326452212111,RV32_ISS,38437062,38437062,ok,0,pass
17356241212313,RV32_ISS,18525086,18525086,ok,0,pass
17356242211331,RV32_ISS,29360375,29360375,ok,0,pass
17362451211311,RV32_ISS,18187247,18187247,ok,0,pass
17362451231321,RV32_ISS,20447520,20447520,ok,0,pass
17362452213311,RV32_ISS,31439766,31439766,ok,0,pass
17364251231231,RV32_ISS,24363195,24363195,ok,0,pass
17423653213232,RV32_ISS,20673334,20673334,ok,0,pass
17425631122112,RV32_ISS,22230787,22230787,ok,0,pass
17425631223113,RV32_ISS,19925234,19925234,ok,0,pass
17425631313113,RV32_ISS,21633801,21633801,ok,0,pass
17425631322113,RV32_ISS,25442812,25442812,ok,0,pass
17425631322332,RV32_ISS,29896925,29896925,ok,0,pass
17425631323112,RV32_ISS,25731684,25731684,ok,0,pass
17425631323223,RV32_ISS,20936302,20936302,ok,0,pass
17425631332112,RV32_ISS,20425296,20425296,ok,0,pass
17426531112233,RV32_ISS,22201887,22201887,ok,0,pass
17426531121212,RV32_ISS,25027301,25027301,ok,0,pass
17426531132312,RV32_ISS,24484535,24484535,ok,0,pass
17426531213123,RV32_ISS,26685880,26685880,ok,0,pass
17426531223221,RV32_ISS,19639197,19639197,ok,0,pass
17426531232233,RV32_ISS,31213456,31213456,ok,0,pass
17426531313131,RV32_ISS,25107683,25107683,ok,0,pass
17426531331332,RV32_ISS,20597089,20597089,ok,0,pass
17426532121211,RV32_ISS,22840364,22840364,ok,0,pass
17426532331331,RV32_ISS,22601354,22601354,ok,0,pass
17435622211133,RV32_ISS,29946029,29946029,ok,0,pass
17435623211123,RV32_ISS,32274756,32274756,ok,0,pass
17436521323232,RV32_ISS,19686643,19686643,ok,0,pass
17452363213232,RV32_ISS,19848933,19848933,ok,0,pass
17452363322132,RV32_ISS,19996759,19996759,ok,0,pass
17452633213232,RV32_ISS,25632345,25632345,ok,0,pass
17453262211133,RV32_ISS,22778615,22778615,ok,0,pass
17462352213311,RV32_ISS,23688197,23688197,ok,0,pass
17463251122112,RV32_ISS,21948639,21948639,ok,0,pass
17463251221331,RV32_ISS,18495342,18495342,ok,0,pass
17463251313113,RV32_ISS,21311721,21311721,ok,0,pass
17463251321231,RV32_ISS,23013909,23013909,ok,0,pass
17463251323112,RV32_ISS,26256829,26256829,ok,0,pass
17463251331221,RV32_ISS,19644207,19644207,ok,0,pass
17526431131121,RV32_ISS,22067596,22067596,ok,0,pass
17526431231321,RV32_ISS,23254788,23254788,ok,0,pass
17526432123233,RV32_ISS,30777091,30777091,ok,0,pass
17543261111111,RV32_ISS,31440018,31440018,ok,0,pass
17543261132111,RV32_ISS,19998276,19998276,ok,0,pass
17642531111111,RV32_ISS,23735778,23735778,ok,0,pass
17642531112233,RV32_ISS,28462591,28462591,ok,0,pass
17642533312211,RV32_ISS,20254328,20254328,ok,0,pass
17643251122112,RV32_ISS,23985959,23985959,ok,0,pass
21345671111111,RV32_ISS,29585564,29585564,ok,0,pass
21345762223322,RV32_ISS,35303404,35303404,ok,0,pass
21345762312323,RV32_ISS,27894091,27894091,ok,0,pass
21345762313223,RV32_ISS,25084487,25084487,ok,0,pass
21345763332233,RV32_ISS,26905831,26905831,ok,0,pass
21346752313322,RV32_ISS,30029174,30029174,ok,0,pass
21347562312323,RV32_ISS,37566668,37566668,ok,0,pass
21354671122112,RV32_ISS,21932590,21932590,ok,0,pass
21354671131313,RV32_ISS,27021915,27021915,ok,0,pass
21354671221112,RV32_ISS,22301264,22301264,ok,0,pass
21354672311123,RV32_ISS,24709585,24709585,ok,0,pass
21354672311132,RV32_ISS,27104377,27104377,ok,0,pass
21354672313211,RV32_ISS,76733695,76733695,ok,0,pass
21354673131113,RV32_ISS,26882849,26882849,ok,0,pass
21354761112233,RV32_ISS,22928863,22928863,ok,0,pass
21354761112311,RV32_ISS,21402950,21402950,ok,0,pass
21354761113211,RV32_ISS,23741722,23741722,ok,0,pass
21354761113322,RV32_ISS,21731177,21731177,ok,0,pass
21354761122211,RV32_ISS,28519562,28519562,ok,0,pass
21354761133311,RV32_ISS,23923284,23923284,ok,0,pass
21354762213311,RV32_ISS,20015757,20015757,ok,0,pass
21354763312211,RV32_ISS,21383889,21383889,ok,0,pass
21357462311111,RV32_ISS,29590389,29590389,ok,0,pass
21357463213331,RV32_ISS,27371073,27371073,ok,0,pass
21357642221132,RV32_ISS,28552660,28552660,ok,0,pass
21364752311111,RV32_ISS,25612770,25612770,ok,0,pass
21364753212212,RV32_ISS,24107889,24107889,ok,0,pass
21365742221312,RV32_ISS,20921589,20921589,ok,0,pass
21365742312323,RV32_ISS,25319905,25319905,ok,0,pass
21367451311331,RV32_ISS,21712582,21712582,ok,0,pass
21367452112112,RV32_ISS,21328409,21328409,ok,0,pass
21374653333121,RV32_ISS,23724066,23724066,ok,0,pass
21375462312233,RV32_ISS,23282472,23282472,ok,0,pass
21375463333211,RV32_ISS,25238409,25238409,ok,0,pass
21376541111123,RV32_ISS,22781525,22781525,ok,0,pass
21376541112311,RV32_ISS,21996959,21996959,ok,0,pass
21376541122211,RV32_ISS,29925416,29925416,ok,0,pass
21376541131133,RV32_ISS,23302995,23302995,ok,0,pass
21457631321123,RV32_ISS,31045044,31045044,ok,0,pass
21473563331312,RV32_ISS,27734685,27734685,ok,0,pass
21536742222131,RV32_ISS,27331633,27331633,ok,0,pass
21654372231323,RV32_ISS,24069611,24069611,ok,0,pass
21654372233321,RV32_ISS,21969787,21969787,ok,0,pass
21654373332122,RV32_ISS,21613065,21613065,ok,0,pass
21654373332221,RV32_ISS,21465149,21465149,ok,0,pass
21734652123131,RV32_ISS,21113105,21113105,ok,0,pass
23147562123131,RV32_ISS,30554945,30554945,ok,0,pass
23147651112323,RV32_ISS,25205104,25205104,ok,0,pass
23147652312323,RV32_ISS,21954057,21954057,ok,0,pass
23156471222132,RV32_ISS,23608933,23608933,ok,0,pass
23156471333132,RV32_ISS,20002857,20002857,ok,0,pass
23156473323332,RV32_ISS,22205528,22205528,ok,0,pass
23157461231333,RV32_ISS,25031958,25031958,ok,0,pass
23157462131123,RV32_ISS,31225536,31225536,ok,0,pass
23164573213133,RV32_ISS,25015442,25015442,ok,0,pass
23164752131312,RV32_ISS,23906385,23906385,ok,0,pass
23164753333313,RV32_ISS,23266305,23266305,ok,0,pass
23165471111111,RV32_ISS,25301592,25301592,ok,0,pass
23165471311133,RV32_ISS,22847899,22847899,ok,0,pass
23165471312132,RV32_ISS,21246784,21246784,ok,0,pass
23165472111122,RV32_ISS,23850399,23850399,ok,0,pass
23165472111332,RV32_ISS,20392807,20392807,ok,0,pass
23165472132332,RV32_ISS,23456518,23456518,ok,0,pass
23165472311111,RV32_ISS,21845573,21845573,ok,0,pass
23165473233221,RV32_ISS,25846940,25846940,ok,0,pass
23165741112323,RV32_ISS,31703222,31703222,ok,0,pass
23165741231312,RV32_ISS,28812478,28812478,ok,0,pass
23165742123131,RV32_ISS,28612064,28612064,ok,0,pass
23165742131321,RV32_ISS,35225130,35225130,ok,0,pass
23165742131333,RV32_ISS,41204862,41204862,ok,0,pass
23165742312323,RV32_ISS,28511651,28511651,ok,0,pass
23165743331312,RV32_ISS,41312343,41312343,ok,0,pass
23167541233322,RV32_ISS,23969993,23969993,ok,0,pass
23167542131222,RV32_ISS,23720129,23720129,ok,0,pass
23174652123131,RV32_ISS,24835585,24835585,ok,0,pass
23175463211222,RV32_ISS,25898172,25898172,ok,0,pass
23176452132221,RV32_ISS,23852783,23852783,ok,0,pass
23176453332233,RV32_ISS,25397175,25397175,ok,0,pass
23416752121211,RV32_ISS,32088088,32088088,ok,0,pass
23417563232123,RV32_ISS,21208382,21208382,ok,0,pass
23456173212332,RV32_ISS,18443342,18443342,ok,0,pass
23456173233122,RV32_ISS,23561935,23561935,ok,0,pass
23456713212332,RV32_ISS,19181963,19181963,ok,0,pass
23475162121112,RV32_ISS,30048980,30048980,ok,0,pass
23517462131333,RV32_ISS,32339885,32339885,ok,0,pass
23576412233321,RV32_ISS,21427855,21427855,ok,0,pass
23576412312323,RV32_ISS,20565970,20565970,ok,0,pass
23657142121112,RV32_ISS,32578193,32578193,ok,0,pass
23671452122333,RV32_ISS,44812766,44812766,ok,0,pass
23674153232321,RV32_ISS,19411007,19411007,ok,0,pass
23751461132123,RV32_ISS,18543176,18543176,ok,0,pass
23751463112321,RV32_ISS,18755172,18755172,ok,0,pass
23756143222331,RV32_ISS,23388590,23388590,ok,0,pass
23756411222312,RV32_ISS,28874083,28874083,ok,0,pass
23756413222112,RV32_ISS,30190655,30190655,ok,0,pass
23756413223312,RV32_ISS,28945175,28945175,ok,0,pass
23756413322312,RV32_ISS,30310698,30310698,ok,0,pass
24153672321233,RV32_ISS,23768054,23768054,ok,0,pass
24157361313212,RV32_ISS,21690727,21690727,ok,0,pass
24157362323111,RV32_ISS,21374473,21374473,ok,0,pass
24167353132232,RV32_ISS,31350720,31350720,ok,0,pass
24173652323231,RV32_ISS,19796319,19796319,ok,0,pass
24315673311311,RV32_ISS,37523009,37523009,ok,0,pass
24315761122322,RV32_ISS,26080455,26080455,ok,0,pass
24315762213323,RV32_ISS,23811056,23811056,ok,0,pass
24351671212211,RV32_ISS,29884729,29884729,ok,0,pass
24351673111133,RV32_ISS,30414036,30414036,ok,0,pass
24351673311311,RV32_ISS,35215864,35215864,ok,0,pass
24351761111123,RV32_ISS,36007431,36007431,ok,0,pass
24351761212232,RV32_ISS,25394802,25394802,ok,0,pass
24367511323112,RV32_ISS,26593742,26593742,ok,0,pass
24367513111121,RV32_ISS,19893757,19893757,ok,0,pass
24376512222122,RV32_ISS,32601824,32601824,ok,0,pass
24516732233111,RV32_ISS,24292348,24292348,ok,0,pass
24531673123121,RV32_ISS,27152992,27152992,ok,0,pass
24536713231232,RV32_ISS,24182304,24182304,ok,0,pass
24537613231322,RV32_ISS,31462689,31462689,ok,0,pass
24561372111131,RV32_ISS,23729817,23729817,ok,0,pass
24563711121212,RV32_ISS,30118585,30118585,ok,0,pass
24563712121232,RV32_ISS,30356194,30356194,ok,0,pass
24563713121222,RV32_ISS,38925302,38925302,ok,0,pass
24571362221213,RV32_ISS,28074961,28074961,ok,0,pass
24571631121212,RV32_ISS,27994431,27994431,ok,0,pass
24615371112332,RV32_ISS,22493572,22493572,ok,0,pass
24615372213311,RV32_ISS,42647009,42647009,ok,0,pass
24615731122313,RV32_ISS,29586645,29586645,ok,0,pass
24615731132333,RV32_ISS,40543754,40543754,ok,0,pass
24615732111323,RV32_ISS,35784747,35784747,ok,0,pass
24615732213311,RV32_ISS,24411307,24411307,ok,0,pass
24615732233321,RV32_ISS,29020405,29020405,ok,0,pass
24615733113323,RV32_ISS,41712522,41712522,ok,0,pass
24615733311122,RV32_ISS,25462377,25462377,ok,0,pass
24617532233321,RV32_ISS,32397819,32397819,ok,0,pass
24637512311132,RV32_ISS,30388508,30388508,ok,0,pass
24651731113223,RV32_ISS,23701506,23701506,ok,0,pass
24651731333333,RV32_ISS,21340328,21340328,ok,0,pass
24715363311332,RV32_ISS,25547545,25547545,ok,0,pass
24715631111111,RV32_ISS,27022260,27022260,ok,0,pass
24715631122121,RV32_ISS,26799483,26799483,ok,0,pass
24715631122133,RV32_ISS,21583519,21583519,ok,0,pass
24715632313223,RV32_ISS,19563934,19563934,ok,0,pass
24715633112111,RV32_ISS,19253907,19253907,ok,0,pass
24715633131131,RV32_ISS,26117540,26117540,ok,0,pass
24716532323231,RV32_ISS,30284597,30284597,ok,0,pass
24731561111111,RV32_ISS,37733683,37733683,ok,0,pass
24731562311231,RV32_ISS,21942002,21942002,ok,0,pass
24736512222332,RV32_ISS,31536890,31536890,ok,0,pass
24751362221231,RV32_ISS,39014208,39014208,ok,0,pass
24751362321113,RV32_ISS,47020562,47020562,ok,0,pass
24761531221223,RV32_ISS,30490136,30490136,ok,0,pass
24763151111111,RV32_ISS,25220514,25220514,ok,0,pass
24765313222112,RV32_ISS,25694552,25694552,ok,0,pass
25134672233321,RV32_ISS,21243268,21243268,ok,0,pass
25134672312323,RV32_ISS,20396941,20396941,ok,0,pass
25134672313211,RV32_ISS,27376098,27376098,ok,0,pass
25137461111111,RV32_ISS,27520707,27520707,ok,0,pass
25137461211323,RV32_ISS,18924127,18924127,ok,0,pass
25163741112323,RV32_ISS,25031605,25031605,ok,0,pass
25314673111313,RV32_ISS,50949786,50949786,ok,0,pass
25314673111331,RV32_ISS,48681783,48681783,ok,0,pass
25314673131311,RV32_ISS,50334312,50334312,ok,0,pass
25341673113311,RV32_ISS,42128039,42128039,ok,0,pass
25341762313223,RV32_ISS,35607701,35607701,ok,0,pass
25364172311231,RV32_ISS,38869487,38869487,ok,0,pass
25364173223231,RV32_ISS,18383382,18383382,ok,0,pass
25367411211122,RV32_ISS,26005272,26005272,ok,0,pass
25413672323111,RV32_ISS,39123887,39123887,ok,0,pass
25413763121222,RV32_ISS,27178438,27178438,ok,0,pass
25436711311313,RV32_ISS,22992202,22992202,ok,0,pass
25436712123122,RV32_ISS,21382893,21382893,ok,0,pass
25436712123332,RV32_ISS,23688852,23688852,ok,0,pass
25436712132122,RV32_ISS,23421143,23421143,ok,0,pass
25436712323231,RV32_ISS,21361428,21361428,ok,0,pass
25436713232321,RV32_ISS,22974764,22974764,ok,0,pass
25436713332122,RV32_ISS,21775694,21775694,ok,0,pass
25463713212332,RV32_ISS,24110160,24110160,ok,0,pass
25471362323132,RV32_ISS,22774216,22774216,ok,0,pass
25471631312213,RV32_ISS,34269591,34269591,ok,0,pass
25631741212121,RV32_ISS,41977457,41977457,ok,0,pass
25634713321232,RV32_ISS,26475174,26475174,ok,0,pass
25641371213132,RV32_ISS,25545956,25545956,ok,0,pass
25714632123131,RV32_ISS,27283602,27283602,ok,0,pass
25714632223331,RV32_ISS,24198801,24198801,ok,0,pass
25714632313211,RV32_ISS,67715222,67715222,ok,0,pass
25714633121333,RV32_ISS,26453757,26453757,ok,0,pass
25716431212223,RV32_ISS,25460992,25460992,ok,0,pass
25716433223213,RV32_ISS,24013429,24013429,ok,0,pass
25731642232211,RV32_ISS,42257028,42257028,ok,0,pass
25734162221111,RV32_ISS,23985441,23985441,ok,0,pass
25734613113323,RV32_ISS,32489631,32489631,ok,0,pass
25736141111123,RV32_ISS,28846519,28846519,ok,0,pass
25736141233232,RV32_ISS,27319255,27319255,ok,0,pass
25736411133113,RV32_ISS,26074650,26074650,ok,0,pass
25736411231321,RV32_ISS,23538885,23538885,ok,0,pass
25736411321312,RV32_ISS,20062891,20062891,ok,0,pass
25736411331113,RV32_ISS,24915273,24915273,ok,0,pass
25736413123112,RV32_ISS,20908030,20908030,ok,0,pass
25741361232113,RV32_ISS,28925383,28925383,ok,0,pass
25741632222323,RV32_ISS,24407699,24407699,ok,0,pass
25741632312323,RV32_ISS,22011388,22011388,ok,0,pass
25743611233232,RV32_ISS,22766190,22766190,ok,0,pass
25763142223133,RV32_ISS,27723634,27723634,ok,0,pass
25763411332322,RV32_ISS,21042662,21042662,ok,0,pass
26135742132221,RV32_ISS,26295072,26295072,ok,0,pass
26135742213323,RV32_ISS,24244614,24244614,ok,0,pass
26135742332312,RV32_ISS,25056734,25056734,ok,0,pass
26153471122121,RV32_ISS,24692994,24692994,ok,0,pass
26153473131131,RV32_ISS,22416399,22416399,ok,0,pass
26153473132121,RV32_ISS,21857831,21857831,ok,0,pass
26154372332213,RV32_ISS,48534713,48534713,ok,0,pass
26175432331133,RV32_ISS,26786232,26786232,ok,0,pass
26317451212211,RV32_ISS,38917323,38917323,ok,0,pass
26345711223113,RV32_ISS,18143821,18143821,ok,0,pass
26371453112111,RV32_ISS,21367526,21367526,ok,0,pass
26415731322323,RV32_ISS,21046789,21046789,ok,0,pass
26415732121223,RV32_ISS,20952346,20952346,ok,0,pass
26415732233321,RV32_ISS,25969774,25969774,ok,0,pass
26435712222122,RV32_ISS,38385564,38385564,ok,0,pass
26435712233321,RV32_ISS,28366767,28366767,ok,0,pass
26435712311132,RV32_ISS,27089359,27089359,ok,0,pass
26435712322322,RV32_ISS,35722735,35722735,ok,0,pass
26435713311122,RV32_ISS,26735487,26735487,ok,0,pass
26435713333133,RV32_ISS,32511721,32511721,ok,0,pass
26437512122312,RV32_ISS,23878330,23878330,ok,0,pass
26453172211133,RV32_ISS,26405781,26405781,ok,0,pass
26453711333333,RV32_ISS,23769867,23769867,ok,0,pass
26513471122121,RV32_ISS,25191121,25191121,ok,0,pass
26517343333313,RV32_ISS,30653725,30653725,ok,0,pass
26534713333313,RV32_ISS,32944083,32944083,ok,0,pass
26543171111111,RV32_ISS,24966437,24966437,ok,0,pass
26543171123111,RV32_ISS,20231685,20231685,ok,0,pass
26547313131323,RV32_ISS,32847878,32847878,ok,0,pass
26573413331312,RV32_ISS,27123368,27123368,ok,0,pass
26714531212133,RV32_ISS,26286964,26286964,ok,0,pass
26714532121133,RV32_ISS,28399807,28399807,ok,0,pass
26715433231322,RV32_ISS,24234157,24234157,ok,0,pass
26741351232113,RV32_ISS,21017802,21017802,ok,0,pass
26743512121232,RV32_ISS,32802285,32802285,ok,0,pass
27134561131133,RV32_ISS,24350895,24350895,ok,0,pass
27154632311132,RV32_ISS,21911560,21911560,ok,0,pass
27314652313211,RV32_ISS,26667886,26667886,ok,0,pass
27365412321212,RV32_ISS,31677828,31677828,ok,0,pass
27415363131113,RV32_ISS,30666462,30666462,ok,0,pass
27415632323231,RV32_ISS,26216331,26216331,ok,0,pass
27415633321322,RV32_ISS,32352164,32352164,ok,0,pass
27416532133232,RV32_ISS,21844630,21844630,ok,0,pass
27416533321232,RV32_ISS,26521605,26521605,ok,0,pass
27435612122222,RV32_ISS,23562190,23562190,ok,0,pass
27453161123111,RV32_ISS,19461915,19461915,ok,0,pass
27453161132111,RV32_ISS,22838069,22838069,ok,0,pass
27456133132223,RV32_ISS,24790857,24790857,ok,0,pass
27516341111111,RV32_ISS,24008098,24008098,ok,0,pass
27534161111111,RV32_ISS,23881974,23881974,ok,0,pass
27534161111123,RV32_ISS,31697084,31697084,ok,0,pass
27534162311111,RV32_ISS,22087601,22087601,ok,0,pass
27534612311132,RV32_ISS,25851316,25851316,ok,0,pass
27536412332312,RV32_ISS,23872359,23872359,ok,0,pass
27543611111123,RV32_ISS,28041659,28041659,ok,0,pass
27543611111132,RV32_ISS,19925328,19925328,ok,0,pass
27546312231122,RV32_ISS,41993845,41993845,ok,0,pass
27613543333133,RV32_ISS,30725839,30725839,ok,0,pass
27614353311332,RV32_ISS,26682418,26682418,ok,0,pass
27615431312333,RV32_ISS,29076657,29076657,ok,0,pass
27615432113321,RV32_ISS,30769994,30769994,ok,0,pass
27615433313213,RV32_ISS,21385188,21385188,ok,0,pass
27634511131133,RV32_ISS,23999860,23999860,ok,0,pass
27634512233321,RV32_ISS,22459143,22459143,ok,0,pass
27643513311233,RV32_ISS,34794482,34794482,ok,0,pass
31246753312211,RV32_ISS,29667518,29667518,ok,0,pass
31247651113232,RV32_ISS,21354430,21354430,ok,0,pass
31247651323232,RV32_ISS,25220663,25220663,ok,0,pass
31256471231222,RV32_ISS,23877185,23877185,ok,0,pass
31257462222221,RV32_ISS,28475313,28475313,ok,0,pass
31257462312311,RV32_ISS,23570372,23570372,ok,0,pass
31257643311122,RV32_ISS,24771564,24771564,ok,0,pass
31264572122213,RV32_ISS,24410388,24410388,ok,0,pass
31264573132313,RV32_ISS,23485678,23485678,ok,0,pass
31264573222223,RV32_ISS,24113664,24113664,ok,0,pass
31264752132122,RV32_ISS,24242448,24242448,ok,0,pass
31264752313121,RV32_ISS,25825302,25825302,ok,0,pass
31265471111111,RV32_ISS,30741293,30741293,ok,0,pass
31265471122112,RV32_ISS,21576743,21576743,ok,0,pass
31265471122133,RV32_ISS,24701104,24701104,ok,0,pass
31265471312213,RV32_ISS,21936469,21936469,ok,0,pass
31265471313113,RV32_ISS,20374929,20374929,ok,0,pass
31265471321111,RV32_ISS,19199156,19199156,ok,0,pass
31265472233321,RV32_ISS,30779934,30779934,ok,0,pass
31265472312233,RV32_ISS,21947000,21947000,ok,0,pass
31265741233331,RV32_ISS,30305761,30305761,ok,0,pass
31267542222233,RV32_ISS,28366482,28366482,ok,0,pass
31267542313133,RV32_ISS,30769987,30769987,ok,0,pass
31275461112233,RV32_ISS,31239626,31239626,ok,0,pass
31275461322233,RV32_ISS,31546067,31546067,ok,0,pass
31275462133211,RV32_ISS,26333111,26333111,ok,0,pass
31275462223211,RV32_ISS,26464177,26464177,ok,0,pass
31275462311213,RV32_ISS,27759800,27759800,ok,0,pass
31275462312212,RV32_ISS,28025982,28025982,ok,0,pass
31275463311122,RV32_ISS,30136051,30136051,ok,0,pass
31276452133322,RV32_ISS,21727740,21727740,ok,0,pass
31276452313313,RV32_ISS,25560014,25560014,ok,0,pass
31452671323211,RV32_ISS,18068585,18068585,ok,0,pass
31452671332232,RV32_ISS,19165349,19165349,ok,0,pass
31452672322331,RV32_ISS,19252508,19252508,ok,0,pass
31456722111221,RV32_ISS,24195455,24195455,ok,0,pass
31462751111111,RV32_ISS,25942322,25942322,ok,0,pass
31462751113322,RV32_ISS,22277594,22277594,ok,0,pass
31475261322233,RV32_ISS,23262568,23262568,ok,0,pass
31475262331313,RV32_ISS,27859706,27859706,ok,0,pass
31475262333221,RV32_ISS,23155029,23155029,ok,0,pass
31524673332122,RV32_ISS,32821451,32821451,ok,0,pass
31527643332122,RV32_ISS,19391336,19391336,ok,0,pass
31564272212111,RV32_ISS,37149032,37149032,ok,0,pass
31564272213311,RV32_ISS,21538563,21538563,ok,0,pass
31564273113311,RV32_ISS,23532453,23532453,ok,0,pass
31572461122133,RV32_ISS,23988827,23988827,ok,0,pass
31624751112233,RV32_ISS,20413619,20413619,ok,0,pass
31624753312211,RV32_ISS,20019054,20019054,ok,0,pass
31627452221333,RV32_ISS,30844998,30844998,ok,0,pass
31654272313322,RV32_ISS,33843946,33843946,ok,0,pass
31754621331122,RV32_ISS,29770760,29770760,ok,0,pass
31765242322121,RV32_ISS,29044507,29044507,ok,0,pass
32145671111111,RV32_ISS,40841926,40841926,ok,0,pass
32145671123333,RV32_ISS,23525454,23525454,ok,0,pass
32145671132222,RV32_ISS,22049534,22049534,ok,0,pass
32145671221112,RV32_ISS,23646886,23646886,ok,0,pass
32145671333333,RV32_ISS,23466806,23466806,ok,0,pass
32145672113333,RV32_ISS,22116063,22116063,ok,0,pass
32145672212222,RV32_ISS,22421377,22421377,ok,0,pass
32145673112222,RV32_ISS,19999267,19999267,ok,0,pass
32145673311113,RV32_ISS,22851810,22851810,ok,0,pass
32146751232323,RV32_ISS,22705160,22705160,ok,0,pass
32146752232223,RV32_ISS,27931335,27931335,ok,0,pass
32147562313223,RV32_ISS,20021787,20021787,ok,0,pass
32147562333233,RV32_ISS,35875086,35875086,ok,0,pass
32147651123333,RV32_ISS,34929216,34929216,ok,0,pass
32147651132222,RV32_ISS,31842339,31842339,ok,0,pass
32147651213333,RV32_ISS,36008121,36008121,ok,0,pass
32147651312222,RV32_ISS,33157240,33157240,ok,0,pass
32147652113333,RV32_ISS,32285396,32285396,ok,0,pass
32147652231332,RV32_ISS,31266411,31266411,ok,0,pass
32147652233213,RV32_ISS,41259709,41259709,ok,0,pass
32147652331322,RV32_ISS,33927877,33927877,ok,0,pass
32147652332213,RV32_ISS,39912975,39912975,ok,0,pass
32147653112222,RV32_ISS,32500446,32500446,ok,0,pass
32156471111111,RV32_ISS,26141597,26141597,ok,0,pass
32156471113211,RV32_ISS,20761602,20761602,ok,0,pass
32156471232332,RV32_ISS,19118658,19118658,ok,0,pass
32156472312332,RV32_ISS,20188734,20188734,ok,0,pass
32156472332132,RV32_ISS,19874356,19874356,ok,0,pass
32156472332321,RV32_ISS,21855583,21855583,ok,0,pass
32156472333332,RV32_ISS,22611778,22611778,ok,0,pass
32156473223123,RV32_ISS,18545835,18545835,ok,0,pass
32156741112323,RV32_ISS,37928041,37928041,ok,0,pass
32156742311123,RV32_ISS,20429600,20429600,ok,0,pass
32156742313223,RV32_ISS,24211112,24211112,ok,0,pass
32156742333131,RV32_ISS,20506076,20506076,ok,0,pass
32157641232323,RV32_ISS,22828050,22828050,ok,0,pass
32157642231323,RV32_ISS,23009636,23009636,ok,0,pass
32164571111111,RV32_ISS,28473326,28473326,ok,0,pass
32164571111231,RV32_ISS,19793488,19793488,ok,0,pass
32164571232323,RV32_ISS,20366612,20366612,ok,0,pass
32164572232223,RV32_ISS,24272264,24272264,ok,0,pass
32164572232313,RV32_ISS,24220537,24220537,ok,0,pass
32164572233321,RV32_ISS,23632455,23632455,ok,0,pass
32164572312323,RV32_ISS,22799430,22799430,ok,0,pass
32164573323212,RV32_ISS,21574339,21574339,ok,0,pass
32165741111111,RV32_ISS,34165992,34165992,ok,0,pass
32165741111132,RV32_ISS,21986404,21986404,ok,0,pass
32165741233223,RV32_ISS,21124130,21124130,ok,0,pass
32165742211112,RV32_ISS,27700253,27700253,ok,0,pass
32165742331112,RV32_ISS,20369352,20369352,ok,0,pass
32165743311131,RV32_ISS,21572846,21572846,ok,0,pass
32167451111111,RV32_ISS,28604291,28604291,ok,0,pass
32167451213333,RV32_ISS,22754428,22754428,ok,0,pass
32167451222222,RV32_ISS,21863568,21863568,ok,0,pass
32167451312222,RV32_ISS,21723015,21723015,ok,0,pass
32167451333111,RV32_ISS,21004367,21004367,ok,0,pass
32167452211121,RV32_ISS,22477607,22477607,ok,0,pass
32167453222313,RV32_ISS,19378883,19378883,ok,0,pass
32167453313333,RV32_ISS,22427362,22427362,ok,0,pass
32167453321232,RV32_ISS,22107374,22107374,ok,0,pass
32174561112323,RV32_ISS,27715448,27715448,ok,0,pass
32174561232113,RV32_ISS,28891162,28891162,ok,0,pass
32174561232233,RV32_ISS,25527160,25527160,ok,0,pass
32174562231212,RV32_ISS,23147267,23147267,ok,0,pass
32174652312332,RV32_ISS,19826956,19826956,ok,0,pass
32174652332132,RV32_ISS,20223414,20223414,ok,0,pass
32175461111111,RV32_ISS,29343486,29343486,ok,0,pass
32175461113112,RV32_ISS,20286162,20286162,ok,0,pass
32175461221112,RV32_ISS,20978664,20978664,ok,0,pass
32175461333111,RV32_ISS,21655237,21655237,ok,0,pass
32175462233111,RV32_ISS,22861753,22861753,ok,0,pass
32175462312323,RV32_ISS,30381051,30381051,ok,0,pass
32416753121222,RV32_ISS,35798511,35798511,ok,0,pass
32417562113321,RV32_ISS,34277854,34277854,ok,0,pass
32417652132131,RV32_ISS,21152883,21152883,ok,0,pass
32417653132121,RV32_ISS,18373116,18373116,ok,0,pass
32451762331121,RV32_ISS,18729150,18729150,ok,0,pass
32456173212332,RV32_ISS,24013832,24013832,ok,0,pass
32456711233133,RV32_ISS,45445082,45445082,ok,0,pass
32465172112121,RV32_ISS,23243495,23243495,ok,0,pass
32465172132131,RV32_ISS,19022542,19022542,ok,0,pass
32465172133121,RV32_ISS,19928091,19928091,ok,0,pass
32465172332321,RV32_ISS,22292451,22292451,ok,0,pass
32465173123121,RV32_ISS,20891653,20891653,ok,0,pass
32465173132121,RV32_ISS,21504123,21504123,ok,0,pass
32465173133111,RV32_ISS,23274035,23274035,ok,0,pass
32465173233221,RV32_ISS,24892564,24892564,ok,0,pass
32475161232323,RV32_ISS,25375729,25375729,ok,0,pass
32475163331222,RV32_ISS,26071808,26071808,ok,0,pass
32476513232231,RV32_ISS,22094277,22094277,ok,0,pass
32517463131311,RV32_ISS,35821210,35821210,ok,0,pass
32546713323212,RV32_ISS,24161909,24161909,ok,0,pass
32547611121113,RV32_ISS,22453988,22453988,ok,0,pass
32547611131112,RV32_ISS,20840511,20840511,ok,0,pass
32547611213111,RV32_ISS,21313908,21313908,ok,0,pass
32547611312111,RV32_ISS,22319388,22319388,ok,0,pass
32547612111311,RV32_ISS,21698662,21698662,ok,0,pass
32547613111211,RV32_ISS,21310615,21310615,ok,0,pass
32561471113133,RV32_ISS,24508276,24508276,ok,0,pass
32561471121311,RV32_ISS,21985281,21985281,ok,0,pass
32561471122211,RV32_ISS,23766009,23766009,ok,0,pass
32561471131211,RV32_ISS,22185450,22185450,ok,0,pass
32561471211131,RV32_ISS,28111875,28111875,ok,0,pass
32561471311121,RV32_ISS,22491261,22491261,ok,0,pass
32561472133313,RV32_ISS,21334515,21334515,ok,0,pass
32561472213122,RV32_ISS,21248188,21248188,ok,0,pass
32561473222223,RV32_ISS,20119099,20119099,ok,0,pass
32561473323212,RV32_ISS,20398549,20398549,ok,0,pass
32567412122222,RV32_ISS,23404742,23404742,ok,0,pass
32567412131312,RV32_ISS,28970227,28970227,ok,0,pass
32567412222212,RV32_ISS,35604835,35604835,ok,0,pass
32567413131212,RV32_ISS,22990939,22990939,ok,0,pass
32567413133333,RV32_ISS,28157385,28157385,ok,0,pass
32576142313223,RV32_ISS,22980837,22980837,ok,0,pass
32615473332122,RV32_ISS,23677593,23677593,ok,0,pass
32647152133121,RV32_ISS,26979633,26979633,ok,0,pass
32647153132121,RV32_ISS,18509213,18509213,ok,0,pass
32647512333233,RV32_ISS,37536428,37536428,ok,0,pass
32657143121213,RV32_ISS,28250048,28250048,ok,0,pass
32657412111212,RV32_ISS,27768300,27768300,ok,0,pass
32671453123313,RV32_ISS,29067506,29067506,ok,0,pass
32674152113333,RV32_ISS,33586358,33586358,ok,0,pass
32714652332132,RV32_ISS,21402037,21402037,ok,0,pass
32716452123212,RV32_ISS,32038812,32038812,ok,0,pass
32741651121311,RV32_ISS,29391648,29391648,ok,0,pass
32741651131211,RV32_ISS,23231820,23231820,ok,0,pass
32741651211131,RV32_ISS,21615936,21615936,ok,0,pass
32741651311121,RV32_ISS,22475440,22475440,ok,0,pass
32741652111113,RV32_ISS,23691455,23691455,ok,0,pass
32741653111112,RV32_ISS,23671829,23671829,ok,0,pass
32745611223332,RV32_ISS,20637958,20637958,ok,0,pass
32745612313322,RV32_ISS,24055177,24055177,ok,0,pass
32745612322331,RV32_ISS,20122833,20122833,ok,0,pass
32751643321232,RV32_ISS,24884127,24884127,ok,0,pass
32754163211123,RV32_ISS,21436918,21436918,ok,0,pass
32756141233121,RV32_ISS,25431649,25431649,ok,0,pass
32761452121313,RV32_ISS,23643109,23643109,ok,0,pass
32761452122222,RV32_ISS,25127806,25127806,ok,0,pass
32761452222212,RV32_ISS,23541491,23541491,ok,0,pass
32761453121312,RV32_ISS,32957587,32957587,ok,0,pass
32761453133333,RV32_ISS,24072971,24072971,ok,0,pass
32765411112221,RV32_ISS,23376344,23376344,ok,0,pass
32765411121113,RV32_ISS,21200143,21200143,ok,0,pass
32765411131112,RV32_ISS,20217267,20217267,ok,0,pass
32765411133113,RV32_ISS,22102993,22102993,ok,0,pass
32765411331113,RV32_ISS,22080460,22080460,ok,0,pass
32765412221312,RV32_ISS,21013119,21013119,ok,0,pass
32765412323222,RV32_ISS,21843704,21843704,ok,0,pass
32765413122212,RV32_ISS,20059580,20059580,ok,0,pass
32765413223312,RV32_ISS,19906415,19906415,ok,0,pass
32765413231223,RV32_ISS,23683983,23683983,ok,0,pass
32765413322312,RV32_ISS,19672560,19672560,ok,0,pass
34125672131213,RV32_ISS,22616025,22616025,ok,0,pass
34125672131312,RV32_ISS,25159307,25159307,ok,0,pass
34125672221222,RV32_ISS,23581484,23581484,ok,0,pass
34125673133333,RV32_ISS,25842361,25842361,ok,0,pass
34127651121113,RV32_ISS,21121564,21121564,ok,0,pass
34127651131112,RV32_ISS,20861112,20861112,ok,0,pass
34127651213111,RV32_ISS,21440059,21440059,ok,0,pass
34127651312111,RV32_ISS,22393748,22393748,ok,0,pass
34127652111311,RV32_ISS,21040970,21040970,ok,0,pass
34127653111211,RV32_ISS,21215570,21215570,ok,0,pass
34162752132212,RV32_ISS,43078608,43078608,ok,0,pass
34165271112212,RV32_ISS,25798151,25798151,ok,0,pass
34165271121311,RV32_ISS,23867558,23867558,ok,0,pass
34165271131211,RV32_ISS,22351411,22351411,ok,0,pass
34165271211131,RV32_ISS,27450777,27450777,ok,0,pass
34165271311121,RV32_ISS,20968840,20968840,ok,0,pass
34165271311133,RV32_ISS,23082908,23082908,ok,0,pass
34165272323333,RV32_ISS,21520406,21520406,ok,0,pass
34165273133312,RV32_ISS,26979872,26979872,ok,0,pass
34165273222322,RV32_ISS,19313653,19313653,ok,0,pass
34165273311131,RV32_ISS,21204577,21204577,ok,0,pass
34167252213323,RV32_ISS,24607059,24607059,ok,0,pass
34172562132332,RV32_ISS,24312307,24312307,ok,0,pass
34172562313331,RV32_ISS,26037977,26037977,ok,0,pass
34175263321232,RV32_ISS,25007221,25007221,ok,0,pass
34216572213122,RV32_ISS,33626263,33626263,ok,0,pass
34261572132131,RV32_ISS,18886626,18886626,ok,0,pass
34261572133121,RV32_ISS,19833631,19833631,ok,0,pass
34261573123121,RV32_ISS,20260884,20260884,ok,0,pass
34265712212132,RV32_ISS,31535617,31535617,ok,0,pass
34275161312213,RV32_ISS,23643531,23643531,ok,0,pass
34275162112322,RV32_ISS,22750815,22750815,ok,0,pass
34275162213221,RV32_ISS,25004193,25004193,ok,0,pass
34516271111111,RV32_ISS,24491419,24491419,ok,0,pass
34516272312332,RV32_ISS,26743203,26743203,ok,0,pass
34516722313223,RV32_ISS,29988903,29988903,ok,0,pass
34517622231323,RV32_ISS,25085280,25085280,ok,0,pass
34521672223232,RV32_ISS,23214660,23214660,ok,0,pass
34526713232312,RV32_ISS,21403986,21403986,ok,0,pass
34527612211322,RV32_ISS,35202499,35202499,ok,0,pass
34527612231122,RV32_ISS,34279140,34279140,ok,0,pass
34527612231332,RV32_ISS,37581103,37581103,ok,0,pass
34527612331322,RV32_ISS,34253413,34253413,ok,0,pass
34527613312133,RV32_ISS,34888574,34888574,ok,0,pass
34561272122123,RV32_ISS,32597038,32597038,ok,0,pass
34561272122321,RV32_ISS,34038153,34038153,ok,0,pass
34561272212213,RV32_ISS,41362201,41362201,ok,0,pass
34561272213122,RV32_ISS,33847862,33847862,ok,0,pass
34561272232211,RV32_ISS,39981990,39981990,ok,0,pass
34561273221233,RV32_ISS,32311227,32311227,ok,0,pass
34561273233131,RV32_ISS,32003679,32003679,ok,0,pass
34561273311233,RV32_ISS,33548709,33548709,ok,0,pass
34561273313321,RV32_ISS,38242460,38242460,ok,0,pass
34561273321133,RV32_ISS,34894457,34894457,ok,0,pass
34561273321223,RV32_ISS,32792438,32792438,ok,0,pass
34561721111111,RV32_ISS,26527184,26527184,ok,0,pass
34562171321111,RV32_ISS,21363422,21363422,ok,0,pass
34562171321231,RV32_ISS,20867343,20867343,ok,0,pass
34562172232313,RV32_ISS,27583279,27583279,ok,0,pass
34567212223232,RV32_ISS,27044138,27044138,ok,0,pass
34617252111212,RV32_ISS,29636698,29636698,ok,0,pass
34617252123212,RV32_ISS,29364019,29364019,ok,0,pass
34617252132212,RV32_ISS,31358251,31358251,ok,0,pass
34617522221333,RV32_ISS,27920610,27920610,ok,0,pass
34621572132131,RV32_ISS,22094160,22094160,ok,0,pass
34625172111212,RV32_ISS,31742091,31742091,ok,0,pass
34627512232313,RV32_ISS,22353638,22353638,ok,0,pass
34651271123111,RV32_ISS,21825047,21825047,ok,0,pass
34651272332132,RV32_ISS,20826090,20826090,ok,0,pass
34675212222122,RV32_ISS,32416790,32416790,ok,0,pass
34715262221123,RV32_ISS,31835642,31835642,ok,0,pass
34716522223211,RV32_ISS,28344395,28344395,ok,0,pass
34721652121313,RV32_ISS,30406534,30406534,ok,0,pass
34721652131213,RV32_ISS,27559827,27559827,ok,0,pass
34721652221222,RV32_ISS,30795886,30795886,ok,0,pass
34721652222212,RV32_ISS,28954350,28954350,ok,0,pass
34721653333313,RV32_ISS,27194856,27194856,ok,0,pass
34725611212211,RV32_ISS,24141818,24141818,ok,0,pass
34725612111113,RV32_ISS,20789000,20789000,ok,0,pass
34725612121322,RV32_ISS,24047321,24047321,ok,0,pass
34725612231212,RV32_ISS,24105476,24105476,ok,0,pass
34725612231332,RV32_ISS,21116755,21116755,ok,0,pass
34725612322232,RV32_ISS,22570809,22570809,ok,0,pass
34725612331322,RV32_ISS,22289693,22289693,ok,0,pass
34725613111112,RV32_ISS,22855264,22855264,ok,0,pass
34725613111133,RV32_ISS,22180024,22180024,ok,0,pass
34725613132223,RV32_ISS,22304711,22304711,ok,0,pass
34725613311113,RV32_ISS,22242472,22242472,ok,0,pass
34761252323222,RV32_ISS,21040241,21040241,ok,0,pass
35126741232212,RV32_ISS,26638468,26638468,ok,0,pass
35126742231233,RV32_ISS,26549503,26549503,ok,0,pass
35127462331331,RV32_ISS,27937969,27937969,ok,0,pass
35162472122231,RV32_ISS,21216933,21216933,ok,0,pass
35162472123233,RV32_ISS,27139191,27139191,ok,0,pass
35162473122221,RV32_ISS,20860552,20860552,ok,0,pass
35162473323131,RV32_ISS,21243748,21243748,ok,0,pass
35162473332122,RV32_ISS,23588641,23588641,ok,0,pass
35162473332131,RV32_ISS,21024932,21024932,ok,0,pass
35162742213323,RV32_ISS,27346661,27346661,ok,0,pass
35167242132212,RV32_ISS,26711815,26711815,ok,0,pass
35172461232323,RV32_ISS,25348564,25348564,ok,0,pass
35174262213131,RV32_ISS,31826166,31826166,ok,0,pass
35174262231113,RV32_ISS,28019338,28019338,ok,0,pass
35246171111111,RV32_ISS,23721467,23721467,ok,0,pass
35246171113322,RV32_ISS,20588760,20588760,ok,0,pass
35246172213311,RV32_ISS,22939296,22939296,ok,0,pass
35267141223233,RV32_ISS,19411542,19411542,ok,0,pass
35267141321132,RV32_ISS,40539914,40539914,ok,0,pass
35271461322233,RV32_ISS,21021836,21021836,ok,0,pass
35416721113112,RV32_ISS,21000540,21000540,ok,0,pass
35416723232213,RV32_ISS,28391628,28391628,ok,0,pass
35417622223133,RV32_ISS,30734443,30734443,ok,0,pass
35426712131132,RV32_ISS,23528519,23528519,ok,0,pass
35426712311312,RV32_ISS,20828281,20828281,ok,0,pass
35426713111313,RV32_ISS,24963709,24963709,ok,0,pass
35426713131113,RV32_ISS,22618903,22618903,ok,0,pass
35426713312211,RV32_ISS,23847105,23847105,ok,0,pass
35461271111231,RV32_ISS,24444087,24444087,ok,0,pass
35461271321231,RV32_ISS,20833981,20833981,ok,0,pass
35461272222323,RV32_ISS,21637183,21637183,ok,0,pass
35462171131313,RV32_ISS,23159988,23159988,ok,0,pass
35462171212121,RV32_ISS,24241747,24241747,ok,0,pass
35462171221223,RV32_ISS,19926732,19926732,ok,0,pass
35462171332331,RV32_ISS,22347352,22347352,ok,0,pass
35462172213311,RV32_ISS,23863157,23863157,ok,0,pass
35462172223331,RV32_ISS,21780186,21780186,ok,0,pass
35462172312131,RV32_ISS,21111300,21111300,ok,0,pass
35462173123211,RV32_ISS,22163657,22163657,ok,0,pass
35462173131311,RV32_ISS,24757731,24757731,ok,0,pass
35462173221221,RV32_ISS,23804805,23804805,ok,0,pass
35462712322322,RV32_ISS,26562085,26562085,ok,0,pass
35472163222313,RV32_ISS,21709548,21709548,ok,0,pass
35472163231322,RV32_ISS,24055842,24055842,ok,0,pass
35476122221111,RV32_ISS,24638330,24638330,ok,0,pass
35614722321233,RV32_ISS,25717716,25717716,ok,0,pass
35617423131332,RV32_ISS,23414576,23414576,ok,0,pass
35624712121232,RV32_ISS,33229529,33229529,ok,0,pass
35624712321212,RV32_ISS,38683777,38683777,ok,0,pass
35624712321332,RV32_ISS,32509521,32509521,ok,0,pass
35624712331232,RV32_ISS,32778418,32778418,ok,0,pass
35714623111322,RV32_ISS,28340539,28340539,ok,0,pass
35721642221213,RV32_ISS,43571707,43571707,ok,0,pass
35762142222113,RV32_ISS,26201527,26201527,ok,0,pass
36125471111333,RV32_ISS,22540318,22540318,ok,0,pass
36125471212112,RV32_ISS,31884747,31884747,ok,0,pass
36125471213111,RV32_ISS,20602468,20602468,ok,0,pass
36125471222111,RV32_ISS,32449999,32449999,ok,0,pass
36125471312111,RV32_ISS,21664791,21664791,ok,0,pass
36125472111311,RV32_ISS,20517076,20517076,ok,0,pass
36125472121223,RV32_ISS,19677673,19677673,ok,0,pass
36125473111211,RV32_ISS,22065493,22065493,ok,0,pass
36125473232222,RV32_ISS,24124592,24124592,ok,0,pass
36125473323233,RV32_ISS,23346331,23346331,ok,0,pass
36125743222331,RV32_ISS,37442306,37442306,ok,0,pass
36127451333222,RV32_ISS,20217492,20217492,ok,0,pass
36145272122222,RV32_ISS,27451551,27451551,ok,0,pass
36145272131213,RV32_ISS,35692626,35692626,ok,0,pass
36145272131312,RV32_ISS,24402969,24402969,ok,0,pass
36145273333313,RV32_ISS,28098035,28098035,ok,0,pass
36147251121311,RV32_ISS,23205081,23205081,ok,0,pass
36147251131211,RV32_ISS,24307561,24307561,ok,0,pass
36147251211131,RV32_ISS,25280717,25280717,ok,0,pass
36147251311121,RV32_ISS,21163859,21163859,ok,0,pass
36147252111113,RV32_ISS,27043239,27043239,ok,0,pass
36147253111112,RV32_ISS,22706278,22706278,ok,0,pass
36152741231312,RV32_ISS,29954028,29954028,ok,0,pass
36152742131321,RV32_ISS,26438979,26438979,ok,0,pass
36172452133133,RV32_ISS,31684388,31684388,ok,0,pass
36217452131333,RV32_ISS,30731056,30731056,ok,0,pass
36217541223311,RV32_ISS,18109458,18109458,ok,0,pass
36217543213112,RV32_ISS,19081743,19081743,ok,0,pass
36241573212332,RV32_ISS,19933163,19933163,ok,0,pass
36241753212311,RV32_ISS,23157327,23157327,ok,0,pass
36415272123212,RV32_ISS,28529654,28529654,ok,0,pass
36417522123311,RV32_ISS,25631725,25631725,ok,0,pass
36514272212111,RV32_ISS,35573380,35573380,ok,0,pass
36521472113321,RV32_ISS,25034704,25034704,ok,0,pass
36521472331121,RV32_ISS,21070027,21070027,ok,0,pass
36527411131133,RV32_ISS,21275317,21275317,ok,0,pass
36527412111113,RV32_ISS,20962716,20962716,ok,0,pass
36527412131222,RV32_ISS,24612504,24612504,ok,0,pass
36527412211322,RV32_ISS,24834152,24834152,ok,0,pass
36527412221312,RV32_ISS,21575529,21575529,ok,0,pass
36527412231122,RV32_ISS,21800272,21800272,ok,0,pass
36527412322232,RV32_ISS,22151745,22151745,ok,0,pass
36527413111112,RV32_ISS,22125059,22125059,ok,0,pass
36527413311311,RV32_ISS,20724173,20724173,ok,0,pass
36541272323222,RV32_ISS,20811609,20811609,ok,0,pass
36542712121322,RV32_ISS,32196165,32196165,ok,0,pass
36547212121313,RV32_ISS,27177347,27177347,ok,0,pass
36547212122222,RV32_ISS,28802472,28802472,ok,0,pass
36547212131312,RV32_ISS,28935683,28935683,ok,0,pass
36547212221222,RV32_ISS,27450079,27450079,ok,0,pass
36547213331333,RV32_ISS,24732767,24732767,ok,0,pass
36712542121112,RV32_ISS,33492337,33492337,ok,0,pass
36712542121121,RV32_ISS,31360618,31360618,ok,0,pass
36712542121211,RV32_ISS,36908945,36908945,ok,0,pass
36712542122111,RV32_ISS,33060044,33060044,ok,0,pass
36714252232223,RV32_ISS,21630606,21630606,ok,0,pass
36714521232113,RV32_ISS,29856076,29856076,ok,0,pass
36714522121322,RV32_ISS,29671888,29671888,ok,0,pass
36714522122213,RV32_ISS,24050664,24050664,ok,0,pass
36714523132223,RV32_ISS,24464193,24464193,ok,0,pass
36714523132322,RV32_ISS,23994050,23994050,ok,0,pass
36721451131331,RV32_ISS,21094713,21094713,ok,0,pass
36721452121322,RV32_ISS,24156171,24156171,ok,0,pass
36721452122123,RV32_ISS,20116071,20116071,ok,0,pass
36721452122213,RV32_ISS,24142590,24142590,ok,0,pass
36721452122321,RV32_ISS,22542449,22542449,ok,0,pass
36721452131111,RV32_ISS,22314002,22314002,ok,0,pass
36721452223232,RV32_ISS,21590774,21590774,ok,0,pass
36721453113113,RV32_ISS,23452908,23452908,ok,0,pass
36721453121111,RV32_ISS,28508644,28508644,ok,0,pass
36725411121212,RV32_ISS,35558588,35558588,ok,0,pass
36725411131313,RV32_ISS,35665242,35665242,ok,0,pass
36725411212121,RV32_ISS,35739069,35739069,ok,0,pass
36725411313131,RV32_ISS,35906299,35906299,ok,0,pass
36725412111212,RV32_ISS,38527966,38527966,ok,0,pass
36725412121112,RV32_ISS,35596223,35596223,ok,0,pass
36725412121211,RV32_ISS,36651342,36651342,ok,0,pass
36725412121232,RV32_ISS,35778462,35778462,ok,0,pass
36725412123212,RV32_ISS,37891798,37891798,ok,0,pass
36725412321212,RV32_ISS,37270709,37270709,ok,0,pass
36725413111313,RV32_ISS,41052879,41052879,ok,0,pass
36725413131113,RV32_ISS,36890871,36890871,ok,0,pass
36725413131311,RV32_ISS,43113428,43113428,ok,0,pass
36741252122123,RV32_ISS,36017170,36017170,ok,0,pass
36741252122321,RV32_ISS,33639824,33639824,ok,0,pass
36741252122333,RV32_ISS,32493213,32493213,ok,0,pass
36741252123323,RV32_ISS,34792201,34792201,ok,0,pass
36741253233131,RV32_ISS,34286515,34286515,ok,0,pass
36745211211221,RV32_ISS,19653837,19653837,ok,0,pass
36745212121223,RV32_ISS,20509600,20509600,ok,0,pass
36745212122312,RV32_ISS,25625517,25625517,ok,0,pass
36745212122333,RV32_ISS,21778207,21778207,ok,0,pass
36745212123323,RV32_ISS,24469475,24469475,ok,0,pass
36745212131111,RV32_ISS,20582363,20582363,ok,0,pass
36745212223232,RV32_ISS,21614777,21614777,ok,0,pass
36745213121111,RV32_ISS,26549361,26549361,ok,0,pass
36745213131131,RV32_ISS,20193301,20193301,ok,0,pass
36745213133111,RV32_ISS,22154367,22154367,ok,0,pass
36745213232213,RV32_ISS,21136990,21136990,ok,0,pass
36751243222322,RV32_ISS,22126579,22126579,ok,0,pass
36752142122132,RV32_ISS,23607710,23607710,ok,0,pass
36752142123221,RV32_ISS,22109034,22109034,ok,0,pass
36752143132232,RV32_ISS,19646720,19646720,ok,0,pass
36752143133222,RV32_ISS,23926496,23926496,ok,0,pass
36752143211132,RV32_ISS,22339454,22339454,ok,0,pass
36754123232222,RV32_ISS,38346919,38346919,ok,0,pass
37246511112233,RV32_ISS,27088182,27088182,ok,0,pass
37256142321233,RV32_ISS,25461983,25461983,ok,0,pass
37415622333221,RV32_ISS,28659003,28659003,ok,0,pass
37426513132313,RV32_ISS,32856953,32856953,ok,0,pass
37452162323312,RV32_ISS,23662468,23662468,ok,0,pass
37516422333311,RV32_ISS,22463890,22463890,ok,0,pass
37561241311112,RV32_ISS,21832548,21832548,ok,0,pass
37612453122233,RV32_ISS,22125072,22125072,ok,0,pass
37612542221111,RV32_ISS,25979805,25979805,ok,0,pass
37614252221123,RV32_ISS,28237978,28237978,ok,0,pass
37614521111111,RV32_ISS,29808162,29808162,ok,0,pass
37614521323232,RV32_ISS,19395153,19395153,ok,0,pass
37614522111221,RV32_ISS,21990069,21990069,ok,0,pass
37614522113321,RV32_ISS,24993323,24993323,ok,0,pass
37614522313322,RV32_ISS,26047794,26047794,ok,0,pass
37614522323312,RV32_ISS,21831756,21831756,ok,0,pass
37614523232213,RV32_ISS,24597805,24597805,ok,0,pass
37615421113322,RV32_ISS,27419069,27419069,ok,0,pass
37615422211133,RV32_ISS,27259812,27259812,ok,0,pass
37615422223133,RV32_ISS,27622665,27622665,ok,0,pass
37615422313121,RV32_ISS,25695914,25695914,ok,0,pass
37615422313331,RV32_ISS,27600732,27600732,ok,0,pass
37615423121132,RV32_ISS,29146228,29146228,ok,0,pass
37624152311213,RV32_ISS,28273770,28273770,ok,0,pass
37624511232233,RV32_ISS,25581463,25581463,ok,0,pass
37624512121322,RV32_ISS,29540752,29540752,ok,0,pass
37624512231212,RV32_ISS,22835446,22835446,ok,0,pass
37624513131323,RV32_ISS,24330302,24330302,ok,0,pass
37624513231313,RV32_ISS,23725435,23725435,ok,0,pass
37641252222323,RV32_ISS,25146361,25146361,ok,0,pass
37642152213311,RV32_ISS,29531993,29531993,ok,0,pass
37642513122221,RV32_ISS,25375107,25375107,ok,0,pass
37645122312221,RV32_ISS,21449746,21449746,ok,0,pass
37651242211133,RV32_ISS,30596797,30596797,ok,0,pass
37651422312311,RV32_ISS,28791653,28791653,ok,0,pass
37652141113232,RV32_ISS,20772483,20772483,ok,0,pass
37652143231322,RV32_ISS,23455236,23455236,ok,0,pass
37654212311222,RV32_ISS,27030851,27030851,ok,0,pass
41236753232321,RV32_ISS,22888173,22888173,ok,0,pass
41237561313131,RV32_ISS,32168097,32168097,ok,0,pass
41263751312222,RV32_ISS,34774307,34774307,ok,0,pass
41325671212211,RV32_ISS,23387954,23387954,ok,0,pass
41325762313223,RV32_ISS,21713425,21713425,ok,0,pass
41325763131233,RV32_ISS,20774096,20774096,ok,0,pass
41352671212112,RV32_ISS,32367948,32367948,ok,0,pass
41352671212121,RV32_ISS,33348303,33348303,ok,0,pass
41352671222111,RV32_ISS,33564416,33564416,ok,0,pass
41357622313112,RV32_ISS,18644705,18644705,ok,0,pass
41367253111133,RV32_ISS,30618652,30618652,ok,0,pass
41532672313211,RV32_ISS,41252939,41252939,ok,0,pass
41532761233133,RV32_ISS,27340231,27340231,ok,0,pass
41563273113311,RV32_ISS,24532927,24532927,ok,0,pass
41576322212222,RV32_ISS,30191671,30191671,ok,0,pass
41625372313211,RV32_ISS,65313899,65313899,ok,0,pass
41625373121213,RV32_ISS,22950876,22950876,ok,0,pass
41625731222231,RV32_ISS,26640877,26640877,ok,0,pass
41635721212121,RV32_ISS,39078197,39078197,ok,0,pass
41657321222312,RV32_ISS,24497892,24497892,ok,0,pass
41673252212222,RV32_ISS,31866005,31866005,ok,0,pass
41673521111111,RV32_ISS,26053302,26053302,ok,0,pass
41723562313211,RV32_ISS,24845950,24845950,ok,0,pass
41725361232113,RV32_ISS,28069804,28069804,ok,0,pass
41725361321213,RV32_ISS,33829972,33829972,ok,0,pass
41725362221213,RV32_ISS,28955876,28955876,ok,0,pass
41725362313211,RV32_ISS,31371719,31371719,ok,0,pass
41725362313223,RV32_ISS,31445378,31445378,ok,0,pass
41725363121222,RV32_ISS,26979089,26979089,ok,0,pass
41725363121231,RV32_ISS,25816565,25816565,ok,0,pass
41725631111111,RV32_ISS,31043769,31043769,ok,0,pass
41725631211122,RV32_ISS,24102543,24102543,ok,0,pass
41725632322331,RV32_ISS,21065472,21065472,ok,0,pass
41725633111133,RV32_ISS,22803962,22803962,ok,0,pass
41725633121123,RV32_ISS,21979017,21979017,ok,0,pass
41725633211111,RV32_ISS,25141849,25141849,ok,0,pass
41726352313322,RV32_ISS,23921106,23921106,ok,0,pass
41726532312233,RV32_ISS,29671582,29671582,ok,0,pass
41735261323313,RV32_ISS,29725759,29725759,ok,0,pass
41735262312233,RV32_ISS,27917689,27917689,ok,0,pass
41735263123223,RV32_ISS,22439290,22439290,ok,0,pass
41735621233232,RV32_ISS,23255707,23255707,ok,0,pass
41735622313322,RV32_ISS,27241396,27241396,ok,0,pass
41736521233232,RV32_ISS,27926400,27926400,ok,0,pass
41736522332231,RV32_ISS,21677665,21677665,ok,0,pass
41752631222123,RV32_ISS,20513469,20513469,ok,0,pass
41752632311123,RV32_ISS,22472281,22472281,ok,0,pass
41752632312323,RV32_ISS,20651386,20651386,ok,0,pass
41752632313211,RV32_ISS,77555523,77555523,ok,0,pass
41756231321213,RV32_ISS,32401713,32401713,ok,0,pass
41756233121231,RV32_ISS,25273417,25273417,ok,0,pass
41762532221333,RV32_ISS,28215332,28215332,ok,0,pass
41762533123331,RV32_ISS,25920575,25920575,ok,0,pass
41765231233232,RV32_ISS,23018159,23018159,ok,0,pass
41765322221312,RV32_ISS,20965438,20965438,ok,0,pass
41765322313211,RV32_ISS,45268114,45268114,ok,0,pass
41765323122212,RV32_ISS,22106404,22106404,ok,0,pass
42136752131312,RV32_ISS,30045012,30045012,ok,0,pass
42137561123333,RV32_ISS,28393689,28393689,ok,0,pass
42137653122131,RV32_ISS,21476945,21476945,ok,0,pass
42137653132121,RV32_ISS,18115758,18115758,ok,0,pass
42157633231322,RV32_ISS,28582065,28582065,ok,0,pass
42163751121212,RV32_ISS,33055019,33055019,ok,0,pass
42165373223123,RV32_ISS,17969891,17969891,ok,0,pass
42167532131333,RV32_ISS,30838250,30838250,ok,0,pass
42315673112111,RV32_ISS,19287158,19287158,ok,0,pass
42351671212211,RV32_ISS,27926601,27926601,ok,0,pass
42351763231133,RV32_ISS,40856765,40856765,ok,0,pass
42367153111121,RV32_ISS,19777157,19777157,ok,0,pass
42367153211123,RV32_ISS,21727053,21727053,ok,0,pass
42516372233111,RV32_ISS,27059061,27059061,ok,0,pass
42561733323122,RV32_ISS,19126768,19126768,ok,0,pass
42573612323231,RV32_ISS,23764251,23764251,ok,0,pass
42573613322231,RV32_ISS,22032511,22032511,ok,0,pass
42613572313211,RV32_ISS,24809740,24809740,ok,0,pass
42615371313332,RV32_ISS,39763502,39763502,ok,0,pass
42615372213311,RV32_ISS,31701332,31701332,ok,0,pass
42615372221213,RV32_ISS,28938784,28938784,ok,0,pass
42615372313211,RV32_ISS,32357460,32357460,ok,0,pass
42651372213311,RV32_ISS,21010172,21010172,ok,0,pass
42651733311122,RV32_ISS,26435325,26435325,ok,0,pass
42673512232133,RV32_ISS,29023977,29023977,ok,0,pass
42751632321233,RV32_ISS,28183796,28183796,ok,0,pass
42751632323231,RV32_ISS,22507068,22507068,ok,0,pass
43126572133313,RV32_ISS,30356852,30356852,ok,0,pass
43167251232212,RV32_ISS,25613488,25613488,ok,0,pass
43176252123131,RV32_ISS,21381051,21381051,ok,0,pass
43176252311132,RV32_ISS,22743606,22743606,ok,0,pass
43216573132121,RV32_ISS,18934922,18934922,ok,0,pass
43216573132223,RV32_ISS,21231881,21231881,ok,0,pass
43216573212311,RV32_ISS,20819356,20819356,ok,0,pass
43216573212332,RV32_ISS,29916130,29916130,ok,0,pass
43512671313332,RV32_ISS,23971773,23971773,ok,0,pass
43527612312323,RV32_ISS,20213681,20213681,ok,0,pass
43561271111111,RV32_ISS,22829553,22829553,ok,0,pass
43571262122222,RV32_ISS,29099492,29099492,ok,0,pass
43572161111111,RV32_ISS,27290203,27290203,ok,0,pass
43572612312323,RV32_ISS,23900925,23900925,ok,0,pass
43576211123222,RV32_ISS,25396125,25396125,ok,0,pass
43576212112232,RV32_ISS,31881644,31881644,ok,0,pass
43615271333312,RV32_ISS,21604999,21604999,ok,0,pass
43615272113321,RV32_ISS,24008001,24008001,ok,0,pass
43617521223221,RV32_ISS,31447528,31447528,ok,0,pass
43621752213323,RV32_ISS,31596030,31596030,ok,0,pass
43651722323132,RV32_ISS,22988201,22988201,ok,0,pass
43675122222122,RV32_ISS,35937278,35937278,ok,0,pass
43675211221331,RV32_ISS,24119840,24119840,ok,0,pass
43721653231313,RV32_ISS,27717089,27717089,ok,0,pass
43751623123313,RV32_ISS,28023051,28023051,ok,0,pass
43765212222122,RV32_ISS,35149192,35149192,ok,0,pass
45167323322231,RV32_ISS,23103528,23103528,ok,0,pass
45176231131313,RV32_ISS,49741453,49741453,ok,0,pass
45176231133113,RV32_ISS,49601070,49601070,ok,0,pass
45176231331113,RV32_ISS,48173376,48173376,ok,0,pass
45176233131113,RV32_ISS,51088911,51088911,ok,0,pass
45176321131133,RV32_ISS,42275595,42275595,ok,0,pass
45213672221123,RV32_ISS,26879080,26879080,ok,0,pass
45273162222122,RV32_ISS,31161485,31161485,ok,0,pass
45276131131133,RV32_ISS,36930493,36930493,ok,0,pass
45312671222312,RV32_ISS,20242559,20242559,ok,0,pass
45312672223331,RV32_ISS,22598146,22598146,ok,0,pass
45312672233321,RV32_ISS,21134605,21134605,ok,0,pass
45312672313211,RV32_ISS,66483098,66483098,ok,0,pass
45312673132313,RV32_ISS,36307307,36307307,ok,0,pass
45312673222112,RV32_ISS,20131204,20131204,ok,0,pass
45312673231313,RV32_ISS,35822048,35822048,ok,0,pass
45312761113211,RV32_ISS,23233789,23233789,ok,0,pass
45312761133311,RV32_ISS,22192674,22192674,ok,0,pass
45312762221111,RV32_ISS,27202619,27202619,ok,0,pass
45312762311111,RV32_ISS,22280691,22280691,ok,0,pass
45321671212211,RV32_ISS,24327519,24327519,ok,0,pass
45321671221121,RV32_ISS,24311308,24311308,ok,0,pass
45321673113311,RV32_ISS,40332333,40332333,ok,0,pass
45327612222323,RV32_ISS,25973904,25973904,ok,0,pass
45362712122222,RV32_ISS,30816238,30816238,ok,0,pass
45367122223133,RV32_ISS,26385631,26385631,ok,0,pass
45367211111132,RV32_ISS,23443236,23443236,ok,0,pass
45367211211122,RV32_ISS,24818154,24818154,ok,0,pass
45367213111133,RV32_ISS,25198913,25198913,ok,0,pass
45376121131133,RV32_ISS,39063141,39063141,ok,0,pass
45376121331311,RV32_ISS,28565878,28565878,ok,0,pass
45376211333123,RV32_ISS,23114716,23114716,ok,0,pass
45376213131323,RV32_ISS,36688632,36688632,ok,0,pass
45376213333322,RV32_ISS,21419737,21419737,ok,0,pass
45612371133221,RV32_ISS,24326826,24326826,ok,0,pass
45612372331121,RV32_ISS,20532850,20532850,ok,0,pass
45612373112231,RV32_ISS,21069664,21069664,ok,0,pass
45612373132121,RV32_ISS,20108657,20108657,ok,0,pass
45612373132223,RV32_ISS,22172164,22172164,ok,0,pass
45612373322111,RV32_ISS,19454789,19454789,ok,0,pass
45612373332122,RV32_ISS,20728221,20728221,ok,0,pass
45612373332221,RV32_ISS,20908267,20908267,ok,0,pass
45613271331221,RV32_ISS,23690653,23690653,ok,0,pass
45613272233111,RV32_ISS,29859275,29859275,ok,0,pass
45621373123331,RV32_ISS,26097470,26097470,ok,0,pass
45621373211111,RV32_ISS,32587377,32587377,ok,0,pass
45621732212123,RV32_ISS,27194397,27194397,ok,0,pass
45621732233333,RV32_ISS,26052771,26052771,ok,0,pass
45623712332123,RV32_ISS,19119590,19119590,ok,0,pass
45623713322321,RV32_ISS,18316131,18316131,ok,0,pass
45637123132121,RV32_ISS,21058231,21058231,ok,0,pass
45637123332122,RV32_ISS,18452887,18452887,ok,0,pass
45671231132231,RV32_ISS,18746484,18746484,ok,0,pass
45671233112132,RV32_ISS,20153400,20153400,ok,0,pass
45673212212132,RV32_ISS,24225892,24225892,ok,0,pass
45673213211222,RV32_ISS,24749170,24749170,ok,0,pass
45713623223132,RV32_ISS,19953825,19953825,ok,0,pass
45721363321313,RV32_ISS,23181839,23181839,ok,0,pass
45721363322231,RV32_ISS,22371350,22371350,ok,0,pass
45732612233321,RV32_ISS,20162110,20162110,ok,0,pass
45736121122211,RV32_ISS,32758148,32758148,ok,0,pass
46123571111111,RV32_ISS,24553790,24553790,ok,0,pass
46123573232123,RV32_ISS,30025689,30025689,ok,0,pass
46125731333123,RV32_ISS,24098313,24098313,ok,0,pass
46127351131313,RV32_ISS,30251625,30251625,ok,0,pass
46127352131333,RV32_ISS,34025545,34025545,ok,0,pass
46127353131323,RV32_ISS,36581790,36581790,ok,0,pass
46135272133313,RV32_ISS,28577610,28577610,ok,0,pass
46153273131131,RV32_ISS,34588219,34588219,ok,0,pass
46157233333232,RV32_ISS,21106783,21106783,ok,0,pass
46157321331233,RV32_ISS,25190412,25190412,ok,0,pass
46215372121223,RV32_ISS,22333154,22333154,ok,0,pass
46215372313211,RV32_ISS,38743178,38743178,ok,0,pass
46257132211133,RV32_ISS,27477989,27477989,ok,0,pass
46257313312211,RV32_ISS,42979232,42979232,ok,0,pass
46273512122312,RV32_ISS,22376791,22376791,ok,0,pass
46273513221212,RV32_ISS,21281469,21281469,ok,0,pass
46275311123222,RV32_ISS,26103713,26103713,ok,0,pass
46275312112232,RV32_ISS,32791074,32791074,ok,0,pass
46275312132212,RV32_ISS,28925016,28925016,ok,0,pass
46275312232133,RV32_ISS,25471706,25471706,ok,0,pass
46275312313211,RV32_ISS,31154558,31154558,ok,0,pass
46275313121222,RV32_ISS,26824120,26824120,ok,0,pass
46275313312211,RV32_ISS,30989226,30989226,ok,0,pass
46321752111131,RV32_ISS,23661766,23661766,ok,0,pass
46352171211233,RV32_ISS,19320164,19320164,ok,0,pass
46352172113231,RV32_ISS,17905195,17905195,ok,0,pass
46372511221331,RV32_ISS,26124301,26124301,ok,0,pass
46375211211332,RV32_ISS,19405015,19405015,ok,0,pass
46375212113111,RV32_ISS,21316769,21316769,ok,0,pass
46375212132131,RV32_ISS,19361114,19361114,ok,0,pass
46375212132221,RV32_ISS,21359282,21359282,ok,0,pass
46375212332222,RV32_ISS,20875933,20875933,ok,0,pass
46375213112111,RV32_ISS,26436082,26436082,ok,0,pass
46375213123121,RV32_ISS,24116144,24116144,ok,0,pass
46375213333121,RV32_ISS,19636301,19636301,ok,0,pass
46512371331221,RV32_ISS,25407274,25407274,ok,0,pass
46512372113321,RV32_ISS,27682139,27682139,ok,0,pass
46513272332111,RV32_ISS,20460517,20460517,ok,0,pass
46513273113221,RV32_ISS,20380024,20380024,ok,0,pass
46523711331332,RV32_ISS,24304654,24304654,ok,0,pass
46527133111121,RV32_ISS,19800930,19800930,ok,0,pass
46572311223122,RV32_ISS,25969027,25969027,ok,0,pass
46572312132122,RV32_ISS,21183458,21183458,ok,0,pass
46721533123313,RV32_ISS,27014146,27014146,ok,0,pass
47123562232133,RV32_ISS,29548780,29548780,ok,0,pass
47123651233232,RV32_ISS,21868762,21868762,ok,0,pass
47126351233232,RV32_ISS,29775842,29775842,ok,0,pass
47126532133133,RV32_ISS,24972004,24972004,ok,0,pass
47132562311111,RV32_ISS,23905864,23905864,ok,0,pass
47132563222331,RV32_ISS,31925562,31925562,ok,0,pass
47132652233321,RV32_ISS,23829655,23829655,ok,0,pass
47135622132332,RV32_ISS,22344145,22344145,ok,0,pass
47136252133112,RV32_ISS,31543694,31543694,ok,0,pass
47152361233232,RV32_ISS,19720471,19720471,ok,0,pass
47152631322131,RV32_ISS,25354406,25354406,ok,0,pass
47156231332313,RV32_ISS,25459746,25459746,ok,0,pass
47156233211132,RV32_ISS,24339911,24339911,ok,0,pass
47156233223312,RV32_ISS,21000115,21000115,ok,0,pass
47156233233113,RV32_ISS,24808980,24808980,ok,0,pass
47156233322312,RV32_ISS,20163556,20163556,ok,0,pass
47156321111111,RV32_ISS,25657722,25657722,ok,0,pass
47156321133311,RV32_ISS,25941865,25941865,ok,0,pass
47156322132311,RV32_ISS,21999475,21999475,ok,0,pass
47156322313232,RV32_ISS,20316478,20316478,ok,0,pass
47156322332132,RV32_ISS,18962891,18962891,ok,0,pass
47156322332312,RV32_ISS,19821603,19821603,ok,0,pass
47156323223123,RV32_ISS,21848927,21848927,ok,0,pass
47162351322122,RV32_ISS,22221136,22221136,ok,0,pass
47163522131222,RV32_ISS,21270898,21270898,ok,0,pass
47165321232113,RV32_ISS,28848535,28848535,ok,0,pass
47165321322131,RV32_ISS,41964022,41964022,ok,0,pass
47165322132212,RV32_ISS,28903159,28903159,ok,0,pass
47165322133112,RV32_ISS,32973572,32973572,ok,0,pass
47165322232133,RV32_ISS,24838065,24838065,ok,0,pass
47165322313211,RV32_ISS,32507022,32507022,ok,0,pass
47216352131333,RV32_ISS,34670499,34670499,ok,0,pass
47251363131113,RV32_ISS,33630032,33630032,ok,0,pass
47251632131312,RV32_ISS,28719715,28719715,ok,0,pass
47256133212311,RV32_ISS,21957682,21957682,ok,0,pass
47256133321232,RV32_ISS,21677850,21677850,ok,0,pass
47265312122222,RV32_ISS,23308058,23308058,ok,0,pass
47265312131312,RV32_ISS,24298605,24298605,ok,0,pass
47265312313211,RV32_ISS,65217919,65217919,ok,0,pass
47321651311133,RV32_ISS,24357676,24357676,ok,0,pass
47352612123131,RV32_ISS,20928384,20928384,ok,0,pass
47352612311132,RV32_ISS,21554976,21554976,ok,0,pass
47352612313211,RV32_ISS,40773013,40773013,ok,0,pass
47512632312323,RV32_ISS,20698644,20698644,ok,0,pass
47621532232331,RV32_ISS,18979589,18979589,ok,0,pass
47621533231121,RV32_ISS,19809547,19809547,ok,0,pass
47632152233321,RV32_ISS,20143423,20143423,ok,0,pass
47632153212311,RV32_ISS,24763590,24763590,ok,0,pass
47632153232321,RV32_ISS,22783179,22783179,ok,0,pass
47632513212332,RV32_ISS,31892256,31892256,ok,0,pass
47652132231323,RV32_ISS,24731253,24731253,ok,0,pass
47653213211231,RV32_ISS,30913972,30913972,ok,0,pass
47653213232111,RV32_ISS,18091962,18091962,ok,0,pass
51264731113322,RV32_ISS,20952315,20952315,ok,0,pass
51264732213311,RV32_ISS,19756099,19756099,ok,0,pass
51267342312233,RV32_ISS,34873510,34873510,ok,0,pass
51324671211122,RV32_ISS,22737417,22737417,ok,0,pass
51324672212111,RV32_ISS,29376658,29376658,ok,0,pass
51324673113311,RV32_ISS,34617591,34617591,ok,0,pass
51324761111123,RV32_ISS,25571191,25571191,ok,0,pass
51324763113332,RV32_ISS,24619846,24619846,ok,0,pass
51342672212111,RV32_ISS,28031773,28031773,ok,0,pass
51342763312223,RV32_ISS,49696885,49696885,ok,0,pass
51367241211113,RV32_ISS,20103868,20103868,ok,0,pass
51423671221331,RV32_ISS,21255274,21255274,ok,0,pass
51426731111111,RV32_ISS,25021321,25021321,ok,0,pass
51426733312211,RV32_ISS,22697667,22697667,ok,0,pass
51472361131313,RV32_ISS,30181561,30181561,ok,0,pass
51472633331312,RV32_ISS,28638750,28638750,ok,0,pass
51623471321111,RV32_ISS,18201122,18201122,ok,0,pass
51623743313321,RV32_ISS,26741455,26741455,ok,0,pass
51624731312123,RV32_ISS,25924373,25924373,ok,0,pass
51624733323113,RV32_ISS,28252422,28252422,ok,0,pass
51632741323232,RV32_ISS,20204671,20204671,ok,0,pass
51642371122313,RV32_ISS,27176866,27176866,ok,0,pass
51642731113322,RV32_ISS,29659209,29659209,ok,0,pass
51647231113232,RV32_ISS,19445002,19445002,ok,0,pass
51723643131311,RV32_ISS,28506346,28506346,ok,0,pass
51724362122222,RV32_ISS,24707787,24707787,ok,0,pass
51724363121213,RV32_ISS,24261402,24261402,ok,0,pass
51726433123313,RV32_ISS,28769728,28769728,ok,0,pass
51732643121213,RV32_ISS,30070919,30070919,ok,0,pass
51742632323231,RV32_ISS,23773966,23773966,ok,0,pass
51742632323333,RV32_ISS,25817117,25817117,ok,0,pass
52134761232113,RV32_ISS,22826858,22826858,ok,0,pass
52147631121311,RV32_ISS,23115869,23115869,ok,0,pass
52147631131211,RV32_ISS,24131668,24131668,ok,0,pass
52147631211131,RV32_ISS,20756932,20756932,ok,0,pass
52147631311121,RV32_ISS,21193096,21193096,ok,0,pass
52147632111113,RV32_ISS,22934317,22934317,ok,0,pass
52147633111112,RV32_ISS,29574632,29574632,ok,0,pass
52163471112122,RV32_ISS,24000323,24000323,ok,0,pass
52163471213111,RV32_ISS,20616545,20616545,ok,0,pass
52163471312111,RV32_ISS,20334821,20334821,ok,0,pass
52163471333123,RV32_ISS,18802663,18802663,ok,0,pass
52163472111311,RV32_ISS,20539248,20539248,ok,0,pass
52163472131222,RV32_ISS,20180725,20180725,ok,0,pass
52163473111211,RV32_ISS,21769955,21769955,ok,0,pass
52163473111331,RV32_ISS,21511718,21511718,ok,0,pass
52163473221323,RV32_ISS,20170047,20170047,ok,0,pass
52163473323332,RV32_ISS,34602587,34602587,ok,0,pass
52167342121232,RV32_ISS,28488012,28488012,ok,0,pass
52167432121313,RV32_ISS,25633979,25633979,ok,0,pass
52167432122222,RV32_ISS,31319153,31319153,ok,0,pass
52167432131213,RV32_ISS,27265814,27265814,ok,0,pass
52167433133333,RV32_ISS,30264581,30264581,ok,0,pass
52167433331333,RV32_ISS,25972039,25972039,ok,0,pass
52174633223123,RV32_ISS,26929594,26929594,ok,0,pass
52314673311311,RV32_ISS,42689512,42689512,ok,0,pass
52314761322122,RV32_ISS,24253613,24253613,ok,0,pass
52341671111111,RV32_ISS,67990243,67990243,ok,0,pass
52341671122211,RV32_ISS,24834958,24834958,ok,0,pass
52341671311313,RV32_ISS,20172066,20172066,ok,0,pass
52341672211112,RV32_ISS,25083185,25083185,ok,0,pass
52341672232313,RV32_ISS,23302668,23302668,ok,0,pass
52341672323222,RV32_ISS,25377862,25377862,ok,0,pass
52341672323312,RV32_ISS,33368018,33368018,ok,0,pass
52341673133111,RV32_ISS,21396698,21396698,ok,0,pass
52341673232213,RV32_ISS,22834915,22834915,ok,0,pass
52341673232333,RV32_ISS,20368033,20368033,ok,0,pass
52341673323212,RV32_ISS,32781614,32781614,ok,0,pass
52361472121313,RV32_ISS,31044187,31044187,ok,0,pass
52361472131312,RV32_ISS,25668483,25668483,ok,0,pass
52367142211121,RV32_ISS,26229857,26229857,ok,0,pass
52367412322232,RV32_ISS,22022399,22022399,ok,0,pass
52374161112323,RV32_ISS,22762799,22762799,ok,0,pass
52376413222223,RV32_ISS,24616080,24616080,ok,0,pass
52463173212332,RV32_ISS,29447047,29447047,ok,0,pass
52463713212332,RV32_ISS,29566908,29566908,ok,0,pass
52471631223113,RV32_ISS,22159725,22159725,ok,0,pass
52471631323112,RV32_ISS,22725043,22725043,ok,0,pass
52614372313211,RV32_ISS,36829569,36829569,ok,0,pass
52641733212311,RV32_ISS,21518565,21518565,ok,0,pass
52641733232321,RV32_ISS,21911467,21911467,ok,0,pass
52673413232123,RV32_ISS,20451902,20451902,ok,0,pass
52713461232323,RV32_ISS,20193614,20193614,ok,0,pass
52714361232113,RV32_ISS,33361645,33361645,ok,0,pass
52714633213223,RV32_ISS,21894262,21894262,ok,0,pass
52714633223123,RV32_ISS,21919168,21919168,ok,0,pass
52731641233112,RV32_ISS,19277994,19277994,ok,0,pass
52731641323112,RV32_ISS,18588889,18588889,ok,0,pass
52736141322233,RV32_ISS,21893625,21893625,ok,0,pass
52741362313211,RV32_ISS,25284206,25284206,ok,0,pass
52741362313223,RV32_ISS,28769704,28769704,ok,0,pass
52741632122333,RV32_ISS,32357201,32357201,ok,0,pass
52741632123323,RV32_ISS,39968544,39968544,ok,0,pass
52741632212213,RV32_ISS,33851297,33851297,ok,0,pass
52741632212231,RV32_ISS,35204638,35204638,ok,0,pass
52741632232211,RV32_ISS,32796615,32796615,ok,0,pass
52741633221233,RV32_ISS,32276683,32276683,ok,0,pass
52741633313312,RV32_ISS,31856081,31856081,ok,0,pass
52741633313321,RV32_ISS,34327779,34327779,ok,0,pass
52741633321223,RV32_ISS,37976455,37976455,ok,0,pass
52741633323311,RV32_ISS,33192641,33192641,ok,0,pass
52743611111213,RV32_ISS,22039392,22039392,ok,0,pass
52743611111312,RV32_ISS,27221254,27221254,ok,0,pass
52743611112131,RV32_ISS,22025238,22025238,ok,0,pass
52743611113121,RV32_ISS,27689714,27689714,ok,0,pass
52743612131111,RV32_ISS,20998738,20998738,ok,0,pass
52743613121111,RV32_ISS,25427905,25427905,ok,0,pass
52761431111213,RV32_ISS,21875771,21875771,ok,0,pass
52761431111312,RV32_ISS,22026261,22026261,ok,0,pass
52761431112131,RV32_ISS,22921823,22921823,ok,0,pass
52761431113121,RV32_ISS,23232452,23232452,ok,0,pass
52761432131111,RV32_ISS,22316572,22316572,ok,0,pass
52761433121111,RV32_ISS,21434334,21434334,ok,0,pass
52763143222331,RV32_ISS,33826028,33826028,ok,0,pass
52763411222312,RV32_ISS,44789136,44789136,ok,0,pass
52763411333123,RV32_ISS,30486514,30486514,ok,0,pass
52763413222112,RV32_ISS,46322761,46322761,ok,0,pass
52763413223312,RV32_ISS,46201641,46201641,ok,0,pass
52763413322312,RV32_ISS,44840010,44840010,ok,0,pass
53126471231231,RV32_ISS,27331356,27331356,ok,0,pass
53126471231321,RV32_ISS,21845220,21845220,ok,0,pass
53126471321321,RV32_ISS,23374670,23374670,ok,0,pass
53146272123233,RV32_ISS,30899076,30899076,ok,0,pass
53147262123131,RV32_ISS,21511486,21511486,ok,0,pass
53162743312223,RV32_ISS,50359868,50359868,ok,0,pass
53274163211222,RV32_ISS,27991587,27991587,ok,0,pass
53421671321111,RV32_ISS,28750539,28750539,ok,0,pass
53421671321231,RV32_ISS,19162740,19162740,ok,0,pass
53426171112233,RV32_ISS,22174405,22174405,ok,0,pass
53462711113322,RV32_ISS,28897385,28897385,ok,0,pass
53467211321111,RV32_ISS,18286899,18286899,ok,0,pass
53476121323112,RV32_ISS,23873353,23873353,ok,0,pass
53476121323322,RV32_ISS,24586107,24586107,ok,0,pass
53614721212121,RV32_ISS,30447440,30447440,ok,0,pass
53621471331221,RV32_ISS,20006311,20006311,ok,0,pass
53642171111111,RV32_ISS,24686506,24686506,ok,0,pass
53672142221213,RV32_ISS,41230765,41230765,ok,0,pass
53714622233111,RV32_ISS,33915441,33915441,ok,0,pass
53721463223312,RV32_ISS,25233847,25233847,ok,0,pass
53724612121112,RV32_ISS,29992173,29992173,ok,0,pass
53726143333121,RV32_ISS,21567215,21567215,ok,0,pass
53741621323112,RV32_ISS,22152823,22152823,ok,0,pass
53741621332112,RV32_ISS,22843231,22843231,ok,0,pass
53742612323333,RV32_ISS,26221995,26221995,ok,0,pass
53761242121211,RV32_ISS,29732192,29732192,ok,0,pass
53761242221213,RV32_ISS,31484131,31484131,ok,0,pass
53761242321212,RV32_ISS,29507468,29507468,ok,0,pass
53762143222331,RV32_ISS,25160014,25160014,ok,0,pass
53762413322123,RV32_ISS,27582631,27582631,ok,0,pass
54123673233323,RV32_ISS,24056906,24056906,ok,0,pass
54126371331221,RV32_ISS,20338057,20338057,ok,0,pass
54127632131213,RV32_ISS,29286443,29286443,ok,0,pass
54127632222212,RV32_ISS,27784773,27784773,ok,0,pass
54127633131212,RV32_ISS,29257620,29257620,ok,0,pass
54127633133333,RV32_ISS,30660232,30660232,ok,0,pass
54127633333313,RV32_ISS,28504850,28504850,ok,0,pass
54163271133221,RV32_ISS,22560242,22560242,ok,0,pass
54163272233111,RV32_ISS,29382527,29382527,ok,0,pass
54167231121113,RV32_ISS,20460839,20460839,ok,0,pass
54167231131112,RV32_ISS,20757675,20757675,ok,0,pass
54167231221211,RV32_ISS,22134458,22134458,ok,0,pass
54167231333213,RV32_ISS,20493499,20493499,ok,0,pass
54167232112112,RV32_ISS,21999315,21999315,ok,0,pass
54167232133313,RV32_ISS,23335030,23335030,ok,0,pass
54167232333113,RV32_ISS,20368461,20368461,ok,0,pass
54167233232333,RV32_ISS,26283252,26283252,ok,0,pass
54167233331213,RV32_ISS,23196346,23196346,ok,0,pass
54172633132313,RV32_ISS,28659338,28659338,ok,0,pass
54217362233213,RV32_ISS,47252808,47252808,ok,0,pass
54217632132212,RV32_ISS,42265105,42265105,ok,0,pass
54231671123111,RV32_ISS,21946822,21946822,ok,0,pass
54231673123121,RV32_ISS,19214738,19214738,ok,0,pass
54261373123121,RV32_ISS,20848571,20848571,ok,0,pass
54261732231233,RV32_ISS,25777596,25777596,ok,0,pass
54276132233312,RV32_ISS,25093976,25093976,ok,0,pass
54312671131331,RV32_ISS,21582507,21582507,ok,0,pass
54312672212111,RV32_ISS,23615680,23615680,ok,0,pass
54312673311311,RV32_ISS,40151882,40151882,ok,0,pass
54317261113112,RV32_ISS,19309363,19309363,ok,0,pass
54317621111222,RV32_ISS,25303038,25303038,ok,0,pass
54321672212213,RV32_ISS,34215141,34215141,ok,0,pass
54321672212231,RV32_ISS,32046729,32046729,ok,0,pass
54321672232211,RV32_ISS,33482001,33482001,ok,0,pass
54321673313312,RV32_ISS,48537260,48537260,ok,0,pass
54321673313321,RV32_ISS,49857649,49857649,ok,0,pass
54321673323311,RV32_ISS,49706139,49706139,ok,0,pass
54321761211221,RV32_ISS,20944282,20944282,ok,0,pass
54321763113113,RV32_ISS,28325111,28325111,ok,0,pass
54326171111231,RV32_ISS,28493597,28493597,ok,0,pass
54326171112233,RV32_ISS,20213062,20213062,ok,0,pass
54326171321231,RV32_ISS,20542940,20542940,ok,0,pass
54326711112212,RV32_ISS,26200014,26200014,ok,0,pass
54327612223232,RV32_ISS,22902573,22902573,ok,0,pass
54361272223232,RV32_ISS,23353174,23353174,ok,0,pass
54362171113133,RV32_ISS,24322697,24322697,ok,0,pass
54362711111231,RV32_ISS,19463063,19463063,ok,0,pass
54362711323112,RV32_ISS,23759126,23759126,ok,0,pass
54367121112212,RV32_ISS,28893484,28893484,ok,0,pass
54367121113211,RV32_ISS,23832692,23832692,ok,0,pass
54367121113331,RV32_ISS,32938839,32938839,ok,0,pass
54367122211121,RV32_ISS,26421472,26421472,ok,0,pass
54367122311111,RV32_ISS,23862362,23862362,ok,0,pass
54367123311113,RV32_ISS,23776441,23776441,ok,0,pass
54367211132222,RV32_ISS,32243459,32243459,ok,0,pass
54367211213333,RV32_ISS,40294467,40294467,ok,0,pass
54367211222132,RV32_ISS,32885577,32885577,ok,0,pass
54367211333213,RV32_ISS,35013189,35013189,ok,0,pass
54367212211322,RV32_ISS,40042016,40042016,ok,0,pass
54367212231122,RV32_ISS,34104641,34104641,ok,0,pass
54367212233213,RV32_ISS,32787063,32787063,ok,0,pass
54367212332213,RV32_ISS,33681383,33681383,ok,0,pass
54367212333113,RV32_ISS,35319303,35319303,ok,0,pass
54367213112222,RV32_ISS,38009435,38009435,ok,0,pass
54367213312133,RV32_ISS,37234024,37234024,ok,0,pass
54371261113331,RV32_ISS,24889021,24889021,ok,0,pass
54371621113112,RV32_ISS,29172964,29172964,ok,0,pass
54371621113322,RV32_ISS,20013440,20013440,ok,0,pass
54376121322233,RV32_ISS,23358715,23358715,ok,0,pass
54376211111132,RV32_ISS,24001924,24001924,ok,0,pass
54376211111222,RV32_ISS,22138482,22138482,ok,0,pass
54376211113133,RV32_ISS,25035183,25035183,ok,0,pass
54612371112311,RV32_ISS,35510251,35510251,ok,0,pass
54612372222131,RV32_ISS,26171837,26171837,ok,0,pass
54612732112223,RV32_ISS,24743912,24743912,ok,0,pass
54612733322213,RV32_ISS,25066977,25066977,ok,0,pass
54621371133311,RV32_ISS,23098490,23098490,ok,0,pass
54621372211121,RV32_ISS,25270593,25270593,ok,0,pass
54637211132111,RV32_ISS,19522626,19522626,ok,0,pass
54671232221213,RV32_ISS,26590326,26590326,ok,0,pass
54712361323313,RV32_ISS,25221853,25221853,ok,0,pass
54712362223322,RV32_ISS,26479713,26479713,ok,0,pass
54716232222113,RV32_ISS,26190610,26190610,ok,0,pass
54716321112323,RV32_ISS,25360312,25360312,ok,0,pass
54716322313223,RV32_ISS,20936471,20936471,ok,0,pass
54721631111111,RV32_ISS,80880668,80880668,ok,0,pass
54721631122121,RV32_ISS,23696135,23696135,ok,0,pass
54721631311133,RV32_ISS,22485951,22485951,ok,0,pass
54721632133232,RV32_ISS,21914117,21914117,ok,0,pass
54721632212222,RV32_ISS,23387164,23387164,ok,0,pass
54721632212231,RV32_ISS,20385327,20385327,ok,0,pass
54721633231322,RV32_ISS,21756204,21756204,ok,0,pass
54721633313321,RV32_ISS,23383284,23383284,ok,0,pass
54721633333331,RV32_ISS,20549147,20549147,ok,0,pass
54723612131312,RV32_ISS,31647196,31647196,ok,0,pass
54723612221222,RV32_ISS,25894126,25894126,ok,0,pass
54723612222212,RV32_ISS,26514686,26514686,ok,0,pass
54723613121312,RV32_ISS,29105273,29105273,ok,0,pass
54723613333313,RV32_ISS,29392588,29392588,ok,0,pass
54761233322321,RV32_ISS,22613717,22613717,ok,0,pass
54763212322232,RV32_ISS,21505379,21505379,ok,0,pass
56123471222312,RV32_ISS,31391073,31391073,ok,0,pass
56123471223221,RV32_ISS,29798591,29798591,ok,0,pass
56123471331332,RV32_ISS,38154486,38154486,ok,0,pass
56123471333123,RV32_ISS,32770938,32770938,ok,0,pass
56123472322121,RV32_ISS,31512835,31512835,ok,0,pass
56123472331331,RV32_ISS,29567031,29567031,ok,0,pass
56123473133132,RV32_ISS,34821670,34821670,ok,0,pass
56123473133231,RV32_ISS,29306327,29306327,ok,0,pass
56123473222112,RV32_ISS,30289479,30289479,ok,0,pass
56123473223312,RV32_ISS,30215633,30215633,ok,0,pass
56123473322312,RV32_ISS,31326386,31326386,ok,0,pass
56124371111231,RV32_ISS,18987410,18987410,ok,0,pass
56124371232323,RV32_ISS,26096290,26096290,ok,0,pass
56127433332323,RV32_ISS,23283063,23283063,ok,0,pass
56132472333332,RV32_ISS,23659478,23659478,ok,0,pass
56132473211111,RV32_ISS,22958661,22958661,ok,0,pass
56132473213211,RV32_ISS,22957671,22957671,ok,0,pass
56143273332323,RV32_ISS,28736307,28736307,ok,0,pass
56147231222132,RV32_ISS,50845317,50845317,ok,0,pass
56147231333213,RV32_ISS,31576240,31576240,ok,0,pass
56147232233213,RV32_ISS,32903964,32903964,ok,0,pass
56147232332213,RV32_ISS,34014329,34014329,ok,0,pass
56147232333113,RV32_ISS,32941738,32941738,ok,0,pass
56147322333233,RV32_ISS,29461361,29461361,ok,0,pass
56173421113112,RV32_ISS,19260801,19260801,ok,0,pass
56174232323333,RV32_ISS,26015918,26015918,ok,0,pass
56174321232113,RV32_ISS,31953754,31953754,ok,0,pass
56213471111111,RV32_ISS,26408343,26408343,ok,0,pass
56213743313333,RV32_ISS,30960114,30960114,ok,0,pass
56243173133111,RV32_ISS,28207163,28207163,ok,0,pass
56243713121333,RV32_ISS,28880451,28880451,ok,0,pass
56247132333233,RV32_ISS,23765387,23765387,ok,0,pass
56271433111313,RV32_ISS,31695076,31695076,ok,0,pass
56271433123313,RV32_ISS,30908744,30908744,ok,0,pass
56271433132313,RV32_ISS,32507576,32507576,ok,0,pass
56274132331133,RV32_ISS,25213265,25213265,ok,0,pass
56274312313211,RV32_ISS,36967221,36967221,ok,0,pass
56321473233323,RV32_ISS,21071440,21071440,ok,0,pass
56321742211112,RV32_ISS,31411195,31411195,ok,0,pass
56324171221331,RV32_ISS,20611679,20611679,ok,0,pass
56327411211332,RV32_ISS,20787945,20787945,ok,0,pass
56327413213112,RV32_ISS,20542403,20542403,ok,0,pass
56341273121213,RV32_ISS,30115938,30115938,ok,0,pass
56341273131212,RV32_ISS,27009129,27009129,ok,0,pass
56347122333233,RV32_ISS,27041198,27041198,ok,0,pass
56347211213111,RV32_ISS,21294096,21294096,ok,0,pass
56347211222132,RV32_ISS,21764826,21764826,ok,0,pass
56347211312111,RV32_ISS,20171072,20171072,ok,0,pass
56347211331131,RV32_ISS,19608223,19608223,ok,0,pass
56347212111221,RV32_ISS,35448033,35448033,ok,0,pass
56347212111311,RV32_ISS,26781371,26781371,ok,0,pass
56347212123233,RV32_ISS,24602231,24602231,ok,0,pass
56347212232223,RV32_ISS,23654550,23654550,ok,0,pass
56347213111211,RV32_ISS,25656073,25656073,ok,0,pass
56347213131332,RV32_ISS,22500765,22500765,ok,0,pass
56423171231231,RV32_ISS,18916170,18916170,ok,0,pass
56423171231321,RV32_ISS,23104704,23104704,ok,0,pass
56423171321321,RV32_ISS,20828152,20828152,ok,0,pass
56423172112121,RV32_ISS,23754312,23754312,ok,0,pass
56423173132121,RV32_ISS,21457893,21457893,ok,0,pass
56423173133111,RV32_ISS,23523165,23523165,ok,0,pass
56432713122122,RV32_ISS,24640911,24640911,ok,0,pass
56712341232113,RV32_ISS,21549676,21549676,ok,0,pass
56712343211123,RV32_ISS,23651328,23651328,ok,0,pass
56721343123331,RV32_ISS,25429998,25429998,ok,0,pass
56721432312233,RV32_ISS,29622600,29622600,ok,0,pass
56723411113313,RV32_ISS,21897391,21897391,ok,0,pass
56723411121113,RV32_ISS,22264413,22264413,ok,0,pass
56723411131112,RV32_ISS,20427058,20427058,ok,0,pass
56723411222312,RV32_ISS,19991774,19991774,ok,0,pass
56723412122312,RV32_ISS,19616227,19616227,ok,0,pass
56723412323222,RV32_ISS,21464554,21464554,ok,0,pass
56723413221212,RV32_ISS,20687821,20687821,ok,0,pass
56723413222112,RV32_ISS,20354809,20354809,ok,0,pass
56723413331111,RV32_ISS,20719691,20719691,ok,0,pass
56732143122113,RV32_ISS,28552487,28552487,ok,0,pass
56741231121311,RV32_ISS,21569793,21569793,ok,0,pass
56741231131211,RV32_ISS,27976543,27976543,ok,0,pass
56741231211131,RV32_ISS,27154994,27154994,ok,0,pass
56741231311121,RV32_ISS,20786193,20786193,ok,0,pass
56741232111113,RV32_ISS,23794899,23794899,ok,0,pass
56741233111112,RV32_ISS,23519889,23519889,ok,0,pass
56743212122222,RV32_ISS,25982105,25982105,ok,0,pass
56743212221222,RV32_ISS,30802005,30802005,ok,0,pass
56743213121213,RV32_ISS,32121414,32121414,ok,0,pass
56743213121312,RV32_ISS,27920871,27920871,ok,0,pass
56743213331333,RV32_ISS,30338218,30338218,ok,0,pass
57123461111111,RV32_ISS,25071556,25071556,ok,0,pass
57164322131312,RV32_ISS,23361618,23361618,ok,0,pass
57214361323232,RV32_ISS,19395624,19395624,ok,0,pass
57214632212213,RV32_ISS,41983752,41983752,ok,0,pass
57236141113232,RV32_ISS,21163828,21163828,ok,0,pass
57236141322233,RV32_ISS,20554322,20554322,ok,0,pass
57236141323232,RV32_ISS,30048863,30048863,ok,0,pass
57241631322113,RV32_ISS,18676903,18676903,ok,0,pass
57241631323112,RV32_ISS,18099563,18099563,ok,0,pass
57246131112233,RV32_ISS,23408686,23408686,ok,0,pass
57264132111323,RV32_ISS,26099358,26099358,ok,0,pass
57321641311112,RV32_ISS,21689292,21689292,ok,0,pass
57321642311132,RV32_ISS,21782872,21782872,ok,0,pass
57364212213311,RV32_ISS,29425014,29425014,ok,0,pass
57364212313211,RV32_ISS,24868766,24868766,ok,0,pass
57364213332122,RV32_ISS,19475037,19475037,ok,0,pass
57642311113322,RV32_ISS,21739549,21739549,ok,0,pass
61234572231323,RV32_ISS,23930922,23930922,ok,0,pass
61234573232213,RV32_ISS,21562198,21562198,ok,0,pass
61235741313131,RV32_ISS,37760766,37760766,ok,0,pass
61257343232123,RV32_ISS,21468662,21468662,ok,0,pass
61274351313131,RV32_ISS,28652884,28652884,ok,0,pass
61274532231323,RV32_ISS,23574456,23574456,ok,0,pass
61352472233321,RV32_ISS,20131209,20131209,ok,0,pass
61352472313211,RV32_ISS,39860986,39860986,ok,0,pass
61452731311313,RV32_ISS,29428611,29428611,ok,0,pass
61453721111111,RV32_ISS,25832000,25832000,ok,0,pass
61453721311112,RV32_ISS,20799691,20799691,ok,0,pass
61453723111121,RV32_ISS,20538833,20538833,ok,0,pass
61472532123332,RV32_ISS,22994276,22994276,ok,0,pass
61472533112111,RV32_ISS,19462059,19462059,ok,0,pass
61527431111111,RV32_ISS,26982602,26982602,ok,0,pass
61534272311132,RV32_ISS,26828693,26828693,ok,0,pass
61534721112311,RV32_ISS,23164810,23164810,ok,0,pass
61534721113211,RV32_ISS,21841861,21841861,ok,0,pass
61543271111111,RV32_ISS,28325429,28325429,ok,0,pass
61543271112311,RV32_ISS,23946072,23946072,ok,0,pass
61572432312323,RV32_ISS,21883063,21883063,ok,0,pass
61734523222331,RV32_ISS,29783966,29783966,ok,0,pass
62134572321323,RV32_ISS,28485089,28485089,ok,0,pass
62135471122121,RV32_ISS,23430763,23430763,ok,0,pass
62135472132131,RV32_ISS,20191387,20191387,ok,0,pass
62135473122131,RV32_ISS,19514346,19514346,ok,0,pass
62135473123121,RV32_ISS,25481045,25481045,ok,0,pass
62135473131131,RV32_ISS,23409835,23409835,ok,0,pass
62135473132121,RV32_ISS,22895237,22895237,ok,0,pass
62135473232231,RV32_ISS,21546841,21546841,ok,0,pass
62135473322321,RV32_ISS,22975714,22975714,ok,0,pass
62135743222331,RV32_ISS,23780763,23780763,ok,0,pass
62135743312223,RV32_ISS,39805337,39805337,ok,0,pass
62147353123121,RV32_ISS,21929589,21929589,ok,0,pass
62147353132121,RV32_ISS,18550652,18550652,ok,0,pass
62154733321121,RV32_ISS,19598566,19598566,ok,0,pass
62157342132212,RV32_ISS,27822839,27822839,ok,0,pass
62173543232132,RV32_ISS,21606640,21606640,ok,0,pass
62174351122133,RV32_ISS,30118385,30118385,ok,0,pass
62174533311212,RV32_ISS,27225326,27225326,ok,0,pass
62317453112111,RV32_ISS,19070702,19070702,ok,0,pass
62317453312211,RV32_ISS,30715398,30715398,ok,0,pass
62351743112123,RV32_ISS,35249246,35249246,ok,0,pass
62371453311311,RV32_ISS,26432403,26432403,ok,0,pass
62374511322311,RV32_ISS,18656482,18656482,ok,0,pass
62374513112321,RV32_ISS,21967212,21967212,ok,0,pass
62374513312112,RV32_ISS,17826898,17826898,ok,0,pass
62435172211133,RV32_ISS,32072151,32072151,ok,0,pass
62435172311132,RV32_ISS,34450142,34450142,ok,0,pass
62435711222222,RV32_ISS,21568184,21568184,ok,0,pass
62453713311122,RV32_ISS,27198680,27198680,ok,0,pass
62471532232133,RV32_ISS,22508720,22508720,ok,0,pass
62475131322323,RV32_ISS,21706251,21706251,ok,0,pass
62531472321233,RV32_ISS,23939636,23939636,ok,0,pass
62543711211113,RV32_ISS,23460619,23460619,ok,0,pass
62543711311112,RV32_ISS,19807068,19807068,ok,0,pass
62571432321233,RV32_ISS,29355489,29355489,ok,0,pass
62735143223213,RV32_ISS,26294919,26294919,ok,0,pass
63125741112323,RV32_ISS,39764775,39764775,ok,0,pass
63125743131233,RV32_ISS,21129886,21129886,ok,0,pass
63125743133312,RV32_ISS,22385328,22385328,ok,0,pass
63142571111111,RV32_ISS,24468339,24468339,ok,0,pass
63142571132321,RV32_ISS,33992548,33992548,ok,0,pass
63142573112123,RV32_ISS,33031205,33031205,ok,0,pass
63172452312323,RV32_ISS,19707179,19707179,ok,0,pass
63172452313211,RV32_ISS,40551519,40551519,ok,0,pass
63174522332132,RV32_ISS,21474482,21474482,ok,0,pass
63247511123132,RV32_ISS,20176165,20176165,ok,0,pass
63251743133231,RV32_ISS,30376885,30376885,ok,0,pass
63452711311313,RV32_ISS,23379168,23379168,ok,0,pass
63452712333221,RV32_ISS,22043770,22043770,ok,0,pass
63471522123131,RV32_ISS,24833730,24833730,ok,0,pass
63471522323132,RV32_ISS,27220295,27220295,ok,0,pass
63471522332132,RV32_ISS,22223739,22223739,ok,0,pass
63472512123332,RV32_ISS,24464415,24464415,ok,0,pass
63512743313333,RV32_ISS,31613377,31613377,ok,0,pass
63541271212211,RV32_ISS,37318732,37318732,ok,0,pass
63542713121333,RV32_ISS,34693030,34693030,ok,0,pass
63574212123131,RV32_ISS,21348630,21348630,ok,0,pass
63574212313211,RV32_ISS,34589502,34589502,ok,0,pass
63712542221111,RV32_ISS,22980684,22980684,ok,0,pass
63714252123131,RV32_ISS,26802090,26802090,ok,0,pass
63714521112323,RV32_ISS,25998885,25998885,ok,0,pass
63714522332132,RV32_ISS,19649790,19649790,ok,0,pass
63721541233322,RV32_ISS,22375910,22375910,ok,0,pass
63724153121213,RV32_ISS,30982554,30982554,ok,0,pass
63725141112323,RV32_ISS,38246040,38246040,ok,0,pass
63725141233121,RV32_ISS,25896957,25896957,ok,0,pass
63725142123131,RV32_ISS,35016744,35016744,ok,0,pass
63725142223133,RV32_ISS,31653762,31653762,ok,0,pass
63725143122113,RV32_ISS,29086181,29086181,ok,0,pass
63725143123313,RV32_ISS,40897561,40897561,ok,0,pass
63741252222323,RV32_ISS,24273480,24273480,ok,0,pass
63741522123131,RV32_ISS,25068187,25068187,ok,0,pass
63742511232221,RV32_ISS,24790415,24790415,ok,0,pass
63745123122212,RV32_ISS,21215754,21215754,ok,0,pass
63751242221321,RV32_ISS,29601100,29601100,ok,0,pass
63751423122311,RV32_ISS,26126233,26126233,ok,0,pass
63752141111111,RV32_ISS,31817259,31817259,ok,0,pass
63752141122211,RV32_ISS,26767727,26767727,ok,0,pass
63752141123213,RV32_ISS,20943394,20943394,ok,0,pass
63752142332132,RV32_ISS,19332920,19332920,ok,0,pass
63752143123223,RV32_ISS,20254634,20254634,ok,0,pass
63752143212323,RV32_ISS,19847034,19847034,ok,0,pass
63752143223123,RV32_ISS,23287377,23287377,ok,0,pass
63752411223212,RV32_ISS,20352834,20352834,ok,0,pass
63752411333213,RV32_ISS,34302728,34302728,ok,0,pass
63752412312323,RV32_ISS,26541322,26541322,ok,0,pass
63752412322112,RV32_ISS,21302402,21302402,ok,0,pass
63752412333113,RV32_ISS,34208707,34208707,ok,0,pass
63754213122122,RV32_ISS,22255309,22255309,ok,0,pass
64125371131313,RV32_ISS,34969099,34969099,ok,0,pass
64157321133212,RV32_ISS,46426276,46426276,ok,0,pass
64231572311132,RV32_ISS,25599325,25599325,ok,0,pass
64257131113223,RV32_ISS,22680942,22680942,ok,0,pass
64271533221212,RV32_ISS,24120374,24120374,ok,0,pass
64275131212223,RV32_ISS,27219202,27219202,ok,0,pass
64275131312123,RV32_ISS,26280700,26280700,ok,0,pass
64275132211133,RV32_ISS,32492520,32492520,ok,0,pass
64275132232133,RV32_ISS,31451241,31451241,ok,0,pass
64275133231112,RV32_ISS,29759972,29759972,ok,0,pass
64275133312211,RV32_ISS,25028385,25028385,ok,0,pass
64275311112332,RV32_ISS,24017909,24017909,ok,0,pass
64275311222222,RV32_ISS,20810241,20810241,ok,0,pass
64275313312211,RV32_ISS,22197082,22197082,ok,0,pass
64321572111131,RV32_ISS,26687558,26687558,ok,0,pass
64321572132131,RV32_ISS,22171375,22171375,ok,0,pass
64321572311132,RV32_ISS,24875943,24875943,ok,0,pass
64325713121222,RV32_ISS,44261261,44261261,ok,0,pass
64351272132131,RV32_ISS,22222264,22222264,ok,0,pass
64357212313211,RV32_ISS,25557389,25557389,ok,0,pass
64357213231322,RV32_ISS,30890406,30890406,ok,0,pass
64357213312211,RV32_ISS,28229893,28229893,ok,0,pass
64531271212211,RV32_ISS,36091472,36091472,ok,0,pass
64531272132131,RV32_ISS,20309063,20309063,ok,0,pass
64531273122131,RV32_ISS,19894605,19894605,ok,0,pass
64531273123121,RV32_ISS,26066440,26066440,ok,0,pass
64531273311311,RV32_ISS,21846605,21846605,ok,0,pass
64531273312211,RV32_ISS,20306784,20306784,ok,0,pass
64572131122223,RV32_ISS,22121150,22121150,ok,0,pass
64713253112111,RV32_ISS,19008074,19008074,ok,0,pass
65123471112311,RV32_ISS,21463096,21463096,ok,0,pass
65123471233232,RV32_ISS,18598515,18598515,ok,0,pass
65123472312311,RV32_ISS,22308526,22308526,ok,0,pass
65132471212112,RV32_ISS,23200404,23200404,ok,0,pass
65132471222111,RV32_ISS,22422738,22422738,ok,0,pass
65132471231321,RV32_ISS,25809078,25809078,ok,0,pass
65132471323121,RV32_ISS,24855673,24855673,ok,0,pass
65132472131231,RV32_ISS,20195417,20195417,ok,0,pass
65132472212231,RV32_ISS,33468699,33468699,ok,0,pass
65132472233321,RV32_ISS,26476344,26476344,ok,0,pass
65132473111331,RV32_ISS,25820810,25820810,ok,0,pass
65132473313312,RV32_ISS,20984687,20984687,ok,0,pass
65132473323311,RV32_ISS,21467476,21467476,ok,0,pass
65132741223323,RV32_ISS,20891172,20891172,ok,0,pass
65132743222331,RV32_ISS,26170255,26170255,ok,0,pass
65134721233232,RV32_ISS,23583407,23583407,ok,0,pass
65147321232113,RV32_ISS,30240654,30240654,ok,0,pass
65172431132333,RV32_ISS,25545103,25545103,ok,0,pass
65174232123131,RV32_ISS,22248669,22248669,ok,0,pass
65174232133313,RV32_ISS,22085065,22085065,ok,0,pass
65174232323312,RV32_ISS,24541372,24541372,ok,0,pass
65174233323212,RV32_ISS,24385162,24385162,ok,0,pass
65174233331213,RV32_ISS,23212772,23212772,ok,0,pass
65174322313211,RV32_ISS,23826167,23826167,ok,0,pass
65174323223123,RV32_ISS,23311930,23311930,ok,0,pass
65213741111111,RV32_ISS,26093350,26093350,ok,0,pass
65241371111111,RV32_ISS,25013943,25013943,ok,0,pass
65243712121322,RV32_ISS,32988374,32988374,ok,0,pass
65271341332331,RV32_ISS,24279209,24279209,ok,0,pass
65271432231233,RV32_ISS,24817882,24817882,ok,0,pass
65274131111111,RV32_ISS,29460321,29460321,ok,0,pass
65274131311313,RV32_ISS,20392327,20392327,ok,0,pass
65274131312213,RV32_ISS,22994054,22994054,ok,0,pass
65274132123332,RV32_ISS,22161596,22161596,ok,0,pass
65274133132223,RV32_ISS,22044751,22044751,ok,0,pass
65274133232321,RV32_ISS,19855772,19855772,ok,0,pass
65274133312223,RV32_ISS,21620183,21620183,ok,0,pass
65314272311132,RV32_ISS,20510378,20510378,ok,0,pass
65314272313211,RV32_ISS,34162770,34162770,ok,0,pass
65321472111122,RV32_ISS,26196847,26196847,ok,0,pass
65417321232113,RV32_ISS,21343773,21343773,ok,0,pass
65417323223123,RV32_ISS,19631255,19631255,ok,0,pass
65417323232123,RV32_ISS,21311415,21311415,ok,0,pass
65423713321322,RV32_ISS,23738822,23738822,ok,0,pass
65432173232321,RV32_ISS,23206950,23206950,ok,0,pass
65471231132213,RV32_ISS,27834352,27834352,ok,0,pass
65714323223123,RV32_ISS,22764636,22764636,ok,0,pass
65723143321313,RV32_ISS,21261257,21261257,ok,0,pass
65732411333123,RV32_ISS,45269131,45269131,ok,0,pass
65742311212313,RV32_ISS,20864713,20864713,ok,0,pass
67132541133311,RV32_ISS,37053178,37053178,ok,0,pass
67145323133312,RV32_ISS,23326089,23326089,ok,0,pass
67154233323332,RV32_ISS,34368320,34368320,ok,0,pass
67215343333133,RV32_ISS,28752253,28752253,ok,0,pass
67231541323112,RV32_ISS,27110118,27110118,ok,0,pass
67231543323122,RV32_ISS,27207110,27207110,ok,0,pass
67234513332122,RV32_ISS,21266057,21266057,ok,0,pass
67245131313323,RV32_ISS,22165915,22165915,ok,0,pass
67245311112311,RV32_ISS,32798817,32798817,ok,0,pass
67245311133233,RV32_ISS,26484696,26484696,ok,0,pass
67254311131133,RV32_ISS,35620369,35620369,ok,0,pass
67254313311113,RV32_ISS,22052904,22052904,ok,0,pass
67312452233321,RV32_ISS,22646613,22646613,ok,0,pass
67312541121221,RV32_ISS,22034036,22034036,ok,0,pass
67312542221111,RV32_ISS,28133431,28133431,ok,0,pass
67321451111123,RV32_ISS,21283955,21283955,ok,0,pass
67321451112311,RV32_ISS,22873252,22873252,ok,0,pass
67321451212211,RV32_ISS,37086188,37086188,ok,0,pass
67321451311133,RV32_ISS,23810001,23810001,ok,0,pass
67321452111122,RV32_ISS,22152504,22152504,ok,0,pass
67321453113311,RV32_ISS,24829118,24829118,ok,0,pass
67321542232133,RV32_ISS,23489492,23489492,ok,0,pass
67341252222323,RV32_ISS,24990287,24990287,ok,0,pass
67342512222113,RV32_ISS,25145147,25145147,ok,0,pass
67345122223133,RV32_ISS,32859126,32859126,ok,0,pass
67345122232133,RV32_ISS,31703420,31703420,ok,0,pass
67345211111123,RV32_ISS,21237399,21237399,ok,0,pass
67345211111132,RV32_ISS,22919509,22919509,ok,0,pass
67345211112233,RV32_ISS,22070617,22070617,ok,0,pass
67345211113322,RV32_ISS,21401270,21401270,ok,0,pass
67345211211122,RV32_ISS,23764308,23764308,ok,0,pass
67345211311133,RV32_ISS,23412006,23412006,ok,0,pass
67345212111122,RV32_ISS,21477259,21477259,ok,0,pass
67345213111133,RV32_ISS,25280556,25280556,ok,0,pass
67354121111111,RV32_ISS,24607018,24607018,ok,0,pass
67354211212121,RV32_ISS,24135162,24135162,ok,0,pass
67354211313113,RV32_ISS,35270775,35270775,ok,0,pass
67354211333111,RV32_ISS,35126533,35126533,ok,0,pass
67354212111221,RV32_ISS,24423943,24423943,ok,0,pass
67354212212222,RV32_ISS,22919031,22919031,ok,0,pass
67354212311132,RV32_ISS,23191869,23191869,ok,0,pass
67354213111313,RV32_ISS,28228805,28228805,ok,0,pass
67354213131311,RV32_ISS,26929811,26929811,ok,0,pass
67354213211132,RV32_ISS,22881358,22881358,ok,0,pass
67354213313333,RV32_ISS,23040876,23040876,ok,0,pass
67412353132121,RV32_ISS,26567701,26567701,ok,0,pass
67412353332221,RV32_ISS,20702208,20702208,ok,0,pass
67412531131133,RV32_ISS,25327796,25327796,ok,0,pass
67435121332112,RV32_ISS,19171047,19171047,ok,0,pass
67435123123121,RV32_ISS,19268356,19268356,ok,0,pass
67452313321232,RV32_ISS,27226721,27226721,ok,0,pass
71234563231322,RV32_ISS,25588697,25588697,ok,0,pass
71263541333222,RV32_ISS,32400503,32400503,ok,0,pass
71263542323123,RV32_ISS,32710446,32710446,ok,0,pass
71264533131323,RV32_ISS,32825532,32825532,ok,0,pass
71264533221323,RV32_ISS,32377607,32377607,ok,0,pass
71264533231223,RV32_ISS,37912883,37912883,ok,0,pass
71264533231313,RV32_ISS,34568148,34568148,ok,0,pass
71326451211311,RV32_ISS,21259380,21259380,ok,0,pass
71326453132121,RV32_ISS,20773957,20773957,ok,0,pass
71326543333313,RV32_ISS,30729283,30729283,ok,0,pass
71345262132131,RV32_ISS,23977097,23977097,ok,0,pass
71362453113311,RV32_ISS,25259739,25259739,ok,0,pass
71365423331312,RV32_ISS,29087695,29087695,ok,0,pass
71423563213232,RV32_ISS,23908268,23908268,ok,0,pass
71423653213232,RV32_ISS,22444878,22444878,ok,0,pass
71426353312211,RV32_ISS,23922618,23922618,ok,0,pass
71426533333223,RV32_ISS,27031005,27031005,ok,0,pass
71432561232323,RV32_ISS,24172197,24172197,ok,0,pass
71432561323232,RV32_ISS,18851709,18851709,ok,0,pass
71432562111221,RV32_ISS,22536173,22536173,ok,0,pass
71432563232213,RV32_ISS,24002467,24002467,ok,0,pass
71432563323113,RV32_ISS,20306916,20306916,ok,0,pass
71432563323122,RV32_ISS,21784624,21784624,ok,0,pass
71432563332113,RV32_ISS,20475523,20475523,ok,0,pass
71435261322233,RV32_ISS,27988844,27988844,ok,0,pass
71435262222122,RV32_ISS,25375481,25375481,ok,0,pass
71435263211123,RV32_ISS,29741052,29741052,ok,0,pass
71435263311122,RV32_ISS,27764683,27764683,ok,0,pass
71435263333133,RV32_ISS,28280636,28280636,ok,0,pass
71435263333223,RV32_ISS,28545961,28545961,ok,0,pass
71435623333331,RV32_ISS,27897149,27897149,ok,0,pass
71436253333112,RV32_ISS,30624714,30624714,ok,0,pass
71452363213232,RV32_ISS,21892666,21892666,ok,0,pass
71452632222131,RV32_ISS,29246617,29246617,ok,0,pass
71453262222221,RV32_ISS,23437760,23437760,ok,0,pass
71453623311122,RV32_ISS,31898726,31898726,ok,0,pass
71456321322323,RV32_ISS,22196107,22196107,ok,0,pass
71456322111221,RV32_ISS,23243873,23243873,ok,0,pass
71462531113322,RV32_ISS,27848529,27848529,ok,0,pass
71462532111212,RV32_ISS,24017830,24017830,ok,0,pass
71462532121112,RV32_ISS,24798145,24798145,ok,0,pass
71462533111223,RV32_ISS,29799795,29799795,ok,0,pass
71462533221113,RV32_ISS,24398832,24398832,ok,0,pass
71463523331222,RV32_ISS,24902036,24902036,ok,0,pass
71523463131311,RV32_ISS,31647354,31647354,ok,0,pass
71523463231313,RV32_ISS,32761786,32761786,ok,0,pass
71523463331312,RV32_ISS,31216857,31216857,ok,0,pass
71532463221332,RV32_ISS,24102358,24102358,ok,0,pass
71534262122222,RV32_ISS,30617211,30617211,ok,0,pass
71542633132322,RV32_ISS,23553493,23553493,ok,0,pass
71543622111131,RV32_ISS,19941392,19941392,ok,0,pass
71543623111121,RV32_ISS,22182780,22182780,ok,0,pass
71546233331213,RV32_ISS,30396990,30396990,ok,0,pass
71546322231212,RV32_ISS,31504356,31504356,ok,0,pass
71562433123232,RV32_ISS,22736183,22736183,ok,0,pass
71563243221221,RV32_ISS,25462740,25462740,ok,0,pass
71625433213133,RV32_ISS,40752284,40752284,ok,0,pass
71643252231212,RV32_ISS,30997090,30997090,ok,0,pass
71643523331213,RV32_ISS,31875938,31875938,ok,0,pass
72134562312212,RV32_ISS,28814893,28814893,ok,0,pass
72136541322233,RV32_ISS,21394606,21394606,ok,0,pass
72143563222331,RV32_ISS,21602378,21602378,ok,0,pass
72143651121113,RV32_ISS,21758035,21758035,ok,0,pass
72143651131112,RV32_ISS,23160528,23160528,ok,0,pass
72143651213111,RV32_ISS,21057967,21057967,ok,0,pass
72143651312111,RV32_ISS,20718479,20718479,ok,0,pass
72143652111311,RV32_ISS,21103770,21103770,ok,0,pass
72143653111211,RV32_ISS,20993725,20993725,ok,0,pass
72145631233223,RV32_ISS,20624338,20624338,ok,0,pass
72145633232231,RV32_ISS,20697030,20697030,ok,0,pass
72145633312223,RV32_ISS,33508447,33508447,ok,0,pass
72146352232223,RV32_ISS,24762167,24762167,ok,0,pass
72163452122222,RV32_ISS,30720689,30720689,ok,0,pass
72163453121213,RV32_ISS,25850886,25850886,ok,0,pass
72163453131212,RV32_ISS,29209970,29209970,ok,0,pass
72163453133333,RV32_ISS,24992512,24992512,ok,0,pass
72163453331333,RV32_ISS,30772422,30772422,ok,0,pass
72164353131113,RV32_ISS,29987165,29987165,ok,0,pass
72165431113331,RV32_ISS,21415790,21415790,ok,0,pass
72165432111113,RV32_ISS,22254061,22254061,ok,0,pass
72165432111122,RV32_ISS,29616089,29616089,ok,0,pass
72165432211112,RV32_ISS,24343290,24343290,ok,0,pass
72165432323312,RV32_ISS,21513977,21513977,ok,0,pass
72165433111112,RV32_ISS,20925186,20925186,ok,0,pass
72165433121333,RV32_ISS,23123748,23123748,ok,0,pass
72165433221233,RV32_ISS,22003677,22003677,ok,0,pass
72165433233323,RV32_ISS,23793196,23793196,ok,0,pass
72165433321223,RV32_ISS,20454597,20454597,ok,0,pass
72165433331213,RV32_ISS,22566534,22566534,ok,0,pass
72345611111111,RV32_ISS,29174682,29174682,ok,0,pass
72345611133113,RV32_ISS,20016745,20016745,ok,0,pass
72345611221223,RV32_ISS,18187047,18187047,ok,0,pass
72345611222222,RV32_ISS,19755427,19755427,ok,0,pass
72345611331332,RV32_ISS,21301662,21301662,ok,0,pass
72345612122111,RV32_ISS,22797952,22797952,ok,0,pass
72345612331331,RV32_ISS,18027958,18027958,ok,0,pass
72345613221221,RV32_ISS,19212868,19212868,ok,0,pass
72345613333331,RV32_ISS,24309600,24309600,ok,0,pass
72356141112323,RV32_ISS,23395975,23395975,ok,0,pass
72356141232113,RV32_ISS,21576968,21576968,ok,0,pass
72356143211123,RV32_ISS,20664876,20664876,ok,0,pass
72361453232333,RV32_ISS,20742244,20742244,ok,0,pass
72361542333233,RV32_ISS,37077977,37077977,ok,0,pass
72365412222212,RV32_ISS,22667639,22667639,ok,0,pass
72365413121312,RV32_ISS,32255814,32255814,ok,0,pass
72365413131212,RV32_ISS,23566889,23566889,ok,0,pass
72365413331333,RV32_ISS,24029885,24029885,ok,0,pass
72435163333313,RV32_ISS,34058115,34058115,ok,0,pass
72513641232323,RV32_ISS,21517213,21517213,ok,0,pass
72513641233322,RV32_ISS,25092963,25092963,ok,0,pass
72516342313223,RV32_ISS,23353678,23353678,ok,0,pass
72531463321232,RV32_ISS,25715596,25715596,ok,0,pass
72534163211123,RV32_ISS,26817120,26817120,ok,0,pass
72541631111213,RV32_ISS,22024635,22024635,ok,0,pass
72541631111312,RV32_ISS,24487131,24487131,ok,0,pass
72541631112131,RV32_ISS,22930001,22930001,ok,0,pass
72541631113121,RV32_ISS,23821908,23821908,ok,0,pass
72541632131111,RV32_ISS,21047613,21047613,ok,0,pass
72541633121111,RV32_ISS,26089690,26089690,ok,0,pass
72543162311111,RV32_ISS,20058825,20058825,ok,0,pass
72543163211111,RV32_ISS,22282433,22282433,ok,0,pass
72543611221223,RV32_ISS,29330934,29330934,ok,0,pass
72543611223221,RV32_ISS,30737422,30737422,ok,0,pass
72543611331332,RV32_ISS,34704551,34704551,ok,0,pass
72543611332331,RV32_ISS,31172319,31172319,ok,0,pass
72543612331331,RV32_ISS,29483408,29483408,ok,0,pass
72543613132232,RV32_ISS,37592290,37592290,ok,0,pass
72543613133222,RV32_ISS,30357006,30357006,ok,0,pass
72543613221221,RV32_ISS,31730081,31730081,ok,0,pass
72543613223312,RV32_ISS,35017268,35017268,ok,0,pass
72543613322312,RV32_ISS,36210581,36210581,ok,0,pass
72546311323112,RV32_ISS,20740349,20740349,ok,0,pass
72546313323212,RV32_ISS,23199395,23199395,ok,0,pass
72561342313223,RV32_ISS,31177690,31177690,ok,0,pass
72561432213122,RV32_ISS,36858561,36858561,ok,0,pass
72561433221233,RV32_ISS,32651474,32651474,ok,0,pass
72561433311233,RV32_ISS,42053908,42053908,ok,0,pass
72561433321133,RV32_ISS,35056756,35056756,ok,0,pass
72561433321223,RV32_ISS,34581715,34581715,ok,0,pass
72563411111213,RV32_ISS,21684509,21684509,ok,0,pass
72563411111312,RV32_ISS,21290175,21290175,ok,0,pass
72563411112131,RV32_ISS,29270015,29270015,ok,0,pass
72563411113121,RV32_ISS,23252551,23252551,ok,0,pass
72563412131111,RV32_ISS,21101370,21101370,ok,0,pass
72563413121111,RV32_ISS,20804087,20804087,ok,0,pass
72643513212311,RV32_ISS,21864516,21864516,ok,0,pass
72643513212332,RV32_ISS,20282557,20282557,ok,0,pass
73125463133132,RV32_ISS,24254010,24254010,ok,0,pass
73146522113231,RV32_ISS,19734477,19734477,ok,0,pass
73246153312211,RV32_ISS,21093753,21093753,ok,0,pass
73456123231322,RV32_ISS,24066973,24066973,ok,0,pass
73516243323113,RV32_ISS,20864146,20864146,ok,0,pass
73516243332131,RV32_ISS,22255104,22255104,ok,0,pass
73541262321212,RV32_ISS,27848058,27848058,ok,0,pass
73542163321133,RV32_ISS,27939716,27939716,ok,0,pass
73542613132121,RV32_ISS,20372918,20372918,ok,0,pass
73542613132322,RV32_ISS,20830701,20830701,ok,0,pass
73564213321322,RV32_ISS,26917001,26917001,ok,0,pass
73614251112323,RV32_ISS,27779564,27779564,ok,0,pass
73615241112323,RV32_ISS,36808015,36808015,ok,0,pass
73615241113322,RV32_ISS,30052968,30052968,ok,0,pass
73615242223133,RV32_ISS,29242896,29242896,ok,0,pass
73615243123313,RV32_ISS,27643171,27643171,ok,0,pass
73615243213313,RV32_ISS,28584337,28584337,ok,0,pass
73615243331312,RV32_ISS,27830417,27830417,ok,0,pass
73615243332311,RV32_ISS,28843152,28843152,ok,0,pass
73615421113322,RV32_ISS,21638715,21638715,ok,0,pass
73615423213211,RV32_ISS,28767406,28767406,ok,0,pass
73615423333331,RV32_ISS,22791328,22791328,ok,0,pass
73624513121132,RV32_ISS,36854596,36854596,ok,0,pass
73624513332131,RV32_ISS,33051309,33051309,ok,0,pass
73625141112323,RV32_ISS,27172932,27172932,ok,0,pass
73625143121213,RV32_ISS,23051325,23051325,ok,0,pass
73625143333313,RV32_ISS,24056901,24056901,ok,0,pass
73625412222323,RV32_ISS,23646926,23646926,ok,0,pass
73642511111111,RV32_ISS,31255645,31255645,ok,0,pass
73642511113232,RV32_ISS,26818806,26818806,ok,0,pass
73642511113322,RV32_ISS,26701234,26701234,ok,0,pass
73642513223222,RV32_ISS,29159059,29159059,ok,0,pass
73645121113211,RV32_ISS,26333498,26333498,ok,0,pass
73645122222311,RV32_ISS,25152643,25152643,ok,0,pass
73645211223113,RV32_ISS,19164877,19164877,ok,0,pass
73645211231111,RV32_ISS,24523394,24523394,ok,0,pass
73645211321111,RV32_ISS,19174718,19174718,ok,0,pass
73645211332112,RV32_ISS,19927611,19927611,ok,0,pass
73645213112231,RV32_ISS,20703330,20703330,ok,0,pass
73645213333112,RV32_ISS,21962869,21962869,ok,0,pass
73651241113322,RV32_ISS,23146525,23146525,ok,0,pass
73652413211312,RV32_ISS,24751585,24751585,ok,0,pass
73652413331321,RV32_ISS,27804291,27804291,ok,0,pass
73654122111122,RV32_ISS,30842914,30842914,ok,0,pass
73654122221111,RV32_ISS,21463149,21463149,ok,0,pass
73654211111132,RV32_ISS,25276637,25276637,ok,0,pass
74123563323221,RV32_ISS,19836954,19836954,ok,0,pass
74123652322121,RV32_ISS,30726670,30726670,ok,0,pass
74123653132232,RV32_ISS,39336264,39336264,ok,0,pass
74123653133132,RV32_ISS,31989124,31989124,ok,0,pass
74123653133222,RV32_ISS,31681570,31681570,ok,0,pass
74123653133231,RV32_ISS,29174725,29174725,ok,0,pass
74125631313311,RV32_ISS,21017927,21017927,ok,0,pass
74125632121121,RV32_ISS,21957230,21957230,ok,0,pass
74125632122111,RV32_ISS,20341047,20341047,ok,0,pass
74125632131111,RV32_ISS,20999880,20999880,ok,0,pass
74125632321332,RV32_ISS,20393609,20393609,ok,0,pass
74125633121111,RV32_ISS,25673974,25673974,ok,0,pass
74125633131233,RV32_ISS,19995116,19995116,ok,0,pass
74125633132232,RV32_ISS,18166528,18166528,ok,0,pass
74125633133222,RV32_ISS,19209765,19209765,ok,0,pass
74125633133312,RV32_ISS,25592113,25592113,ok,0,pass
74125633332323,RV32_ISS,24040897,24040897,ok,0,pass
74126352333122,RV32_ISS,28361222,28361222,ok,0,pass
74132561321231,RV32_ISS,26685752,26685752,ok,0,pass
74132562121121,RV32_ISS,24785955,24785955,ok,0,pass
74132562122111,RV32_ISS,23201734,23201734,ok,0,pass
74132563131221,RV32_ISS,28558838,28558838,ok,0,pass
74132563132112,RV32_ISS,23298048,23298048,ok,0,pass
74136522322121,RV32_ISS,28738033,28738033,ok,0,pass
74152363132232,RV32_ISS,28259715,28259715,ok,0,pass
74152363133132,RV32_ISS,28455658,28455658,ok,0,pass
74152363133222,RV32_ISS,32143690,32143690,ok,0,pass
74152363133231,RV32_ISS,28395168,28395168,ok,0,pass
74156322122123,RV32_ISS,21658507,21658507,ok,0,pass
74156322122321,RV32_ISS,22198464,22198464,ok,0,pass
74156322313223,RV32_ISS,22238695,22238695,ok,0,pass
74156323132331,RV32_ISS,20983284,20983284,ok,0,pass
74156323133123,RV32_ISS,21657169,21657169,ok,0,pass
74163251121122,RV32_ISS,24113505,24113505,ok,0,pass
74163252112211,RV32_ISS,22347911,22347911,ok,0,pass
74163252131111,RV32_ISS,24081154,24081154,ok,0,pass
74163253121111,RV32_ISS,23895002,23895002,ok,0,pass
74163253131332,RV32_ISS,20084346,20084346,ok,0,pass
74163253133132,RV32_ISS,19754786,19754786,ok,0,pass
74163253133213,RV32_ISS,21422742,21422742,ok,0,pass
74163253133231,RV32_ISS,20379810,20379810,ok,0,pass
74163253332323,RV32_ISS,21904763,21904763,ok,0,pass
74165231121212,RV32_ISS,37659049,37659049,ok,0,pass
74165231131313,RV32_ISS,35406306,35406306,ok,0,pass
74165231212121,RV32_ISS,35810634,35810634,ok,0,pass
74165231313131,RV32_ISS,36979861,36979861,ok,0,pass
74165232111212,RV32_ISS,37409621,37409621,ok,0,pass
74165232121112,RV32_ISS,35584588,35584588,ok,0,pass
74165232121211,RV32_ISS,36018044,36018044,ok,0,pass
74165233111313,RV32_ISS,38928037,38928037,ok,0,pass
74165233131113,RV32_ISS,35714379,35714379,ok,0,pass
74165233131311,RV32_ISS,37902328,37902328,ok,0,pass
74165233131323,RV32_ISS,35899402,35899402,ok,0,pass
74165233132313,RV32_ISS,38642454,38642454,ok,0,pass
74165233231313,RV32_ISS,38689807,38689807,ok,0,pass
74213652323132,RV32_ISS,20745460,20745460,ok,0,pass
74251633111313,RV32_ISS,28343802,28343802,ok,0,pass
74256311321222,RV32_ISS,39441564,39441564,ok,0,pass
74256313111232,RV32_ISS,45857086,45857086,ok,0,pass
74265312333233,RV32_ISS,23856346,23856346,ok,0,pass
74312652333332,RV32_ISS,23805366,23805366,ok,0,pass
74321563311131,RV32_ISS,25527963,25527963,ok,0,pass
74321653233323,RV32_ISS,26016229,26016229,ok,0,pass
74325163131323,RV32_ISS,27684633,27684633,ok,0,pass
74325612221222,RV32_ISS,22596261,22596261,ok,0,pass
74325613121312,RV32_ISS,28797212,28797212,ok,0,pass
74325613131212,RV32_ISS,22620562,22620562,ok,0,pass
74325613133333,RV32_ISS,24265001,24265001,ok,0,pass
74361253112132,RV32_ISS,27306995,27306995,ok,0,pass
74361253211231,RV32_ISS,19937575,19937575,ok,0,pass
74365211121221,RV32_ISS,21816371,21816371,ok,0,pass
74365211213111,RV32_ISS,20574350,20574350,ok,0,pass
74365211312111,RV32_ISS,20305300,20305300,ok,0,pass
74365211313113,RV32_ISS,22480710,22480710,ok,0,pass
74365211333111,RV32_ISS,22389620,22389620,ok,0,pass
74365212111311,RV32_ISS,20723333,20723333,ok,0,pass
74365212222323,RV32_ISS,21330023,21330023,ok,0,pass
74365212333332,RV32_ISS,20272487,20272487,ok,0,pass
74365213111211,RV32_ISS,21705561,21705561,ok,0,pass
74365213121333,RV32_ISS,21165505,21165505,ok,0,pass
74512361322233,RV32_ISS,27594718,27594718,ok,0,pass
74512362313223,RV32_ISS,20627236,20627236,ok,0,pass
74513263121222,RV32_ISS,41942386,41942386,ok,0,pass
74521632222212,RV32_ISS,27660027,27660027,ok,0,pass
74521633121213,RV32_ISS,31059072,31059072,ok,0,pass
74521633121312,RV32_ISS,28577620,28577620,ok,0,pass
74521633133333,RV32_ISS,31572322,31572322,ok,0,pass
74521633333313,RV32_ISS,28231498,28231498,ok,0,pass
74523611121113,RV32_ISS,21721827,21721827,ok,0,pass
74523611131112,RV32_ISS,22491305,22491305,ok,0,pass
74523611213111,RV32_ISS,22186408,22186408,ok,0,pass
74523611312111,RV32_ISS,21075610,21075610,ok,0,pass
74523612111311,RV32_ISS,21927752,21927752,ok,0,pass
74523613111211,RV32_ISS,21009578,21009578,ok,0,pass
74532163123223,RV32_ISS,25073437,25073437,ok,0,pass
74561231111222,RV32_ISS,22145768,22145768,ok,0,pass
74561232111113,RV32_ISS,22473549,22473549,ok,0,pass
74561232221111,RV32_ISS,24915165,24915165,ok,0,pass
74561233111112,RV32_ISS,24298395,24298395,ok,0,pass
74561233131233,RV32_ISS,21834099,21834099,ok,0,pass
74561233233323,RV32_ISS,25701556,25701556,ok,0,pass
74561233311233,RV32_ISS,21867995,21867995,ok,0,pass
74561233321133,RV32_ISS,21557033,21557033,ok,0,pass
74561233321313,RV32_ISS,26287170,26287170,ok,0,pass
74563211232332,RV32_ISS,21544744,21544744,ok,0,pass
74653213133222,RV32_ISS,25276278,25276278,ok,0,pass
75132463233233,RV32_ISS,25178009,25178009,ok,0,pass
75143263231313,RV32_ISS,30538083,30538083,ok,0,pass
75146321323331,RV32_ISS,27779023,27779023,ok,0,pass
75213642223133,RV32_ISS,24072152,24072152,ok,0,pass
75231463211123,RV32_ISS,34957679,34957679,ok,0,pass
75234161322233,RV32_ISS,21602440,21602440,ok,0,pass
75234162221111,RV32_ISS,28571516,28571516,ok,0,pass
75236143213232,RV32_ISS,20103046,20103046,ok,0,pass
75241632222323,RV32_ISS,24729360,24729360,ok,0,pass
75243162211322,RV32_ISS,42090101,42090101,ok,0,pass
75243611113232,RV32_ISS,22288744,22288744,ok,0,pass
75243613213232,RV32_ISS,19405075,19405075,ok,0,pass
75246131333312,RV32_ISS,27255872,27255872,ok,0,pass
75246311111111,RV32_ISS,51837777,51837777,ok,0,pass
75246313212311,RV32_ISS,23026112,23026112,ok,0,pass
75246313312211,RV32_ISS,22344161,22344161,ok,0,pass
75246313332332,RV32_ISS,22340379,22340379,ok,0,pass
75261432123233,RV32_ISS,25499922,25499922,ok,0,pass
75264132121232,RV32_ISS,26503956,26503956,ok,0,pass
75264132223331,RV32_ISS,20732203,20732203,ok,0,pass
75264132321212,RV32_ISS,27868053,27868053,ok,0,pass
75264133121333,RV32_ISS,22408046,22408046,ok,0,pass
75264133331213,RV32_ISS,22712964,22712964,ok,0,pass
75264311223122,RV32_ISS,24158690,24158690,ok,0,pass
75264313231112,RV32_ISS,27759883,27759883,ok,0,pass
75312463333133,RV32_ISS,28537703,28537703,ok,0,pass
75314621133221,RV32_ISS,18126181,18126181,ok,0,pass
75314621313212,RV32_ISS,39510128,39510128,ok,0,pass
75314623113122,RV32_ISS,20376773,20376773,ok,0,pass
75316241231231,RV32_ISS,28463118,28463118,ok,0,pass
75321461311112,RV32_ISS,22182643,22182643,ok,0,pass
75321463132121,RV32_ISS,20063969,20063969,ok,0,pass
75346122133133,RV32_ISS,25440144,25440144,ok,0,pass
75346211133122,RV32_ISS,21245193,21245193,ok,0,pass
75346211211311,RV32_ISS,26984447,26984447,ok,0,pass
75346211311211,RV32_ISS,20049593,20049593,ok,0,pass
75346212323333,RV32_ISS,25614845,25614845,ok,0,pass
75346213112132,RV32_ISS,19179299,19179299,ok,0,pass
75346213132121,RV32_ISS,20030481,20030481,ok,0,pass
75346213132322,RV32_ISS,20236897,20236897,ok,0,pass
75346213332122,RV32_ISS,21451719,21451719,ok,0,pass
75412631223332,RV32_ISS,18517507,18517507,ok,0,pass
75416323232213,RV32_ISS,24806532,24806532,ok,0,pass
75431263133213,RV32_ISS,28329665,28329665,ok,0,pass
75462132123212,RV32_ISS,37355931,37355931,ok,0,pass
75613243131332,RV32_ISS,28641521,28641521,ok,0,pass
75613243133213,RV32_ISS,23295498,23295498,ok,0,pass
75634123323122,RV32_ISS,22292046,22292046,ok,0,pass
75641323232111,RV32_ISS,21121109,21121109,ok,0,pass
75642132213311,RV32_ISS,20446994,20446994,ok,0,pass
76123453233323,RV32_ISS,21855904,21855904,ok,0,pass
76125343333133,RV32_ISS,28913016,28913016,ok,0,pass
76143252131312,RV32_ISS,24063010,24063010,ok,0,pass
76143252221222,RV32_ISS,24469877,24469877,ok,0,pass
76143253131212,RV32_ISS,24784705,24784705,ok,0,pass
76143253331333,RV32_ISS,22943864,22943864,ok,0,pass
76143253333313,RV32_ISS,32191831,32191831,ok,0,pass
76145231121113,RV32_ISS,20413087,20413087,ok,0,pass
76145231122112,RV32_ISS,35367093,35367093,ok,0,pass
76145231131112,RV32_ISS,22065271,22065271,ok,0,pass
76145231221112,RV32_ISS,35294100,35294100,ok,0,pass
76145231311331,RV32_ISS,19870092,19870092,ok,0,pass
76145232123332,RV32_ISS,21333839,21333839,ok,0,pass
76145232233213,RV32_ISS,26367695,26367695,ok,0,pass
76145232331313,RV32_ISS,20517960,20517960,ok,0,pass
76145232332213,RV32_ISS,27272534,27272534,ok,0,pass
76145233133213,RV32_ISS,21794387,21794387,ok,0,pass
76145233232333,RV32_ISS,20712491,20712491,ok,0,pass
76154323333112,RV32_ISS,25246784,25246784,ok,0,pass
76213543213133,RV32_ISS,26085292,26085292,ok,0,pass
76213543311332,RV32_ISS,24464356,24464356,ok,0,pass
76215341231231,RV32_ISS,23465610,23465610,ok,0,pass
76215433333133,RV32_ISS,27829790,27829790,ok,0,pass
76231451123111,RV32_ISS,22314785,22314785,ok,0,pass
76245311121131,RV32_ISS,21662982,21662982,ok,0,pass
76245311131121,RV32_ISS,19502450,19502450,ok,0,pass
76245311213312,RV32_ISS,20623332,20623332,ok,0,pass
76245312132131,RV32_ISS,21039350,21039350,ok,0,pass
76245313122122,RV32_ISS,20495056,20495056,ok,0,pass
76245313123121,RV32_ISS,20622134,20622134,ok,0,pass
76253141123132,RV32_ISS,19107063,19107063,ok,0,pass
76253141211332,RV32_ISS,18736649,18736649,ok,0,pass
76253413322312,RV32_ISS,25680892,25680892,ok,0,pass
76254133311323,RV32_ISS,41234448,41234448,ok,0,pass
76254313211111,RV32_ISS,36656903,36656903,ok,0,pass
76312452212111,RV32_ISS,38127711,38127711,ok,0,pass
76312453211111,RV32_ISS,22309668,22309668,ok,0,pass
76312453311311,RV32_ISS,24532937,24532937,ok,0,pass
76312542321212,RV32_ISS,23953601,23953601,ok,0,pass
76312542322121,RV32_ISS,22426482,22426482,ok,0,pass
76312543322222,RV32_ISS,29732837,29732837,ok,0,pass
76315241112113,RV32_ISS,23481599,23481599,ok,0,pass
76315241113112,RV32_ISS,20102777,20102777,ok,0,pass
76315241223113,RV32_ISS,19589949,19589949,ok,0,pass
76315241322122,RV32_ISS,20737924,20737924,ok,0,pass
76315241323313,RV32_ISS,21862611,21862611,ok,0,pass
76315241332112,RV32_ISS,20004063,20004063,ok,0,pass
76315243211231,RV32_ISS,19019351,19019351,ok,0,pass
76315243323323,RV32_ISS,22890477,22890477,ok,0,pass
76321452122123,RV32_ISS,32555443,32555443,ok,0,pass
76321452122321,RV32_ISS,33208042,33208042,ok,0,pass
76321452122333,RV32_ISS,32566496,32566496,ok,0,pass
76321452123323,RV32_ISS,37776132,37776132,ok,0,pass
76321452212231,RV32_ISS,31521899,31521899,ok,0,pass
76321452213122,RV32_ISS,33136429,33136429,ok,0,pass
76321453233131,RV32_ISS,34624793,34624793,ok,0,pass
76321453311233,RV32_ISS,39565658,39565658,ok,0,pass
76321453313312,RV32_ISS,37177779,37177779,ok,0,pass
76321453321133,RV32_ISS,33015105,33015105,ok,0,pass
76321453323311,RV32_ISS,37900297,37900297,ok,0,pass
76321542211112,RV32_ISS,31594792,31594792,ok,0,pass
76321543211111,RV32_ISS,21230395,21230395,ok,0,pass
76321543311131,RV32_ISS,23452547,23452547,ok,0,pass
76324151112233,RV32_ISS,21787843,21787843,ok,0,pass
76324151112323,RV32_ISS,26374943,26374943,ok,0,pass
76324153323122,RV32_ISS,21520987,21520987,ok,0,pass
76325411111213,RV32_ISS,22545439,22545439,ok,0,pass
76325411111312,RV32_ISS,27820683,27820683,ok,0,pass
76325411112131,RV32_ISS,20599922,20599922,ok,0,pass
76325411113121,RV32_ISS,22593981,22593981,ok,0,pass
76325411122121,RV32_ISS,22315618,22315618,ok,0,pass
76325411331311,RV32_ISS,24030142,24030142,ok,0,pass
76325412112121,RV32_ISS,28019569,28019569,ok,0,pass
76325412231212,RV32_ISS,24090951,24090951,ok,0,pass
76325412333233,RV32_ISS,23954657,23954657,ok,0,pass
76325413222223,RV32_ISS,22158790,22158790,ok,0,pass
76341251111213,RV32_ISS,22003634,22003634,ok,0,pass
76341251111312,RV32_ISS,27431255,27431255,ok,0,pass
76341251112131,RV32_ISS,24231353,24231353,ok,0,pass
76341251113121,RV32_ISS,22209332,22209332,ok,0,pass
76341251221121,RV32_ISS,23269865,23269865,ok,0,pass
76341251311313,RV32_ISS,22303299,22303299,ok,0,pass
76341252232313,RV32_ISS,21779669,21779669,ok,0,pass
76341252323333,RV32_ISS,23890612,23890612,ok,0,pass
76341253221212,RV32_ISS,24569758,24569758,ok,0,pass
76341253233131,RV32_ISS,19766353,19766353,ok,0,pass
76342511111231,RV32_ISS,18616450,18616450,ok,0,pass
76342511111321,RV32_ISS,23963934,23963934,ok,0,pass
76342511323112,RV32_ISS,19673460,19673460,ok,0,pass
76342512232223,RV32_ISS,23611557,23611557,ok,0,pass
76342513213112,RV32_ISS,28649207,28649207,ok,0,pass
76342513322111,RV32_ISS,29831736,29831736,ok,0,pass
76342513323122,RV32_ISS,20817219,20817219,ok,0,pass
76342513323212,RV32_ISS,22457797,22457797,ok,0,pass
76345122211112,RV32_ISS,30668671,30668671,ok,0,pass
76345122211121,RV32_ISS,24589448,24589448,ok,0,pass
76345122213311,RV32_ISS,20527079,20527079,ok,0,pass
76345122311111,RV32_ISS,24793011,24793011,ok,0,pass
76345123211111,RV32_ISS,20927218,20927218,ok,0,pass
76345123311113,RV32_ISS,24181525,24181525,ok,0,pass
76345123311131,RV32_ISS,23088100,23088100,ok,0,pass
76345123312211,RV32_ISS,19673352,19673352,ok,0,pass
76351421112323,RV32_ISS,28431992,28431992,ok,0,pass
76351421113322,RV32_ISS,21126845,21126845,ok,0,pass
76351423321232,RV32_ISS,22330565,22330565,ok,0,pass
76354121121212,RV32_ISS,26122444,26122444,ok,0,pass
76354121122121,RV32_ISS,21927952,21927952,ok,0,pass
76354121311313,RV32_ISS,22347214,22347214,ok,0,pass
76354121313131,RV32_ISS,24635883,24635883,ok,0,pass
76354122111212,RV32_ISS,28646167,28646167,ok,0,pass
76354122112121,RV32_ISS,23833176,23833176,ok,0,pass
76354122212222,RV32_ISS,22734469,22734469,ok,0,pass
76354123211123,RV32_ISS,24369065,24369065,ok,0,pass
76354123211132,RV32_ISS,21155681,21155681,ok,0,pass
76354123313333,RV32_ISS,24852598,24852598,ok,0,pass
76354212213323,RV32_ISS,22620608,22620608,ok,0,pass
76354212312233,RV32_ISS,23263062,23263062,ok,0,pass
76354212313322,RV32_ISS,24769544,24769544,ok,0,pass
76354212333332,RV32_ISS,22763139,22763139,ok,0,pass
76354213222223,RV32_ISS,22332501,22332501,ok,0,pass
76354213312223,RV32_ISS,20951596,20951596,ok,0,pass
76421351131121,RV32_ISS,18085284,18085284,ok,0,pass
76512343213313,RV32_ISS,36215912,36215912,ok,0,pass
76512343332311,RV32_ISS,36123006,36123006,ok,0,pass
76514321112323,RV32_ISS,24265383,24265383,ok,0,pass
76514321232113,RV32_ISS,22351915,22351915,ok,0,pass
76521433232333,RV32_ISS,21615703,21615703,ok,0,pass
76523413223231,RV32_ISS,22716275,22716275,ok,0,pass
76524313331222,RV32_ISS,28071459,28071459,ok,0,pass
76541232131213,RV32_ISS,37136688,37136688,ok,0,pass
76541232221222,RV32_ISS,22832782,22832782,ok,0,pass
76541233121213,RV32_ISS,23547557,23547557,ok,0,pass
76541233331333,RV32_ISS,25352861,25352861,ok,0,pass
76541233333313,RV32_ISS,28658301,28658301,ok,0,pass
76543211111111,RV32_ISS,48794091,48794091,ok,0,pass
76543211212112,RV32_ISS,25028557,25028557,ok,0,pass
76543211223221,RV32_ISS,20289653,20289653,ok,0,pass
76543211332331,RV32_ISS,20267290,20267290,ok,0,pass
76543211333333,RV32_ISS,22412106,22412106,ok,0,pass
76543212132323,RV32_ISS,22359688,22359688,ok,0,pass
76543212222221,RV32_ISS,21451423,21451423,ok,0,pass
76543212323213,RV32_ISS,22055678,22055678,ok,0,pass
76543213113131,RV32_ISS,22192369,22192369,ok,0,pass
