state,proc,iret,cycles,status,exit_code,check
12345672121232,RV32_ISS,15350599,15350599,ok,0,pass
12345672123212,RV32_ISS,14714904,14714904,ok,0,pass
12345672321212,RV32_ISS,15447843,15447843,ok,0,pass
12345673131323,RV32_ISS,14924958,14924958,ok,0,pass
12345673132313,RV32_ISS,17664875,17664875,ok,0,pass
12345673231313,RV32_ISS,17164709,17164709,ok,0,pass
12345761111111,RV32_ISS,10339946,10339946,ok,0,pass
12346571111231,RV32_ISS,7651841,7651841,ok,0,pass
12346751113133,RV32_ISS,10657404,10657404,ok,0,pass
12347561112212,RV32_ISS,9754435,9754435,ok,0,pass
12347651111111,RV32_ISS,16185427,16185427,ok,0,pass
12347651122112,RV32_ISS,10012312,10012312,ok,0,pass
12347651133311,RV32_ISS,9124398,9124398,ok,0,pass
12347652111221,RV32_ISS,8223103,8223103,ok,0,pass
12347652123233,RV32_ISS,9727983,9727983,ok,0,pass
12347652123332,RV32_ISS,11988520,11988520,ok,0,pass
12347652223232,RV32_ISS,9073584,9073584,ok,0,pass
12347653111133,RV32_ISS,9686447,9686447,ok,0,pass
12347653132223,RV32_ISS,8284514,8284514,ok,0,pass
12347653132322,RV32_ISS,8095416,8095416,ok,0,pass
12347653332323,RV32_ISS,9123224,9123224,ok,0,pass
12354671111111,RV32_ISS,11418456,11418456,ok,0,pass
12354761112323,RV32_ISS,15104811,15104811,ok,0,pass
12354762121112,RV32_ISS,10753478,10753478,ok,0,pass
12354762121211,RV32_ISS,11685544,11685544,ok,0,pass
12354762311123,RV32_ISS,8781805,8781805,ok,0,pass
12354763131131,RV32_ISS,9784300,9784300,ok,0,pass
12354763133111,RV32_ISS,8890061,8890061,ok,0,pass
12354763211123,RV32_ISS,10414234,10414234,ok,0,pass
12356471113133,RV32_ISS,9406182,9406182,ok,0,pass
12356741133131,RV32_ISS,12754846,12754846,ok,0,pass
12356741313131,RV32_ISS,13279282,13279282,ok,0,pass
12356743113131,RV32_ISS,13363090,13363090,ok,0,pass
12357461111222,RV32_ISS,10312636,10312636,ok,0,pass
12357461113331,RV32_ISS,9922831,9922831,ok,0,pass
12357462211112,RV32_ISS,10223607,10223607,ok,0,pass
12357641113331,RV32_ISS,9629793,9629793,ok,0,pass
12364571112212,RV32_ISS,10736236,10736236,ok,0,pass
12364751112212,RV32_ISS,9198810,9198810,ok,0,pass
12364751113133,RV32_ISS,9673549,9673549,ok,0,pass
12364753311131,RV32_ISS,9285919,9285919,ok,0,pass
12365471111111,RV32_ISS,11404903,11404903,ok,0,pass
12365471211122,RV32_ISS,9657165,9657165,ok,0,pass
12365471313113,RV32_ISS,7995789,7995789,ok,0,pass
12365472223232,RV32_ISS,8949445,8949445,ok,0,pass
12365472321233,RV32_ISS,10339801,10339801,ok,0,pass
12365473232312,RV32_ISS,8134393,8134393,ok,0,pass
12365473332323,RV32_ISS,8164074,8164074,ok,0,pass
12365741113331,RV32_ISS,9727832,9727832,ok,0,pass
12367451123333,RV32_ISS,14351050,14351050,ok,0,pass
12367451132222,RV32_ISS,13069695,13069695,ok,0,pass
12367451213333,RV32_ISS,13919939,13919939,ok,0,pass
12367451312222,RV32_ISS,17019086,17019086,ok,0,pass
12367452113333,RV32_ISS,15384826,15384826,ok,0,pass
12367453112222,RV32_ISS,13874051,13874051,ok,0,pass
12367541112212,RV32_ISS,12033454,12033454,ok,0,pass
12367541113331,RV32_ISS,13789718,13789718,ok,0,pass
12367541331131,RV32_ISS,8831507,8831507,ok,0,pass
12374561121212,RV32_ISS,13315365,13315365,ok,0,pass
12374561211212,RV32_ISS,13104326,13104326,ok,0,pass
12374562111212,RV32_ISS,15558009,15558009,ok,0,pass
12374651111222,RV32_ISS,10779231,10779231,ok,0,pass
12375461111222,RV32_ISS,10419036,10419036,ok,0,pass
12375641113112,RV32_ISS,9843132,9843132,ok,0,pass
12376451111222,RV32_ISS,10971107,10971107,ok,0,pass
12376451113133,RV32_ISS,10476163,10476163,ok,0,pass
12376451221211,RV32_ISS,9034768,9034768,ok,0,pass
12376541112323,RV32_ISS,10922396,10922396,ok,0,pass
12376541232233,RV32_ISS,12932393,12932393,ok,0,pass
12376541322233,RV32_ISS,8963233,8963233,ok,0,pass
12376542121232,RV32_ISS,9973581,9973581,ok,0,pass
12376542123212,RV32_ISS,9199500,9199500,ok,0,pass
12376543133132,RV32_ISS,8036157,8036157,ok,0,pass
12376543133231,RV32_ISS,7991643,7991643,ok,0,pass
12456731132321,RV32_ISS,14571778,14571778,ok,0,pass
12456731233223,RV32_ISS,8648883,8648883,ok,0,pass
12456733223321,RV32_ISS,8706466,8706466,ok,0,pass
12463751231231,RV32_ISS,9198454,9198454,ok,0,pass
12467351131121,RV32_ISS,9207048,9207048,ok,0,pass
12467351231321,RV32_ISS,7976311,7976311,ok,0,pass
12473561132123,RV32_ISS,8766442,8766442,ok,0,pass
12536741112323,RV32_ISS,9444445,9444445,ok,0,pass
12537461332112,RV32_ISS,8790829,8790829,ok,0,pass
12543671111111,RV32_ISS,11732506,11732506,ok,0,pass
12543671211212,RV32_ISS,9135967,9135967,ok,0,pass
12543671331113,RV32_ISS,8383572,8383572,ok,0,pass
12543672121121,RV32_ISS,8557437,8557437,ok,0,pass
12543672321332,RV32_ISS,8844386,8844386,ok,0,pass
12543672322232,RV32_ISS,8571865,8571865,ok,0,pass
12543672331232,RV32_ISS,8128671,8128671,ok,0,pass
12543673111331,RV32_ISS,8353169,8353169,ok,0,pass
12543673221323,RV32_ISS,8751619,8751619,ok,0,pass
12543673231223,RV32_ISS,8379878,8379878,ok,0,pass
12543673233323,RV32_ISS,10643011,10643011,ok,0,pass
12546371221331,RV32_ISS,8728730,8728730,ok,0,pass
12563472131213,RV32_ISS,10860559,10860559,ok,0,pass
12563473131212,RV32_ISS,10180214,10180214,ok,0,pass
12564733323122,RV32_ISS,8354870,8354870,ok,0,pass
12567433232333,RV32_ISS,8682214,8682214,ok,0,pass
12576343212221,RV32_ISS,10702003,10702003,ok,0,pass
12637451132111,RV32_ISS,10269706,10269706,ok,0,pass
12637451332112,RV32_ISS,7706683,7706683,ok,0,pass
12643571321321,RV32_ISS,8477732,8477732,ok,0,pass
12645371131121,RV32_ISS,9514781,9514781,ok,0,pass
12673542331133,RV32_ISS,11750725,11750725,ok,0,pass
12734561112323,RV32_ISS,9389186,9389186,ok,0,pass
12734561322233,RV32_ISS,8277212,8277212,ok,0,pass
12734562313223,RV32_ISS,7934295,7934295,ok,0,pass
12745631111111,RV32_ISS,27753624,27753624,ok,0,pass
12745632111122,RV32_ISS,9126664,9126664,ok,0,pass
12745632212213,RV32_ISS,10769427,10769427,ok,0,pass
12745632222221,RV32_ISS,8752331,8752331,ok,0,pass
12745632232211,RV32_ISS,10407697,10407697,ok,0,pass
12745633131131,RV32_ISS,9753843,9753843,ok,0,pass
12745633313312,RV32_ISS,8536560,8536560,ok,0,pass
12745633313333,RV32_ISS,9102958,9102958,ok,0,pass
12745633323311,RV32_ISS,8645416,8645416,ok,0,pass
12753462231323,RV32_ISS,9749698,9749698,ok,0,pass
12763452322232,RV32_ISS,8804842,8804842,ok,0,pass
12765432121313,RV32_ISS,9902529,9902529,ok,0,pass
12765432222212,RV32_ISS,14982241,14982241,ok,0,pass
12765433121213,RV32_ISS,11230841,11230841,ok,0,pass
12765433331333,RV32_ISS,10265362,10265362,ok,0,pass
13245671321111,RV32_ISS,9921461,9921461,ok,0,pass
13246571111111,RV32_ISS,12553525,12553525,ok,0,pass
13246571112233,RV32_ISS,8444813,8444813,ok,0,pass
13246571113232,RV32_ISS,13096208,13096208,ok,0,pass
13246572321332,RV32_ISS,9919669,9919669,ok,0,pass
13246572331232,RV32_ISS,8963383,8963383,ok,0,pass
13246573221233,RV32_ISS,9263015,9263015,ok,0,pass
13246573321223,RV32_ISS,9442747,9442747,ok,0,pass
13246752133211,RV32_ISS,11516855,11516855,ok,0,pass
13247563212131,RV32_ISS,10265878,10265878,ok,0,pass
13254761322233,RV32_ISS,9764450,9764450,ok,0,pass
13254761323322,RV32_ISS,8388185,8388185,ok,0,pass
13254762321233,RV32_ISS,11600604,11600604,ok,0,pass
13254763323122,RV32_ISS,9926265,9926265,ok,0,pass
13257641112233,RV32_ISS,8529917,8529917,ok,0,pass
13265741112323,RV32_ISS,14099446,14099446,ok,0,pass
13265742131312,RV32_ISS,12044501,12044501,ok,0,pass
13267451122211,RV32_ISS,10470661,10470661,ok,0,pass
13267451311133,RV32_ISS,8784316,8784316,ok,0,pass
13267541111132,RV32_ISS,11183918,11183918,ok,0,pass
13267541232212,RV32_ISS,10199882,10199882,ok,0,pass
13274651112323,RV32_ISS,12449945,12449945,ok,0,pass
13275461112233,RV32_ISS,9391463,9391463,ok,0,pass
13275463213211,RV32_ISS,9286818,9286818,ok,0,pass
13275641112233,RV32_ISS,11341571,11341571,ok,0,pass
13275641112323,RV32_ISS,14109307,14109307,ok,0,pass
13275642131333,RV32_ISS,10697894,10697894,ok,0,pass
13275643212221,RV32_ISS,11454297,11454297,ok,0,pass
13276451113211,RV32_ISS,12322255,12322255,ok,0,pass
13276451233133,RV32_ISS,12259397,12259397,ok,0,pass
13276541133122,RV32_ISS,9100136,9100136,ok,0,pass
13276541213312,RV32_ISS,12225885,12225885,ok,0,pass
13276541321123,RV32_ISS,9123032,9123032,ok,0,pass
13276541322311,RV32_ISS,11747656,11747656,ok,0,pass
13276541323112,RV32_ISS,7676364,7676364,ok,0,pass
13276541323322,RV32_ISS,8008973,8008973,ok,0,pass
13276542323312,RV32_ISS,9139561,9139561,ok,0,pass
13276543323122,RV32_ISS,8836104,8836104,ok,0,pass
13462571111111,RV32_ISS,9863610,9863610,ok,0,pass
13462572213311,RV32_ISS,8206732,8206732,ok,0,pass
13527461211113,RV32_ISS,9791479,9791479,ok,0,pass
13542671231231,RV32_ISS,7827468,7827468,ok,0,pass
13546271213213,RV32_ISS,8758487,8758487,ok,0,pass
13546271231231,RV32_ISS,11285989,11285989,ok,0,pass
13546271321321,RV32_ISS,9697197,9697197,ok,0,pass
13572641122133,RV32_ISS,12458612,12458612,ok,0,pass
13576241312213,RV32_ISS,12153104,12153104,ok,0,pass
13576241321321,RV32_ISS,9749030,9749030,ok,0,pass
13627451332112,RV32_ISS,8692390,8692390,ok,0,pass
13642571221223,RV32_ISS,11551689,11551689,ok,0,pass
13642571223221,RV32_ISS,11530754,11530754,ok,0,pass
13642573221221,RV32_ISS,13068402,13068402,ok,0,pass
13645271221331,RV32_ISS,8116659,8116659,ok,0,pass
13647521111111,RV32_ISS,9515144,9515144,ok,0,pass
13675241112323,RV32_ISS,10415597,10415597,ok,0,pass
13675242331313,RV32_ISS,9369835,9369835,ok,0,pass
13725642332132,RV32_ISS,9628534,9628534,ok,0,pass
13754262123323,RV32_ISS,18573273,18573273,ok,0,pass
13762451321321,RV32_ISS,8126018,8126018,ok,0,pass
13764251211311,RV32_ISS,7470243,7470243,ok,0,pass
13764252323231,RV32_ISS,8642328,8642328,ok,0,pass
13765422121211,RV32_ISS,11578221,11578221,ok,0,pass
14263751131121,RV32_ISS,8720631,8720631,ok,0,pass
14267351321321,RV32_ISS,8821790,8821790,ok,0,pass
14275633323122,RV32_ISS,9400501,9400501,ok,0,pass
14325671111111,RV32_ISS,32223379,32223379,ok,0,pass
14325672112121,RV32_ISS,8543503,8543503,ok,0,pass
14325672231323,RV32_ISS,8845537,8845537,ok,0,pass
14325672323222,RV32_ISS,8627224,8627224,ok,0,pass
14325673123232,RV32_ISS,8821677,8821677,ok,0,pass
14325673232333,RV32_ISS,8287285,8287285,ok,0,pass
14325673311131,RV32_ISS,10039769,10039769,ok,0,pass
14327652131213,RV32_ISS,9619171,9619171,ok,0,pass
14327653121213,RV32_ISS,10230413,10230413,ok,0,pass
14352672212111,RV32_ISS,9212094,9212094,ok,0,pass
14356721112323,RV32_ISS,9574346,9574346,ok,0,pass
14356721322233,RV32_ISS,11192703,11192703,ok,0,pass
14367252322232,RV32_ISS,8862559,8862559,ok,0,pass
14367523311113,RV32_ISS,15570614,15570614,ok,0,pass
14523672121313,RV32_ISS,9888320,9888320,ok,0,pass
14523673121312,RV32_ISS,11930520,11930520,ok,0,pass
14527631121311,RV32_ISS,9173727,9173727,ok,0,pass
14527631131211,RV32_ISS,8839253,8839253,ok,0,pass
14527631133311,RV32_ISS,8536163,8536163,ok,0,pass
14527631211131,RV32_ISS,9655209,9655209,ok,0,pass
14527631311121,RV32_ISS,9521896,9521896,ok,0,pass
14527632122213,RV32_ISS,9616348,9616348,ok,0,pass
14527632212111,RV32_ISS,9770247,9770247,ok,0,pass
14527632333332,RV32_ISS,11493686,11493686,ok,0,pass
14527633132322,RV32_ISS,8921077,8921077,ok,0,pass
14527633312133,RV32_ISS,9192584,9192584,ok,0,pass
14536273311311,RV32_ISS,10280691,10280691,ok,0,pass
14537622231323,RV32_ISS,9065853,9065853,ok,0,pass
14563272323222,RV32_ISS,8367116,8367116,ok,0,pass
14567231312213,RV32_ISS,12159717,12159717,ok,0,pass
14567231321123,RV32_ISS,10386437,10386437,ok,0,pass
14573261333111,RV32_ISS,9911499,9911499,ok,0,pass
14625731111111,RV32_ISS,12385339,12385339,ok,0,pass
14625731131121,RV32_ISS,9834212,9834212,ok,0,pass
14625731322233,RV32_ISS,8865229,8865229,ok,0,pass
14625732112121,RV32_ISS,9315199,9315199,ok,0,pass
14625732113321,RV32_ISS,10388085,10388085,ok,0,pass
14625732213323,RV32_ISS,8768626,8768626,ok,0,pass
14625732233111,RV32_ISS,9646167,9646167,ok,0,pass
14625733133111,RV32_ISS,8684973,8684973,ok,0,pass
14632571111111,RV32_ISS,15167394,15167394,ok,0,pass
14632571321132,RV32_ISS,8946765,8946765,ok,0,pass
14652733321331,RV32_ISS,9669474,9669474,ok,0,pass
14673251111111,RV32_ISS,12086943,12086943,ok,0,pass
14723651111213,RV32_ISS,8757732,8757732,ok,0,pass
14723651111312,RV32_ISS,11137357,11137357,ok,0,pass
14723651112131,RV32_ISS,8826563,8826563,ok,0,pass
14723651113121,RV32_ISS,8460862,8460862,ok,0,pass
14723651211212,RV32_ISS,8055952,8055952,ok,0,pass
14723652322121,RV32_ISS,7510184,7510184,ok,0,pass
14723652331232,RV32_ISS,9262827,9262827,ok,0,pass
14723653232222,RV32_ISS,8413680,8413680,ok,0,pass
14723653313111,RV32_ISS,8729051,8729051,ok,0,pass
14723653321313,RV32_ISS,10681603,10681603,ok,0,pass
14725361111111,RV32_ISS,10021820,10021820,ok,0,pass
14725361111123,RV32_ISS,8727211,8727211,ok,0,pass
14725361322332,RV32_ISS,9369418,9369418,ok,0,pass
14725362211121,RV32_ISS,10847595,10847595,ok,0,pass
14725363211213,RV32_ISS,8471918,8471918,ok,0,pass
14725363213121,RV32_ISS,8212350,8212350,ok,0,pass
14725363223213,RV32_ISS,8636922,8636922,ok,0,pass
14725363311113,RV32_ISS,11052750,11052750,ok,0,pass
14726531223122,RV32_ISS,9621649,9621649,ok,0,pass
14726531232122,RV32_ISS,9640879,9640879,ok,0,pass
14726531233313,RV32_ISS,8586179,8586179,ok,0,pass
14726531333312,RV32_ISS,7987972,7987972,ok,0,pass
14726532232313,RV32_ISS,9924667,9924667,ok,0,pass
14726533323122,RV32_ISS,8395307,8395307,ok,0,pass
14735621221112,RV32_ISS,8665415,8665415,ok,0,pass
14735621223113,RV32_ISS,7999347,7999347,ok,0,pass
14735621223332,RV32_ISS,12661149,12661149,ok,0,pass
14735621233112,RV32_ISS,10653868,10653868,ok,0,pass
14735621323112,RV32_ISS,10142937,10142937,ok,0,pass
14735621332112,RV32_ISS,7855218,7855218,ok,0,pass
14735621333111,RV32_ISS,8383333,8383333,ok,0,pass
14735621333222,RV32_ISS,7853433,7853433,ok,0,pass
14736251111132,RV32_ISS,9381333,9381333,ok,0,pass
14736251112332,RV32_ISS,8637731,8637731,ok,0,pass
14736253222223,RV32_ISS,8751144,8751144,ok,0,pass
14736521132222,RV32_ISS,9483038,9483038,ok,0,pass
14736521133131,RV32_ISS,9352345,9352345,ok,0,pass
14736521211212,RV32_ISS,8966645,8966645,ok,0,pass
14736521213333,RV32_ISS,9180663,9180663,ok,0,pass
14736521221313,RV32_ISS,9489968,9489968,ok,0,pass
14736521321231,RV32_ISS,12848630,12848630,ok,0,pass
14736521322233,RV32_ISS,8566881,8566881,ok,0,pass
14736521332121,RV32_ISS,10791877,10791877,ok,0,pass
14736523112222,RV32_ISS,9536001,9536001,ok,0,pass
14736523113131,RV32_ISS,8990722,8990722,ok,0,pass
14752363222121,RV32_ISS,8259776,8259776,ok,0,pass
14752363232222,RV32_ISS,10628625,10628625,ok,0,pass
14752363233131,RV32_ISS,9460771,9460771,ok,0,pass
14752631111111,RV32_ISS,11745412,11745412,ok,0,pass
14752631112311,RV32_ISS,9739849,9739849,ok,0,pass
14752631323223,RV32_ISS,8632714,8632714,ok,0,pass
14752632332132,RV32_ISS,8344254,8344254,ok,0,pass
14752633213223,RV32_ISS,8499848,8499848,ok,0,pass
14752633222223,RV32_ISS,9065699,9065699,ok,0,pass
14752633223123,RV32_ISS,8776388,8776388,ok,0,pass
14752633223231,RV32_ISS,9518670,9518670,ok,0,pass
14753261221112,RV32_ISS,8589579,8589579,ok,0,pass
14753261323112,RV32_ISS,10662911,10662911,ok,0,pass
14753261333111,RV32_ISS,8609324,8609324,ok,0,pass
14762351221331,RV32_ISS,9872755,9872755,ok,0,pass
14762351321231,RV32_ISS,10593886,10593886,ok,0,pass
14762351331221,RV32_ISS,8095244,8095244,ok,0,pass
14763251221223,RV32_ISS,15166151,15166151,ok,0,pass
14763251222312,RV32_ISS,14088670,14088670,ok,0,pass
14763251332331,RV32_ISS,13305888,13305888,ok,0,pass
14763251333123,RV32_ISS,12571671,12571671,ok,0,pass
14763252322121,RV32_ISS,12185393,12185393,ok,0,pass
14763253132232,RV32_ISS,11973050,11973050,ok,0,pass
14763253133132,RV32_ISS,11961901,11961901,ok,0,pass
14763253133222,RV32_ISS,12964781,12964781,ok,0,pass
14763253133231,RV32_ISS,12544296,12544296,ok,0,pass
14763253221221,RV32_ISS,12065242,12065242,ok,0,pass
14763253222112,RV32_ISS,13833883,13833883,ok,0,pass
14763521113211,RV32_ISS,9535976,9535976,ok,0,pass
14763521113223,RV32_ISS,8719066,8719066,ok,0,pass
14763523222331,RV32_ISS,7355322,7355322,ok,0,pass
14765231111213,RV32_ISS,9436774,9436774,ok,0,pass
14765231111312,RV32_ISS,9842001,9842001,ok,0,pass
14765231112131,RV32_ISS,9195525,9195525,ok,0,pass
14765231113121,RV32_ISS,8411647,8411647,ok,0,pass
14765231133131,RV32_ISS,8498357,8498357,ok,0,pass
14765232211211,RV32_ISS,8671909,8671909,ok,0,pass
14765232232322,RV32_ISS,8602679,8602679,ok,0,pass
14765232331313,RV32_ISS,8617599,8617599,ok,0,pass
14765233113131,RV32_ISS,8127351,8127351,ok,0,pass
14765233323332,RV32_ISS,8673094,8673094,ok,0,pass
15236471111111,RV32_ISS,11140967,11140967,ok,0,pass
15236473231121,RV32_ISS,7763505,7763505,ok,0,pass
15243671331221,RV32_ISS,8721157,8721157,ok,0,pass
15246371331332,RV32_ISS,12008446,12008446,ok,0,pass
15246371332331,RV32_ISS,11626985,11626985,ok,0,pass
15246372331331,RV32_ISS,11479149,11479149,ok,0,pass
15267431223113,RV32_ISS,8754113,8754113,ok,0,pass
15273641112323,RV32_ISS,10877698,10877698,ok,0,pass
15324673113311,RV32_ISS,14956937,14956937,ok,0,pass
15342671211311,RV32_ISS,7469736,7469736,ok,0,pass
15346271321321,RV32_ISS,8003000,8003000,ok,0,pass
15367421211113,RV32_ISS,10615463,10615463,ok,0,pass
15367421223113,RV32_ISS,7915135,7915135,ok,0,pass
15367423211123,RV32_ISS,9185062,9185062,ok,0,pass
15426371111111,RV32_ISS,9864376,9864376,ok,0,pass
15426371112233,RV32_ISS,8697887,8697887,ok,0,pass
15463271313113,RV32_ISS,9680022,9680022,ok,0,pass
15624732123212,RV32_ISS,11813369,11813369,ok,0,pass
15624732133313,RV32_ISS,9846262,9846262,ok,0,pass
15624732333332,RV32_ISS,9242015,9242015,ok,0,pass
15627431223113,RV32_ISS,7917604,7917604,ok,0,pass
15627431322113,RV32_ISS,10856899,10856899,ok,0,pass
15627431332112,RV32_ISS,8067228,8067228,ok,0,pass
15634722123332,RV32_ISS,12550072,12550072,ok,0,pass
15634722321233,RV32_ISS,9105511,9105511,ok,0,pass
15637423211123,RV32_ISS,10244156,10244156,ok,0,pass
15642371111111,RV32_ISS,20933930,20933930,ok,0,pass
15642372213311,RV32_ISS,8968781,8968781,ok,0,pass
15642372231332,RV32_ISS,9241638,9241638,ok,0,pass
15642372331322,RV32_ISS,8604104,8604104,ok,0,pass
15642373212311,RV32_ISS,8791460,8791460,ok,0,pass
15642373221323,RV32_ISS,9322177,9322177,ok,0,pass
15642373231223,RV32_ISS,10548477,10548477,ok,0,pass
15643271221331,RV32_ISS,8488801,8488801,ok,0,pass
15643271331221,RV32_ISS,9009298,9009298,ok,0,pass
15643273223111,RV32_ISS,7986969,7986969,ok,0,pass
15647233213232,RV32_ISS,7967822,7967822,ok,0,pass
15672341113232,RV32_ISS,10297180,10297180,ok,0,pass
15672341323112,RV32_ISS,8163772,8163772,ok,0,pass
15672342323312,RV32_ISS,9389384,9389384,ok,0,pass
15672343213232,RV32_ISS,7972402,7972402,ok,0,pass
15672433312133,RV32_ISS,11267802,11267802,ok,0,pass
15724362212132,RV32_ISS,10875040,10875040,ok,0,pass
15724631111111,RV32_ISS,10212261,10212261,ok,0,pass
15724631211311,RV32_ISS,8314864,8314864,ok,0,pass
15724631322233,RV32_ISS,9391438,9391438,ok,0,pass
15724632123233,RV32_ISS,11749236,11749236,ok,0,pass
15724632313223,RV32_ISS,8688052,8688052,ok,0,pass
15724632323231,RV32_ISS,9640880,9640880,ok,0,pass
15724632323333,RV32_ISS,9576369,9576369,ok,0,pass
15724633132322,RV32_ISS,8053580,8053580,ok,0,pass
15734622331223,RV32_ISS,9628137,9628137,ok,0,pass
15746321111111,RV32_ISS,12869759,12869759,ok,0,pass
15746321323211,RV32_ISS,7690566,7690566,ok,0,pass
15746322313112,RV32_ISS,7220502,7220502,ok,0,pass
15762342122213,RV32_ISS,13393221,13393221,ok,0,pass
15763241111111,RV32_ISS,11425462,11425462,ok,0,pass
15763242323132,RV32_ISS,8177531,8177531,ok,0,pass
16243571132132,RV32_ISS,8147733,8147733,ok,0,pass
16243571231231,RV32_ISS,8791415,8791415,ok,0,pass
16243571321321,RV32_ISS,8426088,8426088,ok,0,pass
16245371231231,RV32_ISS,9112466,9112466,ok,0,pass
16254733312223,RV32_ISS,15763257,15763257,ok,0,pass
16257431132111,RV32_ISS,9276497,9276497,ok,0,pass
16257433223123,RV32_ISS,7861547,7861547,ok,0,pass
16273541122133,RV32_ISS,13324482,13324482,ok,0,pass
16273541321321,RV32_ISS,11772083,11772083,ok,0,pass
16275341312213,RV32_ISS,11099386,11099386,ok,0,pass
16275343122221,RV32_ISS,9090403,9090403,ok,0,pass
16327453232333,RV32_ISS,8531623,8531623,ok,0,pass
16342571331221,RV32_ISS,9013316,9013316,ok,0,pass
16345271111111,RV32_ISS,19519151,19519151,ok,0,pass
16345271133131,RV32_ISS,8787908,8787908,ok,0,pass
16345271222111,RV32_ISS,9590777,9590777,ok,0,pass
16345272322232,RV32_ISS,9266564,9266564,ok,0,pass
16345272333212,RV32_ISS,8437608,8437608,ok,0,pass
16345273122323,RV32_ISS,10287287,10287287,ok,0,pass
16345273233323,RV32_ISS,11035229,11035229,ok,0,pass
16347252131312,RV32_ISS,12443912,12443912,ok,0,pass
16347253121312,RV32_ISS,11780002,11780002,ok,0,pass
16357421223113,RV32_ISS,9095060,9095060,ok,0,pass
16374521112323,RV32_ISS,9629625,9629625,ok,0,pass
16374523211123,RV32_ISS,8567259,8567259,ok,0,pass
16423572112121,RV32_ISS,10207014,10207014,ok,0,pass
16427531211311,RV32_ISS,8191815,8191815,ok,0,pass
16427531231321,RV32_ISS,9041429,9041429,ok,0,pass
16427532333233,RV32_ISS,14896368,14896368,ok,0,pass
16453271111111,RV32_ISS,12364809,12364809,ok,0,pass
16453271211113,RV32_ISS,8260367,8260367,ok,0,pass
16453272111131,RV32_ISS,8349123,8349123,ok,0,pass
16475233132313,RV32_ISS,12317038,12317038,ok,0,pass
16523473332323,RV32_ISS,8471204,8471204,ok,0,pass
16523741112212,RV32_ISS,9922932,9922932,ok,0,pass
16524731112212,RV32_ISS,11464839,11464839,ok,0,pass
16524731112233,RV32_ISS,9849770,9849770,ok,0,pass
16524731113133,RV32_ISS,9749389,9749389,ok,0,pass
16527341111111,RV32_ISS,9681076,9681076,ok,0,pass
16527431123333,RV32_ISS,14362853,14362853,ok,0,pass
16527431222132,RV32_ISS,14930638,14930638,ok,0,pass
16527431312222,RV32_ISS,16197202,16197202,ok,0,pass
16527431333213,RV32_ISS,12820507,12820507,ok,0,pass
16527432113333,RV32_ISS,13010694,13010694,ok,0,pass
16527432211322,RV32_ISS,15010249,15010249,ok,0,pass
16527432231122,RV32_ISS,13493958,13493958,ok,0,pass
16527432231332,RV32_ISS,12878233,12878233,ok,0,pass
16527432331322,RV32_ISS,13764692,13764692,ok,0,pass
16527432333113,RV32_ISS,13399090,13399090,ok,0,pass
16527433312133,RV32_ISS,13153543,13153543,ok,0,pass
16532471111222,RV32_ISS,10997391,10997391,ok,0,pass
16534271111111,RV32_ISS,10867526,10867526,ok,0,pass
16534271111132,RV32_ISS,8107392,8107392,ok,0,pass
16534273211111,RV32_ISS,10187076,10187076,ok,0,pass
16534723211123,RV32_ISS,13319269,13319269,ok,0,pass
16537421111222,RV32_ISS,8985273,8985273,ok,0,pass
16537421113322,RV32_ISS,9069674,9069674,ok,0,pass
16537421113331,RV32_ISS,9544253,9544253,ok,0,pass
16537421223113,RV32_ISS,7918100,7918100,ok,0,pass
16537421233112,RV32_ISS,11134312,11134312,ok,0,pass
16537421332112,RV32_ISS,8022608,8022608,ok,0,pass
16542371221331,RV32_ISS,7546722,7546722,ok,0,pass
16542371331221,RV32_ISS,8362195,8362195,ok,0,pass
16542372112331,RV32_ISS,11640999,11640999,ok,0,pass
16543271221223,RV32_ISS,15921060,15921060,ok,0,pass
16543271223221,RV32_ISS,11860794,11860794,ok,0,pass
16543271331332,RV32_ISS,12852722,12852722,ok,0,pass
16543271332331,RV32_ISS,12984484,12984484,ok,0,pass
16543272331331,RV32_ISS,12015686,12015686,ok,0,pass
16543273221221,RV32_ISS,12815997,12815997,ok,0,pass
16543721111111,RV32_ISS,9922576,9922576,ok,0,pass
16543721113211,RV32_ISS,8130036,8130036,ok,0,pass
16547233332323,RV32_ISS,9355771,9355771,ok,0,pass
16547321113331,RV32_ISS,11714648,11714648,ok,0,pass
16572431111111,RV32_ISS,11227660,11227660,ok,0,pass
16572433213223,RV32_ISS,8076039,8076039,ok,0,pass
16573241123123,RV32_ISS,9443247,9443247,ok,0,pass
16573241312312,RV32_ISS,8499215,8499215,ok,0,pass
16574231113133,RV32_ISS,9973576,9973576,ok,0,pass
16723451122133,RV32_ISS,9996878,9996878,ok,0,pass
16723451322311,RV32_ISS,8860541,8860541,ok,0,pass
16725431121311,RV32_ISS,8474954,8474954,ok,0,pass
16725431131211,RV32_ISS,8744223,8744223,ok,0,pass
16725431211122,RV32_ISS,8823095,8823095,ok,0,pass
16725431211131,RV32_ISS,10846240,10846240,ok,0,pass
16725431311121,RV32_ISS,8198843,8198843,ok,0,pass
16725432211121,RV32_ISS,9707270,9707270,ok,0,pass
16725432232223,RV32_ISS,8521062,8521062,ok,0,pass
16725433113311,RV32_ISS,8736159,8736159,ok,0,pass
16725433122212,RV32_ISS,8248521,8248521,ok,0,pass
16725433333232,RV32_ISS,7848608,7848608,ok,0,pass
16735242122213,RV32_ISS,11802542,11802542,ok,0,pass
16742352232313,RV32_ISS,10508250,10508250,ok,0,pass
16743252323222,RV32_ISS,8599835,8599835,ok,0,pass
16745232121313,RV32_ISS,10073334,10073334,ok,0,pass
16745232122222,RV32_ISS,9368248,9368248,ok,0,pass
16745233121213,RV32_ISS,9249875,9249875,ok,0,pass
16745233333313,RV32_ISS,13404732,13404732,ok,0,pass
16753241221112,RV32_ISS,10210269,10210269,ok,0,pass
17246351111111,RV32_ISS,9645168,9645168,ok,0,pass
17265433111313,RV32_ISS,14675376,14675376,ok,0,pass
17324561211323,RV32_ISS,10141805,10141805,ok,0,pass
17324561232332,RV32_ISS,7386849,7386849,ok,0,pass
17326452212111,RV32_ISS,15595418,15595418,ok,0,pass
17356241212313,RV32_ISS,7514606,7514606,ok,0,pass
17356242211331,RV32_ISS,11912518,11912518,ok,0,pass
17362451211311,RV32_ISS,7377913,7377913,ok,0,pass
17362451231321,RV32_ISS,8295568,8295568,ok,0,pass
17362452213311,RV32_ISS,12753266,12753266,ok,0,pass
17364251231231,RV32_ISS,9896330,9896330,ok,0,pass
17423653213232,RV32_ISS,8393373,8393373,ok,0,pass
17425631122112,RV32_ISS,9020025,9020025,ok,0,pass
17425631223113,RV32_ISS,8088508,8088508,ok,0,pass
17425631313113,RV32_ISS,8775026,8775026,ok,0,pass
17425631322113,RV32_ISS,10324329,10324329,ok,0,pass
17425631322332,RV32_ISS,12130036,12130036,ok,0,pass
17425631323112,RV32_ISS,10440996,10440996,ok,0,pass
17425631323223,RV32_ISS,8493928,8493928,ok,0,pass
17425631332112,RV32_ISS,8289011,8289011,ok,0,pass
17426531112233,RV32_ISS,9008132,9008132,ok,0,pass
17426531121212,RV32_ISS,10151760,10151760,ok,0,pass
17426531132312,RV32_ISS,9934721,9934721,ok,0,pass
17426531213123,RV32_ISS,10828595,10828595,ok,0,pass
17426531223221,RV32_ISS,7970829,7970829,ok,0,pass
17426531232233,RV32_ISS,12663394,12663394,ok,0,pass
17426531313131,RV32_ISS,10185672,10185672,ok,0,pass
17426531331332,RV32_ISS,8363101,8363101,ok,0,pass
17426532121211,RV32_ISS,9263851,9263851,ok,0,pass
17426532331331,RV32_ISS,9175462,9175462,ok,0,pass
17435622211133,RV32_ISS,12159412,12159412,ok,0,pass
17435623211123,RV32_ISS,13099073,13099073,ok,0,pass
17436521323232,RV32_ISS,7987809,7987809,ok,0,pass
17452363213232,RV32_ISS,8058749,8058749,ok,0,pass
17452363322132,RV32_ISS,8114964,8114964,ok,0,pass
17452633213232,RV32_ISS,10413120,10413120,ok,0,pass
17453262211133,RV32_ISS,9244240,9244240,ok,0,pass
17462352213311,RV32_ISS,9613557,9613557,ok,0,pass
17463251122112,RV32_ISS,8906431,8906431,ok,0,pass
17463251221331,RV32_ISS,7510130,7510130,ok,0,pass
17463251313113,RV32_ISS,8646056,8646056,ok,0,pass
17463251321231,RV32_ISS,9337595,9337595,ok,0,pass
17463251323112,RV32_ISS,10655397,10655397,ok,0,pass
17463251331221,RV32_ISS,7974737,7974737,ok,0,pass
17526431131121,RV32_ISS,8954950,8954950,ok,0,pass
17526431231321,RV32_ISS,9436119,9436119,ok,0,pass
17526432123233,RV32_ISS,12485274,12485274,ok,0,pass
17543261111111,RV32_ISS,12739764,12739764,ok,0,pass
17543261132111,RV32_ISS,8112049,8112049,ok,0,pass
17642531111111,RV32_ISS,9616058,9616058,ok,0,pass
17642531112233,RV32_ISS,11544514,11544514,ok,0,pass
17642533312211,RV32_ISS,8213789,8213789,ok,0,pass
17643251122112,RV32_ISS,9733758,9733758,ok,0,pass
21345671111111,RV32_ISS,11992832,11992832,ok,0,pass
21345762223322,RV32_ISS,14333619,14333619,ok,0,pass
21345762312323,RV32_ISS,11323341,11323341,ok,0,pass
21345762313223,RV32_ISS,10185830,10185830,ok,0,pass
21345763332233,RV32_ISS,10923424,10923424,ok,0,pass
21346752313322,RV32_ISS,12181680,12181680,ok,0,pass
21347562312323,RV32_ISS,15242872,15242872,ok,0,pass
21354671122112,RV32_ISS,8898157,8898157,ok,0,pass
21354671131313,RV32_ISS,10958136,10958136,ok,0,pass
21354671221112,RV32_ISS,9046133,9046133,ok,0,pass
21354672311123,RV32_ISS,10021359,10021359,ok,0,pass
21354672311132,RV32_ISS,10990756,10990756,ok,0,pass
21354672313211,RV32_ISS,31102804,31102804,ok,0,pass
21354673131113,RV32_ISS,10900579,10900579,ok,0,pass
21354761112233,RV32_ISS,9302789,9302789,ok,0,pass
21354761112311,RV32_ISS,8684986,8684986,ok,0,pass
21354761113211,RV32_ISS,9632511,9632511,ok,0,pass
21354761113322,RV32_ISS,8817739,8817739,ok,0,pass
21354761122211,RV32_ISS,11570145,11570145,ok,0,pass
21354761133311,RV32_ISS,9704000,9704000,ok,0,pass
21354762213311,RV32_ISS,8121393,8121393,ok,0,pass
21354763312211,RV32_ISS,8677318,8677318,ok,0,pass
21357462311111,RV32_ISS,12015933,12015933,ok,0,pass
21357463213331,RV32_ISS,11119011,11119011,ok,0,pass
21357642221132,RV32_ISS,11589315,11589315,ok,0,pass
21364752311111,RV32_ISS,10399300,10399300,ok,0,pass
21364753212212,RV32_ISS,9792984,9792984,ok,0,pass
21365742221312,RV32_ISS,8491082,8491082,ok,0,pass
21365742312323,RV32_ISS,10274012,10274012,ok,0,pass
21367451311331,RV32_ISS,8809799,8809799,ok,0,pass
21367452112112,RV32_ISS,8654456,8654456,ok,0,pass
21374653333121,RV32_ISS,9634385,9634385,ok,0,pass
21375462312233,RV32_ISS,9445047,9445047,ok,0,pass
21375463333211,RV32_ISS,10241145,10241145,ok,0,pass
21376541111123,RV32_ISS,9244064,9244064,ok,0,pass
21376541112311,RV32_ISS,8925620,8925620,ok,0,pass
21376541122211,RV32_ISS,12141587,12141587,ok,0,pass
21376541131133,RV32_ISS,9452618,9452618,ok,0,pass
21457631321123,RV32_ISS,12595926,12595926,ok,0,pass
21473563331312,RV32_ISS,11263859,11263859,ok,0,pass
21536742222131,RV32_ISS,11098363,11098363,ok,0,pass
21654372231323,RV32_ISS,9765449,9765449,ok,0,pass
21654372233321,RV32_ISS,8915123,8915123,ok,0,pass
21654373332122,RV32_ISS,8772370,8772370,ok,0,pass
21654373332221,RV32_ISS,8712333,8712333,ok,0,pass
21734652123131,RV32_ISS,8563052,8563052,ok,0,pass
23147562123131,RV32_ISS,12393156,12393156,ok,0,pass
23147651112323,RV32_ISS,10220649,10220649,ok,0,pass
23147652312323,RV32_ISS,8909623,8909623,ok,0,pass
23156471222132,RV32_ISS,9579857,9579857,ok,0,pass
23156471333132,RV32_ISS,8116675,8116675,ok,0,pass
23156473323332,RV32_ISS,9008971,9008971,ok,0,pass
23157461231333,RV32_ISS,10163234,10163234,ok,0,pass
23157462131123,RV32_ISS,12676700,12676700,ok,0,pass
23164573213133,RV32_ISS,10161628,10161628,ok,0,pass
23164752131312,RV32_ISS,9697069,9697069,ok,0,pass
23164753333313,RV32_ISS,9437637,9437637,ok,0,pass
23165471111111,RV32_ISS,10255229,10255229,ok,0,pass
23165471311133,RV32_ISS,9268176,9268176,ok,0,pass
23165471312132,RV32_ISS,8619336,8619336,ok,0,pass
23165472111122,RV32_ISS,9674718,9674718,ok,0,pass
23165472111332,RV32_ISS,8273516,8273516,ok,0,pass
23165472132332,RV32_ISS,9518317,9518317,ok,0,pass
23165472311111,RV32_ISS,8864093,8864093,ok,0,pass
23165473233221,RV32_ISS,10487053,10487053,ok,0,pass
23165741112323,RV32_ISS,12856836,12856836,ok,0,pass
23165741231312,RV32_ISS,11700386,11700386,ok,0,pass
23165742123131,RV32_ISS,11609541,11609541,ok,0,pass
23165742131321,RV32_ISS,14302359,14302359,ok,0,pass
23165742131333,RV32_ISS,16728211,16728211,ok,0,pass
23165742312323,RV32_ISS,11576755,11576755,ok,0,pass
23165743331312,RV32_ISS,16772908,16772908,ok,0,pass
23167541233322,RV32_ISS,9727073,9727073,ok,0,pass
23167542131222,RV32_ISS,9624830,9624830,ok,0,pass
23174652123131,RV32_ISS,10072624,10072624,ok,0,pass
23175463211222,RV32_ISS,10518145,10518145,ok,0,pass
23176452132221,RV32_ISS,9686700,9686700,ok,0,pass
23176453332233,RV32_ISS,10309769,10309769,ok,0,pass
23416752121211,RV32_ISS,13026808,13026808,ok,0,pass
23417563232123,RV32_ISS,8604223,8604223,ok,0,pass
23456173212332,RV32_ISS,7487733,7487733,ok,0,pass
23456173233122,RV32_ISS,9561746,9561746,ok,0,pass
23456713212332,RV32_ISS,7788946,7788946,ok,0,pass
23475162121112,RV32_ISS,12201597,12201597,ok,0,pass
23517462131333,RV32_ISS,13131882,13131882,ok,0,pass
23576412233321,RV32_ISS,8690243,8690243,ok,0,pass
23576412312323,RV32_ISS,8339701,8339701,ok,0,pass
23657142121112,RV32_ISS,13225007,13225007,ok,0,pass
23671452122333,RV32_ISS,18200923,18200923,ok,0,pass
23674153232321,RV32_ISS,7874826,7874826,ok,0,pass
23751461132123,RV32_ISS,7522419,7522419,ok,0,pass
23751463112321,RV32_ISS,7609041,7609041,ok,0,pass
23756143222331,RV32_ISS,9497662,9497662,ok,0,pass
23756411222312,RV32_ISS,11738782,11738782,ok,0,pass
23756413222112,RV32_ISS,12273762,12273762,ok,0,pass
23756413223312,RV32_ISS,11768230,11768230,ok,0,pass
23756413322312,RV32_ISS,12323410,12323410,ok,0,pass
24153672321233,RV32_ISS,9647052,9647052,ok,0,pass
24157361313212,RV32_ISS,8800832,8800832,ok,0,pass
24157362323111,RV32_ISS,8673546,8673546,ok,0,pass
24167353132232,RV32_ISS,12737141,12737141,ok,0,pass
24173652323231,RV32_ISS,8028829,8028829,ok,0,pass
24315673311311,RV32_ISS,15219125,15219125,ok,0,pass
24315761122322,RV32_ISS,10583638,10583638,ok,0,pass
24315762213323,RV32_ISS,9658776,9658776,ok,0,pass
24351671212211,RV32_ISS,12124225,12124225,ok,0,pass
24351673111133,RV32_ISS,12336540,12336540,ok,0,pass
24351673311311,RV32_ISS,14286069,14286069,ok,0,pass
24351761111123,RV32_ISS,14617303,14617303,ok,0,pass
24351761212232,RV32_ISS,10313204,10313204,ok,0,pass
24367511323112,RV32_ISS,10789734,10789734,ok,0,pass
24367513111121,RV32_ISS,8069787,8069787,ok,0,pass
24376512222122,RV32_ISS,13238507,13238507,ok,0,pass
24516732233111,RV32_ISS,9854147,9854147,ok,0,pass
24531673123121,RV32_ISS,11025284,11025284,ok,0,pass
24536713231232,RV32_ISS,9823902,9823902,ok,0,pass
24537613231322,RV32_ISS,12767063,12767063,ok,0,pass
24561372111131,RV32_ISS,9627802,9627802,ok,0,pass
24563711121212,RV32_ISS,12231191,12231191,ok,0,pass
24563712121232,RV32_ISS,12326248,12326248,ok,0,pass
24563713121222,RV32_ISS,15808459,15808459,ok,0,pass
24571362221213,RV32_ISS,11403196,11403196,ok,0,pass
24571631121212,RV32_ISS,11366296,11366296,ok,0,pass
24615371112332,RV32_ISS,9128308,9128308,ok,0,pass
24615372213311,RV32_ISS,17309125,17309125,ok,0,pass
24615731122313,RV32_ISS,12013707,12013707,ok,0,pass
24615731132333,RV32_ISS,16457783,16457783,ok,0,pass
24615732111323,RV32_ISS,14527854,14527854,ok,0,pass
24615732213311,RV32_ISS,9912789,9912789,ok,0,pass
24615732233321,RV32_ISS,11783132,11783132,ok,0,pass
24615733113323,RV32_ISS,16932099,16932099,ok,0,pass
24615733311122,RV32_ISS,10336932,10336932,ok,0,pass
24617532233321,RV32_ISS,13143605,13143605,ok,0,pass
24637512311132,RV32_ISS,12326292,12326292,ok,0,pass
24651731113223,RV32_ISS,9620118,9620118,ok,0,pass
24651731333333,RV32_ISS,8661798,8661798,ok,0,pass
24715363311332,RV32_ISS,10375856,10375856,ok,0,pass
24715631111111,RV32_ISS,10949333,10949333,ok,0,pass
24715631122121,RV32_ISS,10872831,10872831,ok,0,pass
24715631122133,RV32_ISS,8752569,8752569,ok,0,pass
24715632313223,RV32_ISS,7937780,7937780,ok,0,pass
24715633112111,RV32_ISS,7811587,7811587,ok,0,pass
24715633131131,RV32_ISS,10597891,10597891,ok,0,pass
24716532323231,RV32_ISS,12300432,12300432,ok,0,pass
24731561111111,RV32_ISS,15298842,15298842,ok,0,pass
24731562311231,RV32_ISS,8903059,8903059,ok,0,pass
24736512222332,RV32_ISS,12800888,12800888,ok,0,pass
24751362221231,RV32_ISS,15838301,15838301,ok,0,pass
24751362321113,RV32_ISS,19088762,19088762,ok,0,pass
24761531221223,RV32_ISS,12386233,12386233,ok,0,pass
24763151111111,RV32_ISS,10221680,10221680,ok,0,pass
24765313222112,RV32_ISS,10441491,10441491,ok,0,pass
25134672233321,RV32_ISS,8616478,8616478,ok,0,pass
25134672312323,RV32_ISS,8272571,8272571,ok,0,pass
25134672313211,RV32_ISS,11094101,11094101,ok,0,pass
25137461111111,RV32_ISS,11152693,11152693,ok,0,pass
25137461211323,RV32_ISS,7677524,7677524,ok,0,pass
25163741112323,RV32_ISS,10153719,10153719,ok,0,pass
25314673111313,RV32_ISS,20696162,20696162,ok,0,pass
25314673111331,RV32_ISS,19780609,19780609,ok,0,pass
25314673131311,RV32_ISS,20443534,20443534,ok,0,pass
25341673113311,RV32_ISS,17092441,17092441,ok,0,pass
25341762313223,RV32_ISS,14455424,14455424,ok,0,pass
25364172311231,RV32_ISS,15768625,15768625,ok,0,pass
25364173223231,RV32_ISS,7460349,7460349,ok,0,pass
25367411211122,RV32_ISS,10554206,10554206,ok,0,pass
25413672323111,RV32_ISS,15871275,15871275,ok,0,pass
25413763121222,RV32_ISS,11037352,11037352,ok,0,pass
25436711311313,RV32_ISS,9326667,9326667,ok,0,pass
25436712123122,RV32_ISS,8671809,8671809,ok,0,pass
25436712123332,RV32_ISS,9606517,9606517,ok,0,pass
25436712132122,RV32_ISS,9501865,9501865,ok,0,pass
25436712323231,RV32_ISS,8665855,8665855,ok,0,pass
25436713232321,RV32_ISS,9319847,9319847,ok,0,pass
25436713332122,RV32_ISS,8835307,8835307,ok,0,pass
25463713212332,RV32_ISS,9796695,9796695,ok,0,pass
25471362323132,RV32_ISS,9238777,9238777,ok,0,pass
25471631312213,RV32_ISS,13909276,13909276,ok,0,pass
25631741212121,RV32_ISS,17041879,17041879,ok,0,pass
25634713321232,RV32_ISS,10743225,10743225,ok,0,pass
25641371213132,RV32_ISS,10369622,10369622,ok,0,pass
25714632123131,RV32_ISS,11064301,11064301,ok,0,pass
25714632223331,RV32_ISS,9816003,9816003,ok,0,pass
25714632313211,RV32_ISS,27446829,27446829,ok,0,pass
25714633121333,RV32_ISS,10729762,10729762,ok,0,pass
25716431212223,RV32_ISS,10335228,10335228,ok,0,pass
25716433223213,RV32_ISS,9751617,9751617,ok,0,pass
25731642232211,RV32_ISS,17155530,17155530,ok,0,pass
25734162221111,RV32_ISS,9732121,9732121,ok,0,pass
25734613113323,RV32_ISS,13187396,13187396,ok,0,pass
25736141111123,RV32_ISS,11706866,11706866,ok,0,pass
25736141233232,RV32_ISS,11094217,11094217,ok,0,pass
25736411133113,RV32_ISS,10576734,10576734,ok,0,pass
25736411231321,RV32_ISS,9547249,9547249,ok,0,pass
25736411321312,RV32_ISS,8142750,8142750,ok,0,pass
25736411331113,RV32_ISS,10106800,10106800,ok,0,pass
25736413123112,RV32_ISS,8484769,8484769,ok,0,pass
25741361232113,RV32_ISS,11732114,11732114,ok,0,pass
25741632222323,RV32_ISS,9899902,9899902,ok,0,pass
25741632312323,RV32_ISS,8929882,8929882,ok,0,pass
25743611233232,RV32_ISS,9249276,9249276,ok,0,pass
25763142223133,RV32_ISS,11250188,11250188,ok,0,pass
25763411332322,RV32_ISS,8538850,8538850,ok,0,pass
26135742132221,RV32_ISS,10671302,10671302,ok,0,pass
26135742213323,RV32_ISS,9834490,9834490,ok,0,pass
26135742332312,RV32_ISS,10168829,10168829,ok,0,pass
26153471122121,RV32_ISS,10019549,10019549,ok,0,pass
26153473131131,RV32_ISS,9095783,9095783,ok,0,pass
26153473132121,RV32_ISS,8871327,8871327,ok,0,pass
26154372332213,RV32_ISS,19707941,19707941,ok,0,pass
26175432331133,RV32_ISS,10877731,10877731,ok,0,pass
26317451212211,RV32_ISS,15788484,15788484,ok,0,pass
26345711223113,RV32_ISS,7362620,7362620,ok,0,pass
26371453112111,RV32_ISS,8668702,8668702,ok,0,pass
26415731322323,RV32_ISS,8542949,8542949,ok,0,pass
26415732121223,RV32_ISS,8502566,8502566,ok,0,pass
26415732233321,RV32_ISS,10539284,10539284,ok,0,pass
26435712222122,RV32_ISS,15585848,15585848,ok,0,pass
26435712233321,RV32_ISS,11517478,11517478,ok,0,pass
26435712311132,RV32_ISS,10993299,10993299,ok,0,pass
26435712322322,RV32_ISS,14504215,14504215,ok,0,pass
26435713311122,RV32_ISS,10853425,10853425,ok,0,pass
26435713333133,RV32_ISS,13200161,13200161,ok,0,pass
26437512122312,RV32_ISS,9689016,9689016,ok,0,pass
26453172211133,RV32_ISS,10714918,10714918,ok,0,pass
26453711333333,RV32_ISS,9647790,9647790,ok,0,pass
26513471122121,RV32_ISS,10221393,10221393,ok,0,pass
26517343333313,RV32_ISS,12448427,12448427,ok,0,pass
26534713333313,RV32_ISS,13363325,13363325,ok,0,pass
26543171111111,RV32_ISS,10118116,10118116,ok,0,pass
26543171123111,RV32_ISS,8207933,8207933,ok,0,pass
26547313131323,RV32_ISS,13336358,13336358,ok,0,pass
26573413331312,RV32_ISS,11016011,11016011,ok,0,pass
26714531212133,RV32_ISS,10669495,10669495,ok,0,pass
26714532121133,RV32_ISS,11524994,11524994,ok,0,pass
26715433231322,RV32_ISS,9831647,9831647,ok,0,pass
26741351232113,RV32_ISS,8523936,8523936,ok,0,pass
26743512121232,RV32_ISS,13315042,13315042,ok,0,pass
27134561131133,RV32_ISS,9882157,9882157,ok,0,pass
27154632311132,RV32_ISS,8883320,8883320,ok,0,pass
27314652313211,RV32_ISS,10807864,10807864,ok,0,pass
27365412321212,RV32_ISS,12858990,12858990,ok,0,pass
27415363131113,RV32_ISS,12452251,12452251,ok,0,pass
27415632323231,RV32_ISS,10645389,10645389,ok,0,pass
27415633321322,RV32_ISS,13134566,13134566,ok,0,pass
27416532133232,RV32_ISS,8861966,8861966,ok,0,pass
27416533321232,RV32_ISS,10757587,10757587,ok,0,pass
27435612122222,RV32_ISS,9560314,9560314,ok,0,pass
27453161123111,RV32_ISS,7895000,7895000,ok,0,pass
27453161132111,RV32_ISS,9265446,9265446,ok,0,pass
27456133132223,RV32_ISS,10060812,10060812,ok,0,pass
27516341111111,RV32_ISS,9728670,9728670,ok,0,pass
27534161111111,RV32_ISS,9678104,9678104,ok,0,pass
27534161111123,RV32_ISS,12858361,12858361,ok,0,pass
27534162311111,RV32_ISS,8959805,8959805,ok,0,pass
27534612311132,RV32_ISS,10484849,10484849,ok,0,pass
27536412332312,RV32_ISS,9694440,9694440,ok,0,pass
27543611111123,RV32_ISS,11375122,11375122,ok,0,pass
27543611111132,RV32_ISS,8080614,8080614,ok,0,pass
27546312231122,RV32_ISS,17051878,17051878,ok,0,pass
27613543333133,RV32_ISS,12477804,12477804,ok,0,pass
27614353311332,RV32_ISS,10836122,10836122,ok,0,pass
27615431312333,RV32_ISS,11799317,11799317,ok,0,pass
27615432113321,RV32_ISS,12482068,12482068,ok,0,pass
27615433313213,RV32_ISS,8676519,8676519,ok,0,pass
27634511131133,RV32_ISS,9732754,9732754,ok,0,pass
27634512233321,RV32_ISS,9110259,9110259,ok,0,pass
27643513311233,RV32_ISS,14128994,14128994,ok,0,pass
31246753312211,RV32_ISS,12039446,12039446,ok,0,pass
31247651113232,RV32_ISS,8666987,8666987,ok,0,pass
31247651323232,RV32_ISS,10236071,10236071,ok,0,pass
31256471231222,RV32_ISS,9697949,9697949,ok,0,pass
31257462222221,RV32_ISS,11553544,11553544,ok,0,pass
31257462312311,RV32_ISS,9564721,9564721,ok,0,pass
31257643311122,RV32_ISS,10053358,10053358,ok,0,pass
31264572122213,RV32_ISS,9901553,9901553,ok,0,pass
31264573132313,RV32_ISS,9522928,9522928,ok,0,pass
31264573222223,RV32_ISS,9783420,9783420,ok,0,pass
31264752132122,RV32_ISS,9843879,9843879,ok,0,pass
31264752313121,RV32_ISS,10482484,10482484,ok,0,pass
31265471111111,RV32_ISS,12459059,12459059,ok,0,pass
31265471122112,RV32_ISS,8755273,8755273,ok,0,pass
31265471122133,RV32_ISS,10019945,10019945,ok,0,pass
31265471312213,RV32_ISS,8897867,8897867,ok,0,pass
31265471313113,RV32_ISS,8265989,8265989,ok,0,pass
31265471321111,RV32_ISS,7790661,7790661,ok,0,pass
31265472233321,RV32_ISS,12489068,12489068,ok,0,pass
31265472312233,RV32_ISS,8901814,8901814,ok,0,pass
31265741233331,RV32_ISS,12305953,12305953,ok,0,pass
31267542222233,RV32_ISS,11515022,11515022,ok,0,pass
31267542313133,RV32_ISS,12487159,12487159,ok,0,pass
31275461112233,RV32_ISS,12685668,12685668,ok,0,pass
31275461322233,RV32_ISS,12811426,12811426,ok,0,pass
31275462133211,RV32_ISS,10691028,10691028,ok,0,pass
31275462223211,RV32_ISS,10744737,10744737,ok,0,pass
31275462311213,RV32_ISS,11271206,11271206,ok,0,pass
31275462312212,RV32_ISS,11378371,11378371,ok,0,pass
31275463311122,RV32_ISS,12235280,12235280,ok,0,pass
31276452133322,RV32_ISS,8817370,8817370,ok,0,pass
31276452313313,RV32_ISS,10371739,10371739,ok,0,pass
31452671323211,RV32_ISS,7330300,7330300,ok,0,pass
31452671332232,RV32_ISS,7775301,7775301,ok,0,pass
31452672322331,RV32_ISS,7812169,7812169,ok,0,pass
31456722111221,RV32_ISS,9819043,9819043,ok,0,pass
31462751111111,RV32_ISS,10512463,10512463,ok,0,pass
31462751113322,RV32_ISS,9035588,9035588,ok,0,pass
31475261322233,RV32_ISS,9440919,9440919,ok,0,pass
31475262331313,RV32_ISS,11305040,11305040,ok,0,pass
31475262333221,RV32_ISS,9395109,9395109,ok,0,pass
31524673332122,RV32_ISS,13327346,13327346,ok,0,pass
31527643332122,RV32_ISS,7867845,7867845,ok,0,pass
31564272212111,RV32_ISS,15070668,15070668,ok,0,pass
31564272213311,RV32_ISS,8740242,8740242,ok,0,pass
31564273113311,RV32_ISS,9546797,9546797,ok,0,pass
31572461122133,RV32_ISS,9731784,9731784,ok,0,pass
31624751112233,RV32_ISS,8280149,8280149,ok,0,pass
31624753312211,RV32_ISS,8120058,8120058,ok,0,pass
31627452221333,RV32_ISS,12530535,12530535,ok,0,pass
31654272313322,RV32_ISS,13737845,13737845,ok,0,pass
31754621331122,RV32_ISS,12078994,12078994,ok,0,pass
31765242322121,RV32_ISS,11798518,11798518,ok,0,pass
32145671111111,RV32_ISS,16549882,16549882,ok,0,pass
32145671123333,RV32_ISS,9539227,9539227,ok,0,pass
32145671132222,RV32_ISS,8944064,8944064,ok,0,pass
32145671221112,RV32_ISS,9590360,9590360,ok,0,pass
32145671333333,RV32_ISS,9515979,9515979,ok,0,pass
32145672113333,RV32_ISS,8967776,8967776,ok,0,pass
32145672212222,RV32_ISS,9090337,9090337,ok,0,pass
32145673112222,RV32_ISS,8112064,8112064,ok,0,pass
32145673311113,RV32_ISS,9265727,9265727,ok,0,pass
32146751232323,RV32_ISS,9211234,9211234,ok,0,pass
32146752232223,RV32_ISS,11329510,11329510,ok,0,pass
32147562313223,RV32_ISS,8124856,8124856,ok,0,pass
32147562333233,RV32_ISS,14555316,14555316,ok,0,pass
32147651123333,RV32_ISS,14191966,14191966,ok,0,pass
32147651132222,RV32_ISS,12941615,12941615,ok,0,pass
32147651213333,RV32_ISS,14635553,14635553,ok,0,pass
32147651312222,RV32_ISS,13472492,13472492,ok,0,pass
32147652113333,RV32_ISS,13120351,13120351,ok,0,pass
32147652231332,RV32_ISS,12710557,12710557,ok,0,pass
32147652233213,RV32_ISS,16762207,16762207,ok,0,pass
32147652331322,RV32_ISS,13789876,13789876,ok,0,pass
32147652332213,RV32_ISS,16214707,16214707,ok,0,pass
32147653112222,RV32_ISS,13208895,13208895,ok,0,pass
32156471111111,RV32_ISS,10594338,10594338,ok,0,pass
32156471113211,RV32_ISS,8423089,8423089,ok,0,pass
32156471232332,RV32_ISS,7758303,7758303,ok,0,pass
32156472312332,RV32_ISS,8192639,8192639,ok,0,pass
32156472332132,RV32_ISS,8064870,8064870,ok,0,pass
32156472332321,RV32_ISS,8867076,8867076,ok,0,pass
32156472333332,RV32_ISS,9170540,9170540,ok,0,pass
32156473223123,RV32_ISS,7526806,7526806,ok,0,pass
32156741112323,RV32_ISS,15380683,15380683,ok,0,pass
32156742311123,RV32_ISS,8288917,8288917,ok,0,pass
32156742313223,RV32_ISS,9824775,9824775,ok,0,pass
32156742333131,RV32_ISS,8320630,8320630,ok,0,pass
32157641232323,RV32_ISS,9263533,9263533,ok,0,pass
32157642231323,RV32_ISS,9331944,9331944,ok,0,pass
32164571111111,RV32_ISS,11536894,11536894,ok,0,pass
32164571111231,RV32_ISS,8029491,8029491,ok,0,pass
32164571232323,RV32_ISS,8264013,8264013,ok,0,pass
32164572232223,RV32_ISS,9843499,9843499,ok,0,pass
32164572232313,RV32_ISS,9820711,9820711,ok,0,pass
32164572233321,RV32_ISS,9587505,9587505,ok,0,pass
32164572312323,RV32_ISS,9249782,9249782,ok,0,pass
32164573323212,RV32_ISS,8751129,8751129,ok,0,pass
32165741111111,RV32_ISS,13850003,13850003,ok,0,pass
32165741111132,RV32_ISS,8920022,8920022,ok,0,pass
32165741233223,RV32_ISS,8572069,8572069,ok,0,pass
32165742211112,RV32_ISS,11234981,11234981,ok,0,pass
32165742331112,RV32_ISS,8262744,8262744,ok,0,pass
32165743311131,RV32_ISS,8749496,8749496,ok,0,pass
32167451111111,RV32_ISS,11589618,11589618,ok,0,pass
32167451213333,RV32_ISS,9229937,9229937,ok,0,pass
32167451222222,RV32_ISS,8864980,8864980,ok,0,pass
32167451312222,RV32_ISS,8809153,8809153,ok,0,pass
32167451333111,RV32_ISS,8518117,8518117,ok,0,pass
32167452211121,RV32_ISS,9111545,9111545,ok,0,pass
32167453222313,RV32_ISS,7859733,7859733,ok,0,pass
32167453313333,RV32_ISS,9091699,9091699,ok,0,pass
32167453321232,RV32_ISS,8964516,8964516,ok,0,pass
32174561112323,RV32_ISS,11238932,11238932,ok,0,pass
32174561232113,RV32_ISS,11716847,11716847,ok,0,pass
32174561232233,RV32_ISS,10355657,10355657,ok,0,pass
32174562231212,RV32_ISS,9388953,9388953,ok,0,pass
32174652312332,RV32_ISS,8045876,8045876,ok,0,pass
32174652332132,RV32_ISS,8206765,8206765,ok,0,pass
32175461111111,RV32_ISS,11890208,11890208,ok,0,pass
32175461113112,RV32_ISS,8231056,8231056,ok,0,pass
32175461221112,RV32_ISS,8510281,8510281,ok,0,pass
32175461333111,RV32_ISS,8785911,8785911,ok,0,pass
32175462233111,RV32_ISS,9273177,9273177,ok,0,pass
32175462312323,RV32_ISS,12325737,12325737,ok,0,pass
32416753121222,RV32_ISS,14535307,14535307,ok,0,pass
32417562113321,RV32_ISS,13916621,13916621,ok,0,pass
32417652132131,RV32_ISS,8583046,8583046,ok,0,pass
32417653132121,RV32_ISS,7454122,7454122,ok,0,pass
32451762331121,RV32_ISS,7598678,7598678,ok,0,pass
32456173212332,RV32_ISS,9755724,9755724,ok,0,pass
32456711233133,RV32_ISS,18451204,18451204,ok,0,pass
32465172112121,RV32_ISS,9427753,9427753,ok,0,pass
32465172132131,RV32_ISS,7720309,7720309,ok,0,pass
32465172133121,RV32_ISS,8087148,8087148,ok,0,pass
32465172332321,RV32_ISS,9044471,9044471,ok,0,pass
32465173123121,RV32_ISS,8479225,8479225,ok,0,pass
32465173132121,RV32_ISS,8725580,8725580,ok,0,pass
32465173133111,RV32_ISS,9441078,9441078,ok,0,pass
32465173233221,RV32_ISS,10099794,10099794,ok,0,pass
32475161232323,RV32_ISS,10304344,10304344,ok,0,pass
32475163331222,RV32_ISS,10588552,10588552,ok,0,pass
32476513232231,RV32_ISS,8963110,8963110,ok,0,pass
32517463131311,RV32_ISS,14543696,14543696,ok,0,pass
32546713323212,RV32_ISS,9805935,9805935,ok,0,pass
32547611121113,RV32_ISS,9104998,9104998,ok,0,pass
32547611131112,RV32_ISS,8450452,8450452,ok,0,pass
32547611213111,RV32_ISS,8642290,8642290,ok,0,pass
32547611312111,RV32_ISS,9050307,9050307,ok,0,pass
32547612111311,RV32_ISS,8798968,8798968,ok,0,pass
32547613111211,RV32_ISS,8642889,8642889,ok,0,pass
32561471113133,RV32_ISS,9938613,9938613,ok,0,pass
32561471121311,RV32_ISS,8913565,8913565,ok,0,pass
32561471122211,RV32_ISS,9635538,9635538,ok,0,pass
32561471131211,RV32_ISS,8994889,8994889,ok,0,pass
32561471211131,RV32_ISS,11398459,11398459,ok,0,pass
32561471311121,RV32_ISS,9119084,9119084,ok,0,pass
32561472133313,RV32_ISS,8647990,8647990,ok,0,pass
32561472213122,RV32_ISS,8615457,8615457,ok,0,pass
32561473222223,RV32_ISS,8159985,8159985,ok,0,pass
32561473323212,RV32_ISS,8272461,8272461,ok,0,pass
32567412122222,RV32_ISS,9499113,9499113,ok,0,pass
32567412131312,RV32_ISS,11756128,11756128,ok,0,pass
32567412222212,RV32_ISS,14450507,14450507,ok,0,pass
32567413131212,RV32_ISS,9329854,9329854,ok,0,pass
32567413133333,RV32_ISS,11427273,11427273,ok,0,pass
32576142313223,RV32_ISS,9320863,9320863,ok,0,pass
32615473332122,RV32_ISS,9606027,9606027,ok,0,pass
32647152133121,RV32_ISS,10949688,10949688,ok,0,pass
32647153132121,RV32_ISS,7510194,7510194,ok,0,pass
32647512333233,RV32_ISS,15226803,15226803,ok,0,pass
32657143121213,RV32_ISS,11471351,11471351,ok,0,pass
32657412111212,RV32_ISS,11273440,11273440,ok,0,pass
32671453123313,RV32_ISS,11804639,11804639,ok,0,pass
32674152113333,RV32_ISS,13635574,13635574,ok,0,pass
32714652332132,RV32_ISS,8691232,8691232,ok,0,pass
32716452123212,RV32_ISS,13004359,13004359,ok,0,pass
32741651121311,RV32_ISS,11920763,11920763,ok,0,pass
32741651131211,RV32_ISS,9420961,9420961,ok,0,pass
32741651211131,RV32_ISS,8766219,8766219,ok,0,pass
32741651311121,RV32_ISS,9115576,9115576,ok,0,pass
32741652111113,RV32_ISS,9609199,9609199,ok,0,pass
32741653111112,RV32_ISS,9600704,9600704,ok,0,pass
32745611223332,RV32_ISS,8381111,8381111,ok,0,pass
32745612313322,RV32_ISS,9760667,9760667,ok,0,pass
32745612322331,RV32_ISS,8171609,8171609,ok,0,pass
32751643321232,RV32_ISS,10097119,10097119,ok,0,pass
32754163211123,RV32_ISS,8693442,8693442,ok,0,pass
32756141233121,RV32_ISS,10326782,10326782,ok,0,pass
32761452121313,RV32_ISS,9592763,9592763,ok,0,pass
32761452122222,RV32_ISS,10196650,10196650,ok,0,pass
32761452222212,RV32_ISS,9552691,9552691,ok,0,pass
32761453121312,RV32_ISS,13371137,13371137,ok,0,pass
32761453133333,RV32_ISS,9766721,9766721,ok,0,pass
32765411112221,RV32_ISS,9478867,9478867,ok,0,pass
32765411121113,RV32_ISS,8596739,8596739,ok,0,pass
32765411131112,RV32_ISS,8197169,8197169,ok,0,pass
32765411133113,RV32_ISS,8963954,8963954,ok,0,pass
32765411331113,RV32_ISS,8955220,8955220,ok,0,pass
32765412221312,RV32_ISS,8521549,8521549,ok,0,pass
32765412323222,RV32_ISS,8857592,8857592,ok,0,pass
32765413122212,RV32_ISS,8134814,8134814,ok,0,pass
32765413223312,RV32_ISS,8076781,8076781,ok,0,pass
32765413231223,RV32_ISS,9605059,9605059,ok,0,pass
32765413322312,RV32_ISS,7981672,7981672,ok,0,pass
34125672131213,RV32_ISS,9176396,9176396,ok,0,pass
34125672131312,RV32_ISS,10209050,10209050,ok,0,pass
34125672221222,RV32_ISS,9568107,9568107,ok,0,pass
34125673133333,RV32_ISS,10486884,10486884,ok,0,pass
34127651121113,RV32_ISS,8564308,8564308,ok,0,pass
34127651131112,RV32_ISS,8457172,8457172,ok,0,pass
34127651213111,RV32_ISS,8693455,8693455,ok,0,pass
34127651312111,RV32_ISS,9080396,9080396,ok,0,pass
34127652111311,RV32_ISS,8532560,8532560,ok,0,pass
34127653111211,RV32_ISS,8604026,8604026,ok,0,pass
34162752132212,RV32_ISS,17489542,17489542,ok,0,pass
34165271112212,RV32_ISS,10460035,10460035,ok,0,pass
34165271121311,RV32_ISS,9676264,9676264,ok,0,pass
34165271131211,RV32_ISS,9060382,9060382,ok,0,pass
34165271211131,RV32_ISS,11130808,11130808,ok,0,pass
34165271311121,RV32_ISS,8500784,8500784,ok,0,pass
34165271311133,RV32_ISS,9357980,9357980,ok,0,pass
34165272323333,RV32_ISS,8723696,8723696,ok,0,pass
34165273133312,RV32_ISS,10941159,10941159,ok,0,pass
34165273222322,RV32_ISS,7832120,7832120,ok,0,pass
34165273311131,RV32_ISS,8595786,8595786,ok,0,pass
34167252213323,RV32_ISS,9985002,9985002,ok,0,pass
34172562132332,RV32_ISS,9872752,9872752,ok,0,pass
34172562313331,RV32_ISS,10569047,10569047,ok,0,pass
34175263321232,RV32_ISS,10143761,10143761,ok,0,pass
34216572213122,RV32_ISS,13651091,13651091,ok,0,pass
34261572132131,RV32_ISS,7666239,7666239,ok,0,pass
34261572133121,RV32_ISS,8049076,8049076,ok,0,pass
34261573123121,RV32_ISS,8224329,8224329,ok,0,pass
34265712212132,RV32_ISS,12804282,12804282,ok,0,pass
34275161312213,RV32_ISS,9592269,9592269,ok,0,pass
34275162112322,RV32_ISS,9233817,9233817,ok,0,pass
34275162213221,RV32_ISS,10146414,10146414,ok,0,pass
34516271111111,RV32_ISS,9925596,9925596,ok,0,pass
34516272312332,RV32_ISS,10851765,10851765,ok,0,pass
34516722313223,RV32_ISS,12170779,12170779,ok,0,pass
34517622231323,RV32_ISS,10175156,10175156,ok,0,pass
34521672223232,RV32_ISS,9415017,9415017,ok,0,pass
34526713232312,RV32_ISS,8683229,8683229,ok,0,pass
34527612211322,RV32_ISS,14302131,14302131,ok,0,pass
34527612231122,RV32_ISS,13927640,13927640,ok,0,pass
34527612231332,RV32_ISS,15276385,15276385,ok,0,pass
34527612331322,RV32_ISS,13922362,13922362,ok,0,pass
34527613312133,RV32_ISS,14174650,14174650,ok,0,pass
34561272122123,RV32_ISS,13249337,13249337,ok,0,pass
34561272122321,RV32_ISS,13836160,13836160,ok,0,pass
34561272212213,RV32_ISS,16801807,16801807,ok,0,pass
34561272213122,RV32_ISS,13752562,13752562,ok,0,pass
34561272232211,RV32_ISS,16242092,16242092,ok,0,pass
34561273221233,RV32_ISS,13135187,13135187,ok,0,pass
34561273233131,RV32_ISS,13007406,13007406,ok,0,pass
34561273311233,RV32_ISS,13633043,13633043,ok,0,pass
34561273313321,RV32_ISS,15533626,15533626,ok,0,pass
34561273321133,RV32_ISS,14181003,14181003,ok,0,pass
34561273321223,RV32_ISS,13328740,13328740,ok,0,pass
34561721111111,RV32_ISS,10751025,10751025,ok,0,pass
34562171321111,RV32_ISS,8670076,8670076,ok,0,pass
34562171321231,RV32_ISS,8467384,8467384,ok,0,pass
34562172232313,RV32_ISS,11187361,11187361,ok,0,pass
34567212223232,RV32_ISS,10967704,10967704,ok,0,pass
34617252111212,RV32_ISS,12035375,12035375,ok,0,pass
34617252123212,RV32_ISS,11922869,11922869,ok,0,pass
34617252132212,RV32_ISS,12736575,12736575,ok,0,pass
34617522221333,RV32_ISS,11340013,11340013,ok,0,pass
34621572132131,RV32_ISS,8970342,8970342,ok,0,pass
34625172111212,RV32_ISS,12886391,12886391,ok,0,pass
34627512232313,RV32_ISS,9067617,9067617,ok,0,pass
34651271123111,RV32_ISS,8852969,8852969,ok,0,pass
34651272332132,RV32_ISS,8451478,8451478,ok,0,pass
34675212222122,RV32_ISS,13164325,13164325,ok,0,pass
34715262221123,RV32_ISS,12932010,12932010,ok,0,pass
34716522223211,RV32_ISS,11506158,11506158,ok,0,pass
34721652121313,RV32_ISS,12341581,12341581,ok,0,pass
34721652131213,RV32_ISS,11182306,11182306,ok,0,pass
34721652221222,RV32_ISS,12499144,12499144,ok,0,pass
34721652222212,RV32_ISS,11748976,11748976,ok,0,pass
34721653333313,RV32_ISS,11034880,11034880,ok,0,pass
34725611212211,RV32_ISS,9788833,9788833,ok,0,pass
34725612111113,RV32_ISS,8429992,8429992,ok,0,pass
34725612121322,RV32_ISS,9750053,9750053,ok,0,pass
34725612231212,RV32_ISS,9773126,9773126,ok,0,pass
34725612231332,RV32_ISS,8564184,8564184,ok,0,pass
34725612322232,RV32_ISS,9152781,9152781,ok,0,pass
34725612331322,RV32_ISS,9040380,9040380,ok,0,pass
34725613111112,RV32_ISS,9267905,9267905,ok,0,pass
34725613111133,RV32_ISS,8990800,8990800,ok,0,pass
34725613132223,RV32_ISS,9045942,9045942,ok,0,pass
34725613311113,RV32_ISS,9017230,9017230,ok,0,pass
34761252323222,RV32_ISS,8531405,8531405,ok,0,pass
35126741232212,RV32_ISS,10815268,10815268,ok,0,pass
35126742231233,RV32_ISS,10778941,10778941,ok,0,pass
35127462331331,RV32_ISS,11351261,11351261,ok,0,pass
35162472122231,RV32_ISS,8607387,8607387,ok,0,pass
35162472123233,RV32_ISS,11009804,11009804,ok,0,pass
35162473122221,RV32_ISS,8465864,8465864,ok,0,pass
35162473323131,RV32_ISS,8619007,8619007,ok,0,pass
35162473332122,RV32_ISS,9574657,9574657,ok,0,pass
35162473332131,RV32_ISS,8532552,8532552,ok,0,pass
35162742213323,RV32_ISS,11102058,11102058,ok,0,pass
35167242132212,RV32_ISS,10845972,10845972,ok,0,pass
35172461232323,RV32_ISS,10293055,10293055,ok,0,pass
35174262213131,RV32_ISS,12917082,12917082,ok,0,pass
35174262231113,RV32_ISS,11374103,11374103,ok,0,pass
35246171111111,RV32_ISS,9611892,9611892,ok,0,pass
35246171113322,RV32_ISS,8351174,8351174,ok,0,pass
35246172213311,RV32_ISS,9304862,9304862,ok,0,pass
35267141223233,RV32_ISS,7875355,7875355,ok,0,pass
35267141321132,RV32_ISS,16445390,16445390,ok,0,pass
35271461322233,RV32_ISS,8532820,8532820,ok,0,pass
35416721113112,RV32_ISS,8522897,8522897,ok,0,pass
35416723232213,RV32_ISS,11515352,11515352,ok,0,pass
35417622223133,RV32_ISS,12475847,12475847,ok,0,pass
35426712131132,RV32_ISS,9546248,9546248,ok,0,pass
35426712311312,RV32_ISS,8451096,8451096,ok,0,pass
35426713111313,RV32_ISS,10124349,10124349,ok,0,pass
35426713131113,RV32_ISS,9173087,9173087,ok,0,pass
35426713312211,RV32_ISS,9676734,9676734,ok,0,pass
35461271111231,RV32_ISS,9918436,9918436,ok,0,pass
35461271321231,RV32_ISS,8452979,8452979,ok,0,pass
35461272222323,RV32_ISS,8776714,8776714,ok,0,pass
35462171131313,RV32_ISS,9393294,9393294,ok,0,pass
35462171212121,RV32_ISS,9832673,9832673,ok,0,pass
35462171221223,RV32_ISS,8087569,8087569,ok,0,pass
35462171332331,RV32_ISS,9070537,9070537,ok,0,pass
35462172213311,RV32_ISS,9682591,9682591,ok,0,pass
35462172223331,RV32_ISS,8835440,8835440,ok,0,pass
35462172312131,RV32_ISS,8564785,8564785,ok,0,pass
35462173123211,RV32_ISS,8992194,8992194,ok,0,pass
35462173131311,RV32_ISS,10042937,10042937,ok,0,pass
35462173221221,RV32_ISS,9662250,9662250,ok,0,pass
35462712322322,RV32_ISS,10784529,10784529,ok,0,pass
35472163222313,RV32_ISS,8806957,8806957,ok,0,pass
35472163231322,RV32_ISS,9758104,9758104,ok,0,pass
35476122221111,RV32_ISS,9996665,9996665,ok,0,pass
35614722321233,RV32_ISS,10430126,10430126,ok,0,pass
35617423131332,RV32_ISS,9501970,9501970,ok,0,pass
35624712121232,RV32_ISS,13496160,13496160,ok,0,pass
35624712321212,RV32_ISS,15712631,15712631,ok,0,pass
35624712321332,RV32_ISS,13208595,13208595,ok,0,pass
35624712331232,RV32_ISS,13319238,13319238,ok,0,pass
35714623111322,RV32_ISS,11503222,11503222,ok,0,pass
35721642221213,RV32_ISS,17693284,17693284,ok,0,pass
35762142222113,RV32_ISS,10638121,10638121,ok,0,pass
36125471111333,RV32_ISS,9138180,9138180,ok,0,pass
36125471212112,RV32_ISS,12934493,12934493,ok,0,pass
36125471213111,RV32_ISS,8353211,8353211,ok,0,pass
36125471222111,RV32_ISS,13164811,13164811,ok,0,pass
36125471312111,RV32_ISS,8783927,8783927,ok,0,pass
36125472111311,RV32_ISS,8318973,8318973,ok,0,pass
36125472121223,RV32_ISS,7978610,7978610,ok,0,pass
36125473111211,RV32_ISS,8947101,8947101,ok,0,pass
36125473232222,RV32_ISS,9782745,9782745,ok,0,pass
36125473323233,RV32_ISS,9464887,9464887,ok,0,pass
36125743222331,RV32_ISS,15200542,15200542,ok,0,pass
36127451333222,RV32_ISS,8209729,8209729,ok,0,pass
36145272122222,RV32_ISS,11139389,11139389,ok,0,pass
36145272131213,RV32_ISS,14485290,14485290,ok,0,pass
36145272131312,RV32_ISS,9903712,9903712,ok,0,pass
36145273333313,RV32_ISS,11401567,11401567,ok,0,pass
36147251121311,RV32_ISS,9409932,9409932,ok,0,pass
36147251131211,RV32_ISS,9856894,9856894,ok,0,pass
36147251211131,RV32_ISS,10251903,10251903,ok,0,pass
36147251311121,RV32_ISS,8581576,8581576,ok,0,pass
36147252111113,RV32_ISS,10967089,10967089,ok,0,pass
36147253111112,RV32_ISS,9207994,9207994,ok,0,pass
36152741231312,RV32_ISS,12165166,12165166,ok,0,pass
36152742131321,RV32_ISS,10733841,10733841,ok,0,pass
36172452133133,RV32_ISS,12866283,12866283,ok,0,pass
36217452131333,RV32_ISS,12479535,12479535,ok,0,pass
36217541223311,RV32_ISS,7345816,7345816,ok,0,pass
36217543213112,RV32_ISS,7742152,7742152,ok,0,pass
36241573212332,RV32_ISS,8095903,8095903,ok,0,pass
36241753212311,RV32_ISS,9392026,9392026,ok,0,pass
36415272123212,RV32_ISS,11581260,11581260,ok,0,pass
36417522123311,RV32_ISS,10401850,10401850,ok,0,pass
36514272212111,RV32_ISS,14431717,14431717,ok,0,pass
36521472113321,RV32_ISS,10159948,10159948,ok,0,pass
36521472331121,RV32_ISS,8556741,8556741,ok,0,pass
36527411131133,RV32_ISS,8626471,8626471,ok,0,pass
36527412111113,RV32_ISS,8499617,8499617,ok,0,pass
36527412131222,RV32_ISS,9979280,9979280,ok,0,pass
36527412211322,RV32_ISS,10071428,10071428,ok,0,pass
36527412221312,RV32_ISS,8747886,8747886,ok,0,pass
36527412231122,RV32_ISS,8840789,8840789,ok,0,pass
36527412322232,RV32_ISS,8982543,8982543,ok,0,pass
36527413111112,RV32_ISS,8970616,8970616,ok,0,pass
36527413311311,RV32_ISS,8402972,8402972,ok,0,pass
36541272323222,RV32_ISS,8438291,8438291,ok,0,pass
36542712121322,RV32_ISS,13071312,13071312,ok,0,pass
36547212121313,RV32_ISS,11028939,11028939,ok,0,pass
36547212122222,RV32_ISS,11688612,11688612,ok,0,pass
36547212131312,RV32_ISS,11741110,11741110,ok,0,pass
36547212221222,RV32_ISS,11139967,11139967,ok,0,pass
36547213331333,RV32_ISS,10036517,10036517,ok,0,pass
36712542121112,RV32_ISS,13604882,13604882,ok,0,pass
36712542121121,RV32_ISS,12742813,12742813,ok,0,pass
36712542121211,RV32_ISS,14994198,14994198,ok,0,pass
36712542122111,RV32_ISS,13434361,13434361,ok,0,pass
36714252232223,RV32_ISS,8773339,8773339,ok,0,pass
36714521232113,RV32_ISS,12107391,12107391,ok,0,pass
36714522121322,RV32_ISS,12034607,12034607,ok,0,pass
36714522122213,RV32_ISS,9755942,9755942,ok,0,pass
36714523132223,RV32_ISS,9921879,9921879,ok,0,pass
36714523132322,RV32_ISS,9732623,9732623,ok,0,pass
36721451131331,RV32_ISS,8555038,8555038,ok,0,pass
36721452121322,RV32_ISS,9793759,9793759,ok,0,pass
36721452122123,RV32_ISS,8159763,8159763,ok,0,pass
36721452122213,RV32_ISS,9787404,9787404,ok,0,pass
36721452122321,RV32_ISS,9143303,9143303,ok,0,pass
36721452131111,RV32_ISS,9048130,9048130,ok,0,pass
36721452223232,RV32_ISS,8754995,8754995,ok,0,pass
36721453113113,RV32_ISS,9512843,9512843,ok,0,pass
36721453121111,RV32_ISS,11561686,11561686,ok,0,pass
36725411121212,RV32_ISS,14443549,14443549,ok,0,pass
36725411131313,RV32_ISS,14491633,14491633,ok,0,pass
36725411212121,RV32_ISS,14514956,14514956,ok,0,pass
36725411313131,RV32_ISS,14596618,14596618,ok,0,pass
36725412111212,RV32_ISS,15655705,15655705,ok,0,pass
36725412121112,RV32_ISS,14462149,14462149,ok,0,pass
36725412121211,RV32_ISS,14890976,14890976,ok,0,pass
36725412121232,RV32_ISS,14532444,14532444,ok,0,pass
36725412123212,RV32_ISS,15392858,15392858,ok,0,pass
36725412321212,RV32_ISS,15141265,15141265,ok,0,pass
36725413111313,RV32_ISS,16677693,16677693,ok,0,pass
36725413131113,RV32_ISS,14985920,14985920,ok,0,pass
36725413131311,RV32_ISS,17515671,17515671,ok,0,pass
36741252122123,RV32_ISS,14639293,14639293,ok,0,pass
36741252122321,RV32_ISS,13674887,13674887,ok,0,pass
36741252122333,RV32_ISS,13204702,13204702,ok,0,pass
36741252123323,RV32_ISS,14137822,14137822,ok,0,pass
36741253233131,RV32_ISS,13938129,13938129,ok,0,pass
36745211211221,RV32_ISS,7971949,7971949,ok,0,pass
36745212121223,RV32_ISS,8316169,8316169,ok,0,pass
36745212122312,RV32_ISS,10390946,10390946,ok,0,pass
36745212122333,RV32_ISS,8832129,8832129,ok,0,pass
36745212123323,RV32_ISS,9922758,9922758,ok,0,pass
36745212131111,RV32_ISS,8345515,8345515,ok,0,pass
36745212223232,RV32_ISS,8763749,8763749,ok,0,pass
36745213121111,RV32_ISS,10766527,10766527,ok,0,pass
36745213131131,RV32_ISS,8187988,8187988,ok,0,pass
36745213133111,RV32_ISS,8983101,8983101,ok,0,pass
36745213232213,RV32_ISS,8569335,8569335,ok,0,pass
36751243222322,RV32_ISS,8976052,8976052,ok,0,pass
36752142122132,RV32_ISS,9577670,9577670,ok,0,pass
36752142123221,RV32_ISS,8970099,8970099,ok,0,pass
36752143132232,RV32_ISS,7973602,7973602,ok,0,pass
36752143133222,RV32_ISS,9711534,9711534,ok,0,pass
36752143211132,RV32_ISS,9062675,9062675,ok,0,pass
36754123232222,RV32_ISS,15581958,15581958,ok,0,pass
37246511112233,RV32_ISS,10986483,10986483,ok,0,pass
37256142321233,RV32_ISS,10327932,10327932,ok,0,pass
37415622333221,RV32_ISS,11627750,11627750,ok,0,pass
37426513132313,RV32_ISS,13345764,13345764,ok,0,pass
37452162323312,RV32_ISS,9601593,9601593,ok,0,pass
37516422333311,RV32_ISS,9116390,9116390,ok,0,pass
37561241311112,RV32_ISS,8854652,8854652,ok,0,pass
37612453122233,RV32_ISS,8978974,8978974,ok,0,pass
37612542221111,RV32_ISS,10537640,10537640,ok,0,pass
37614252221123,RV32_ISS,11467608,11467608,ok,0,pass
37614521111111,RV32_ISS,12077219,12077219,ok,0,pass
37614521323232,RV32_ISS,7869981,7869981,ok,0,pass
37614522111221,RV32_ISS,8919722,8919722,ok,0,pass
37614522113321,RV32_ISS,10136853,10136853,ok,0,pass
37614522313322,RV32_ISS,10562734,10562734,ok,0,pass
37614522323312,RV32_ISS,8855416,8855416,ok,0,pass
37614523232213,RV32_ISS,9974282,9974282,ok,0,pass
37615421113322,RV32_ISS,11134513,11134513,ok,0,pass
37615422211133,RV32_ISS,11068363,11068363,ok,0,pass
37615422223133,RV32_ISS,11216463,11216463,ok,0,pass
37615422313121,RV32_ISS,10431538,10431538,ok,0,pass
37615422313331,RV32_ISS,11204970,11204970,ok,0,pass
37615423121132,RV32_ISS,11833926,11833926,ok,0,pass
37624152311213,RV32_ISS,11476791,11476791,ok,0,pass
37624511232233,RV32_ISS,10378749,10378749,ok,0,pass
37624512121322,RV32_ISS,11984435,11984435,ok,0,pass
37624512231212,RV32_ISS,9263007,9263007,ok,0,pass
37624513131323,RV32_ISS,9868591,9868591,ok,0,pass
37624513231313,RV32_ISS,9623273,9623273,ok,0,pass
37641252222323,RV32_ISS,10201011,10201011,ok,0,pass
37642152213311,RV32_ISS,11985617,11985617,ok,0,pass
37642513122221,RV32_ISS,10306690,10306690,ok,0,pass
37645122312221,RV32_ISS,8704789,8704789,ok,0,pass
37651242211133,RV32_ISS,12421495,12421495,ok,0,pass
37651422312311,RV32_ISS,11682047,11682047,ok,0,pass
37652141113232,RV32_ISS,8428506,8428506,ok,0,pass
37652143231322,RV32_ISS,9513610,9513610,ok,0,pass
37654212311222,RV32_ISS,10968669,10968669,ok,0,pass
41236753232321,RV32_ISS,9283697,9283697,ok,0,pass
41237561313131,RV32_ISS,13063017,13063017,ok,0,pass
41263751312222,RV32_ISS,14121046,14121046,ok,0,pass
41325671212211,RV32_ISS,9488580,9488580,ok,0,pass
41325762313223,RV32_ISS,8813602,8813602,ok,0,pass
41325763131233,RV32_ISS,8430727,8430727,ok,0,pass
41352671212112,RV32_ISS,13150725,13150725,ok,0,pass
41352671212121,RV32_ISS,13543201,13543201,ok,0,pass
41352671222111,RV32_ISS,13639110,13639110,ok,0,pass
41357622313112,RV32_ISS,7562935,7562935,ok,0,pass
41367253111133,RV32_ISS,12422805,12422805,ok,0,pass
41532672313211,RV32_ISS,16715615,16715615,ok,0,pass
41532761233133,RV32_ISS,11104645,11104645,ok,0,pass
41563273113311,RV32_ISS,9954506,9954506,ok,0,pass
41576322212222,RV32_ISS,12256200,12256200,ok,0,pass
41625372313211,RV32_ISS,26479587,26479587,ok,0,pass
41625373121213,RV32_ISS,9312567,9312567,ok,0,pass
41625731222231,RV32_ISS,10821879,10821879,ok,0,pass
41635721212121,RV32_ISS,15865763,15865763,ok,0,pass
41657321222312,RV32_ISS,9954693,9954693,ok,0,pass
41673252212222,RV32_ISS,12934931,12934931,ok,0,pass
41673521111111,RV32_ISS,10556733,10556733,ok,0,pass
41723562313211,RV32_ISS,10078429,10078429,ok,0,pass
41725361232113,RV32_ISS,11389371,11389371,ok,0,pass
41725361321213,RV32_ISS,13734403,13734403,ok,0,pass
41725362221213,RV32_ISS,11753680,11753680,ok,0,pass
41725362313211,RV32_ISS,12725240,12725240,ok,0,pass
41725362313223,RV32_ISS,12766334,12766334,ok,0,pass
41725363121222,RV32_ISS,10952243,10952243,ok,0,pass
41725363121231,RV32_ISS,10481207,10481207,ok,0,pass
41725631111111,RV32_ISS,12584816,12584816,ok,0,pass
41725631211122,RV32_ISS,9777333,9777333,ok,0,pass
41725632322331,RV32_ISS,8549988,8549988,ok,0,pass
41725633111133,RV32_ISS,9249587,9249587,ok,0,pass
41725633121123,RV32_ISS,8917180,8917180,ok,0,pass
41725633211111,RV32_ISS,10200424,10200424,ok,0,pass
41726352313322,RV32_ISS,9704319,9704319,ok,0,pass
41726532312233,RV32_ISS,12044815,12044815,ok,0,pass
41735261323313,RV32_ISS,12065486,12065486,ok,0,pass
41735262312233,RV32_ISS,11326341,11326341,ok,0,pass
41735263123223,RV32_ISS,9108641,9108641,ok,0,pass
41735621233232,RV32_ISS,9446575,9446575,ok,0,pass
41735622313322,RV32_ISS,11058315,11058315,ok,0,pass
41736521233232,RV32_ISS,11342019,11342019,ok,0,pass
41736522332231,RV32_ISS,8801270,8801270,ok,0,pass
41752631222123,RV32_ISS,8322571,8322571,ok,0,pass
41752632311123,RV32_ISS,9114919,9114919,ok,0,pass
41752632312323,RV32_ISS,8377320,8377320,ok,0,pass
41752632313211,RV32_ISS,31438609,31438609,ok,0,pass
41756231321213,RV32_ISS,13153210,13153210,ok,0,pass
41756233121231,RV32_ISS,10259691,10259691,ok,0,pass
41762532221333,RV32_ISS,11455489,11455489,ok,0,pass
41762533123331,RV32_ISS,10523543,10523543,ok,0,pass
41765231233232,RV32_ISS,9349359,9349359,ok,0,pass
41765322221312,RV32_ISS,8507159,8507159,ok,0,pass
41765322313211,RV32_ISS,18355425,18355425,ok,0,pass
41765323122212,RV32_ISS,8969871,8969871,ok,0,pass
42136752131312,RV32_ISS,12199039,12199039,ok,0,pass
42137561123333,RV32_ISS,11531542,11531542,ok,0,pass
42137653122131,RV32_ISS,8717066,8717066,ok,0,pass
42137653132121,RV32_ISS,7351094,7351094,ok,0,pass
42157633231322,RV32_ISS,11599655,11599655,ok,0,pass
42163751121212,RV32_ISS,13420308,13420308,ok,0,pass
42165373223123,RV32_ISS,7292488,7292488,ok,0,pass
42167532131333,RV32_ISS,12522715,12522715,ok,0,pass
42315673112111,RV32_ISS,7825187,7825187,ok,0,pass
42351671212211,RV32_ISS,11327048,11327048,ok,0,pass
42351763231133,RV32_ISS,16583542,16583542,ok,0,pass
42367153111121,RV32_ISS,8023629,8023629,ok,0,pass
42367153211123,RV32_ISS,8812107,8812107,ok,0,pass
42516372233111,RV32_ISS,10976023,10976023,ok,0,pass
42561733323122,RV32_ISS,7762638,7762638,ok,0,pass
42573612323231,RV32_ISS,9644792,9644792,ok,0,pass
42573613322231,RV32_ISS,8940836,8940836,ok,0,pass
42613572313211,RV32_ISS,10063185,10063185,ok,0,pass
42615371313332,RV32_ISS,16142583,16142583,ok,0,pass
42615372213311,RV32_ISS,12870895,12870895,ok,0,pass
42615372221213,RV32_ISS,11749298,11749298,ok,0,pass
42615372313211,RV32_ISS,13123213,13123213,ok,0,pass
42651372213311,RV32_ISS,8527432,8527432,ok,0,pass
42651733311122,RV32_ISS,10727892,10727892,ok,0,pass
42673512232133,RV32_ISS,11776250,11776250,ok,0,pass
42751632321233,RV32_ISS,11434685,11434685,ok,0,pass
42751632323231,RV32_ISS,9133436,9133436,ok,0,pass
43126572133313,RV32_ISS,12324273,12324273,ok,0,pass
43167251232212,RV32_ISS,10401682,10401682,ok,0,pass
43176252123131,RV32_ISS,8669937,8669937,ok,0,pass
43176252311132,RV32_ISS,9221202,9221202,ok,0,pass
43216573132121,RV32_ISS,7686050,7686050,ok,0,pass
43216573132223,RV32_ISS,8617567,8617567,ok,0,pass
43216573212311,RV32_ISS,8448225,8448225,ok,0,pass
43216573212332,RV32_ISS,12146968,12146968,ok,0,pass
43512671313332,RV32_ISS,9732541,9732541,ok,0,pass
43527612312323,RV32_ISS,8201483,8201483,ok,0,pass
43561271111111,RV32_ISS,9252863,9252863,ok,0,pass
43571262122222,RV32_ISS,11816877,11816877,ok,0,pass
43572161111111,RV32_ISS,11062368,11062368,ok,0,pass
43572612312323,RV32_ISS,9697778,9697778,ok,0,pass
43576211123222,RV32_ISS,10311714,10311714,ok,0,pass
43576212112232,RV32_ISS,12942277,12942277,ok,0,pass
43615271333312,RV32_ISS,8769863,8769863,ok,0,pass
43615272113321,RV32_ISS,9739962,9739962,ok,0,pass
43617521223221,RV32_ISS,12774464,12774464,ok,0,pass
43621752213323,RV32_ISS,12825989,12825989,ok,0,pass
43651722323132,RV32_ISS,9324965,9324965,ok,0,pass
43675122222122,RV32_ISS,14598372,14598372,ok,0,pass
43675211221331,RV32_ISS,9799426,9799426,ok,0,pass
43721653231313,RV32_ISS,11251064,11251064,ok,0,pass
43751623123313,RV32_ISS,11381524,11381524,ok,0,pass
43765212222122,RV32_ISS,14273089,14273089,ok,0,pass
45167323322231,RV32_ISS,9377859,9377859,ok,0,pass
45176231131313,RV32_ISS,20206923,20206923,ok,0,pass
45176231133113,RV32_ISS,20156173,20156173,ok,0,pass
45176231331113,RV32_ISS,19577276,19577276,ok,0,pass
45176233131113,RV32_ISS,20751606,20751606,ok,0,pass
45176321131133,RV32_ISS,17152985,17152985,ok,0,pass
45213672221123,RV32_ISS,10914057,10914057,ok,0,pass
45273162222122,RV32_ISS,12655639,12655639,ok,0,pass
45276131131133,RV32_ISS,14981380,14981380,ok,0,pass
45312671222312,RV32_ISS,8215681,8215681,ok,0,pass
45312672223331,RV32_ISS,9165082,9165082,ok,0,pass
45312672233321,RV32_ISS,8571792,8571792,ok,0,pass
45312672313211,RV32_ISS,26945349,26945349,ok,0,pass
45312673132313,RV32_ISS,14723550,14723550,ok,0,pass
45312673222112,RV32_ISS,8171718,8171718,ok,0,pass
45312673231313,RV32_ISS,14526136,14526136,ok,0,pass
45312761113211,RV32_ISS,9426819,9426819,ok,0,pass
45312761133311,RV32_ISS,9003111,9003111,ok,0,pass
45312762221111,RV32_ISS,11037548,11037548,ok,0,pass
45312762311111,RV32_ISS,9040966,9040966,ok,0,pass
45321671212211,RV32_ISS,9867154,9867154,ok,0,pass
45321671221121,RV32_ISS,9862862,9862862,ok,0,pass
45321673113311,RV32_ISS,16358190,16358190,ok,0,pass
45327612222323,RV32_ISS,10540802,10540802,ok,0,pass
45362712122222,RV32_ISS,12512985,12512985,ok,0,pass
45367122223133,RV32_ISS,10706264,10706264,ok,0,pass
45367211111132,RV32_ISS,9511728,9511728,ok,0,pass
45367211211122,RV32_ISS,10068315,10068315,ok,0,pass
45367213111133,RV32_ISS,10220474,10220474,ok,0,pass
45376121131133,RV32_ISS,15845344,15845344,ok,0,pass
45376121331311,RV32_ISS,11591275,11591275,ok,0,pass
45376211333123,RV32_ISS,9380577,9380577,ok,0,pass
45376213131323,RV32_ISS,14877319,14877319,ok,0,pass
45376213333322,RV32_ISS,8690024,8690024,ok,0,pass
45612371133221,RV32_ISS,9871958,9871958,ok,0,pass
45612372331121,RV32_ISS,8332885,8332885,ok,0,pass
45612373112231,RV32_ISS,8547707,8547707,ok,0,pass
45612373132121,RV32_ISS,8161083,8161083,ok,0,pass
45612373132223,RV32_ISS,8997273,8997273,ok,0,pass
45612373322111,RV32_ISS,7893515,7893515,ok,0,pass
45612373332122,RV32_ISS,8412521,8412521,ok,0,pass
45612373332221,RV32_ISS,8485984,8485984,ok,0,pass
45613271331221,RV32_ISS,9624872,9624872,ok,0,pass
45613272233111,RV32_ISS,12122200,12122200,ok,0,pass
45621373123331,RV32_ISS,10598713,10598713,ok,0,pass
45621373211111,RV32_ISS,13229801,13229801,ok,0,pass
45621732212123,RV32_ISS,11036910,11036910,ok,0,pass
45621732233333,RV32_ISS,10573791,10573791,ok,0,pass
45623712332123,RV32_ISS,7757427,7757427,ok,0,pass
45623713322321,RV32_ISS,7431358,7431358,ok,0,pass
45637123132121,RV32_ISS,8546348,8546348,ok,0,pass
45637123332122,RV32_ISS,7488702,7488702,ok,0,pass
45671231132231,RV32_ISS,7606702,7606702,ok,0,pass
45671233112132,RV32_ISS,8176372,8176372,ok,0,pass
45673212212132,RV32_ISS,9835590,9835590,ok,0,pass
45673213211222,RV32_ISS,10050814,10050814,ok,0,pass
45713623223132,RV32_ISS,8095817,8095817,ok,0,pass
45721363321313,RV32_ISS,9410537,9410537,ok,0,pass
45721363322231,RV32_ISS,9080334,9080334,ok,0,pass
45732612233321,RV32_ISS,8179382,8179382,ok,0,pass
45736121122211,RV32_ISS,13287768,13287768,ok,0,pass
46123571111111,RV32_ISS,9949884,9949884,ok,0,pass
46123573232123,RV32_ISS,12181892,12181892,ok,0,pass
46125731333123,RV32_ISS,9791618,9791618,ok,0,pass
46127351131313,RV32_ISS,12282876,12282876,ok,0,pass
46127352131333,RV32_ISS,13821607,13821607,ok,0,pass
46127353131323,RV32_ISS,14855732,14855732,ok,0,pass
46135272133313,RV32_ISS,11601748,11601748,ok,0,pass
46153273131131,RV32_ISS,14037172,14037172,ok,0,pass
46157233333232,RV32_ISS,8564635,8564635,ok,0,pass
46157321331233,RV32_ISS,10232064,10232064,ok,0,pass
46215372121223,RV32_ISS,9062051,9062051,ok,0,pass
46215372313211,RV32_ISS,15707712,15707712,ok,0,pass
46257132211133,RV32_ISS,11150015,11150015,ok,0,pass
46257313312211,RV32_ISS,17447530,17447530,ok,0,pass
46273512122312,RV32_ISS,9079704,9079704,ok,0,pass
46273513221212,RV32_ISS,8637082,8637082,ok,0,pass
46275311123222,RV32_ISS,10601027,10601027,ok,0,pass
46275312112232,RV32_ISS,13314166,13314166,ok,0,pass
46275312132212,RV32_ISS,11743179,11743179,ok,0,pass
46275312232133,RV32_ISS,10340570,10340570,ok,0,pass
46275312313211,RV32_ISS,12636572,12636572,ok,0,pass
46275313121222,RV32_ISS,10892145,10892145,ok,0,pass
46275313312211,RV32_ISS,12581487,12581487,ok,0,pass
46321752111131,RV32_ISS,9600391,9600391,ok,0,pass
46352171211233,RV32_ISS,7837859,7837859,ok,0,pass
46352172113231,RV32_ISS,7264711,7264711,ok,0,pass
46372511221331,RV32_ISS,10613851,10613851,ok,0,pass
46375211211332,RV32_ISS,7874076,7874076,ok,0,pass
46375212113111,RV32_ISS,8648512,8648512,ok,0,pass
46375212132131,RV32_ISS,7857428,7857428,ok,0,pass
46375212132221,RV32_ISS,8667664,8667664,ok,0,pass
46375212332222,RV32_ISS,8468413,8468413,ok,0,pass
46375213112111,RV32_ISS,10728648,10728648,ok,0,pass
46375213123121,RV32_ISS,9789021,9789021,ok,0,pass
46375213333121,RV32_ISS,7968431,7968431,ok,0,pass
46512371331221,RV32_ISS,10323233,10323233,ok,0,pass
46512372113321,RV32_ISS,11237701,11237701,ok,0,pass
46513272332111,RV32_ISS,8304003,8304003,ok,0,pass
46513273113221,RV32_ISS,8271450,8271450,ok,0,pass
46523711331332,RV32_ISS,9876213,9876213,ok,0,pass
46527133111121,RV32_ISS,8033530,8033530,ok,0,pass
46572311223122,RV32_ISS,10540443,10540443,ok,0,pass
46572312132122,RV32_ISS,8599144,8599144,ok,0,pass
46721533123313,RV32_ISS,10970983,10970983,ok,0,pass
47123562232133,RV32_ISS,11988958,11988958,ok,0,pass
47123651233232,RV32_ISS,8878068,8878068,ok,0,pass
47126351233232,RV32_ISS,12095461,12095461,ok,0,pass
47126532133133,RV32_ISS,10139906,10139906,ok,0,pass
47132562311111,RV32_ISS,9700310,9700310,ok,0,pass
47132563222331,RV32_ISS,12960897,12960897,ok,0,pass
47132652233321,RV32_ISS,9670460,9670460,ok,0,pass
47135622132332,RV32_ISS,9070531,9070531,ok,0,pass
47136252133112,RV32_ISS,12805225,12805225,ok,0,pass
47152361233232,RV32_ISS,8005962,8005962,ok,0,pass
47152631322131,RV32_ISS,10294069,10294069,ok,0,pass
47156231332313,RV32_ISS,10328290,10328290,ok,0,pass
47156233211132,RV32_ISS,9874368,9874368,ok,0,pass
47156233223312,RV32_ISS,8524489,8524489,ok,0,pass
47156233233113,RV32_ISS,10064443,10064443,ok,0,pass
47156233322312,RV32_ISS,8184858,8184858,ok,0,pass
47156321111111,RV32_ISS,10397624,10397624,ok,0,pass
47156321133311,RV32_ISS,10523149,10523149,ok,0,pass
47156322132311,RV32_ISS,8924615,8924615,ok,0,pass
47156322313232,RV32_ISS,8243195,8243195,ok,0,pass
47156322332132,RV32_ISS,7695679,7695679,ok,0,pass
47156322332312,RV32_ISS,8044348,8044348,ok,0,pass
47156323223123,RV32_ISS,8865985,8865985,ok,0,pass
47162351322122,RV32_ISS,9020291,9020291,ok,0,pass
47163522131222,RV32_ISS,8631989,8631989,ok,0,pass
47165321232113,RV32_ISS,11705045,11705045,ok,0,pass
47165321322131,RV32_ISS,17036761,17036761,ok,0,pass
47165322132212,RV32_ISS,11734159,11734159,ok,0,pass
47165322133112,RV32_ISS,13387532,13387532,ok,0,pass
47165322232133,RV32_ISS,10085467,10085467,ok,0,pass
47165322313211,RV32_ISS,13185461,13185461,ok,0,pass
47216352131333,RV32_ISS,14078329,14078329,ok,0,pass
47251363131113,RV32_ISS,13654612,13654612,ok,0,pass
47251632131312,RV32_ISS,11660415,11660415,ok,0,pass
47256133212311,RV32_ISS,8907976,8907976,ok,0,pass
47256133321232,RV32_ISS,8793148,8793148,ok,0,pass
47265312122222,RV32_ISS,9457055,9457055,ok,0,pass
47265312131312,RV32_ISS,9856986,9856986,ok,0,pass
47265312313211,RV32_ISS,26438867,26438867,ok,0,pass
47321651311133,RV32_ISS,9883087,9883087,ok,0,pass
47352612123131,RV32_ISS,8485508,8485508,ok,0,pass
47352612311132,RV32_ISS,8739064,8739064,ok,0,pass
47352612313211,RV32_ISS,16520398,16520398,ok,0,pass
47512632312323,RV32_ISS,8395349,8395349,ok,0,pass
47621532232331,RV32_ISS,7699689,7699689,ok,0,pass
47621533231121,RV32_ISS,8035748,8035748,ok,0,pass
47632152233321,RV32_ISS,8172120,8172120,ok,0,pass
47632153212311,RV32_ISS,10044492,10044492,ok,0,pass
47632153232321,RV32_ISS,9241689,9241689,ok,0,pass
47632513212332,RV32_ISS,12948925,12948925,ok,0,pass
47652132231323,RV32_ISS,10037596,10037596,ok,0,pass
47653213211231,RV32_ISS,12542634,12542634,ok,0,pass
47653213232111,RV32_ISS,7339804,7339804,ok,0,pass
51264731113322,RV32_ISS,8499438,8499438,ok,0,pass
51264732213311,RV32_ISS,8012741,8012741,ok,0,pass
51267342312233,RV32_ISS,14156416,14156416,ok,0,pass
51324671211122,RV32_ISS,9224338,9224338,ok,0,pass
51324672212111,RV32_ISS,11918596,11918596,ok,0,pass
51324673113311,RV32_ISS,14044750,14044750,ok,0,pass
51324761111123,RV32_ISS,10384017,10384017,ok,0,pass
51324763113332,RV32_ISS,10000824,10000824,ok,0,pass
51342672212111,RV32_ISS,11368381,11368381,ok,0,pass
51342763312223,RV32_ISS,20155981,20155981,ok,0,pass
51367241211113,RV32_ISS,8153958,8153958,ok,0,pass
51423671221331,RV32_ISS,8631062,8631062,ok,0,pass
51426731111111,RV32_ISS,10138246,10138246,ok,0,pass
51426733312211,RV32_ISS,9206356,9206356,ok,0,pass
51472361131313,RV32_ISS,12253260,12253260,ok,0,pass
51472633331312,RV32_ISS,11632633,11632633,ok,0,pass
51623471321111,RV32_ISS,7383105,7383105,ok,0,pass
51623743313321,RV32_ISS,10859427,10859427,ok,0,pass
51624731312123,RV32_ISS,10524296,10524296,ok,0,pass
51624733323113,RV32_ISS,11475286,11475286,ok,0,pass
51632741323232,RV32_ISS,8196181,8196181,ok,0,pass
51642371122313,RV32_ISS,11033087,11033087,ok,0,pass
51642731113322,RV32_ISS,12038384,12038384,ok,0,pass
51647231113232,RV32_ISS,7890153,7890153,ok,0,pass
51723643131311,RV32_ISS,11572153,11572153,ok,0,pass
51724362122222,RV32_ISS,10024330,10024330,ok,0,pass
51724363121213,RV32_ISS,9843116,9843116,ok,0,pass
51726433123313,RV32_ISS,11683695,11683695,ok,0,pass
51732643121213,RV32_ISS,12210385,12210385,ok,0,pass
51742632323231,RV32_ISS,9647438,9647438,ok,0,pass
51742632323333,RV32_ISS,10474144,10474144,ok,0,pass
52134761232113,RV32_ISS,9255074,9255074,ok,0,pass
52147631121311,RV32_ISS,9374390,9374390,ok,0,pass
52147631131211,RV32_ISS,9786346,9786346,ok,0,pass
52147631211131,RV32_ISS,8418503,8418503,ok,0,pass
52147631311121,RV32_ISS,8594609,8594609,ok,0,pass
52147632111113,RV32_ISS,9300827,9300827,ok,0,pass
52147633111112,RV32_ISS,11992790,11992790,ok,0,pass
52163471112122,RV32_ISS,9730801,9730801,ok,0,pass
52163471213111,RV32_ISS,8360825,8360825,ok,0,pass
52163471312111,RV32_ISS,8245671,8245671,ok,0,pass
52163471333123,RV32_ISS,7627920,7627920,ok,0,pass
52163472111311,RV32_ISS,8328602,8328602,ok,0,pass
52163472131222,RV32_ISS,8184078,8184078,ok,0,pass
52163473111211,RV32_ISS,8827571,8827571,ok,0,pass
52163473111331,RV32_ISS,8724737,8724737,ok,0,pass
52163473221323,RV32_ISS,8179650,8179650,ok,0,pass
52163473323332,RV32_ISS,14037064,14037064,ok,0,pass
52167342121232,RV32_ISS,11566221,11566221,ok,0,pass
52167432121313,RV32_ISS,10401806,10401806,ok,0,pass
52167432122222,RV32_ISS,12708163,12708163,ok,0,pass
52167432131213,RV32_ISS,11063701,11063701,ok,0,pass
52167433133333,RV32_ISS,12278490,12278490,ok,0,pass
52167433331333,RV32_ISS,10540358,10540358,ok,0,pass
52174633223123,RV32_ISS,10934648,10934648,ok,0,pass
52314673311311,RV32_ISS,17320079,17320079,ok,0,pass
52314761322122,RV32_ISS,9849484,9849484,ok,0,pass
52341671111111,RV32_ISS,27556257,27556257,ok,0,pass
52341671122211,RV32_ISS,10069104,10069104,ok,0,pass
52341671311313,RV32_ISS,8180403,8180403,ok,0,pass
52341672211112,RV32_ISS,10170881,10170881,ok,0,pass
52341672232313,RV32_ISS,9447572,9447572,ok,0,pass
52341672323222,RV32_ISS,10290198,10290198,ok,0,pass
52341672323312,RV32_ISS,13533103,13533103,ok,0,pass
52341673133111,RV32_ISS,8675819,8675819,ok,0,pass
52341673232213,RV32_ISS,9257753,9257753,ok,0,pass
52341673232333,RV32_ISS,8259008,8259008,ok,0,pass
52341673323212,RV32_ISS,13296909,13296909,ok,0,pass
52361472121313,RV32_ISS,12600068,12600068,ok,0,pass
52361472131312,RV32_ISS,10416011,10416011,ok,0,pass
52367142211121,RV32_ISS,10641875,10641875,ok,0,pass
52367412322232,RV32_ISS,8930674,8930674,ok,0,pass
52374161112323,RV32_ISS,9223883,9223883,ok,0,pass
52376413222223,RV32_ISS,9989977,9989977,ok,0,pass
52463173212332,RV32_ISS,11954603,11954603,ok,0,pass
52463713212332,RV32_ISS,12003282,12003282,ok,0,pass
52471631223113,RV32_ISS,8991687,8991687,ok,0,pass
52471631323112,RV32_ISS,9218380,9218380,ok,0,pass
52614372313211,RV32_ISS,14933946,14933946,ok,0,pass
52641733212311,RV32_ISS,8730207,8730207,ok,0,pass
52641733232321,RV32_ISS,8888805,8888805,ok,0,pass
52673413232123,RV32_ISS,8295843,8295843,ok,0,pass
52713461232323,RV32_ISS,8190719,8190719,ok,0,pass
52714361232113,RV32_ISS,13532623,13532623,ok,0,pass
52714633213223,RV32_ISS,8886374,8886374,ok,0,pass
52714633223123,RV32_ISS,8899314,8899314,ok,0,pass
52731641233112,RV32_ISS,7821661,7821661,ok,0,pass
52731641323112,RV32_ISS,7541709,7541709,ok,0,pass
52736141322233,RV32_ISS,8887323,8887323,ok,0,pass
52741362313211,RV32_ISS,10252070,10252070,ok,0,pass
52741362313223,RV32_ISS,11673225,11673225,ok,0,pass
52741632122333,RV32_ISS,13146135,13146135,ok,0,pass
52741632123323,RV32_ISS,16241808,16241808,ok,0,pass
52741632212213,RV32_ISS,13752057,13752057,ok,0,pass
52741632212231,RV32_ISS,14307800,14307800,ok,0,pass
52741632232211,RV32_ISS,13323990,13323990,ok,0,pass
52741633221233,RV32_ISS,13118896,13118896,ok,0,pass
52741633313312,RV32_ISS,12947451,12947451,ok,0,pass
52741633313321,RV32_ISS,13945819,13945819,ok,0,pass
52741633321223,RV32_ISS,15434846,15434846,ok,0,pass
52741633323311,RV32_ISS,13492663,13492663,ok,0,pass
52743611111213,RV32_ISS,8937668,8937668,ok,0,pass
52743611111312,RV32_ISS,11040308,11040308,ok,0,pass
52743611112131,RV32_ISS,8933352,8933352,ok,0,pass
52743611113121,RV32_ISS,11229374,11229374,ok,0,pass
52743612131111,RV32_ISS,8515969,8515969,ok,0,pass
52743613121111,RV32_ISS,10312575,10312575,ok,0,pass
52761431111213,RV32_ISS,8872752,8872752,ok,0,pass
52761431111312,RV32_ISS,8932364,8932364,ok,0,pass
52761431112131,RV32_ISS,9295933,9295933,ok,0,pass
52761431113121,RV32_ISS,9422216,9422216,ok,0,pass
52761432131111,RV32_ISS,9051018,9051018,ok,0,pass
52761433121111,RV32_ISS,8694426,8694426,ok,0,pass
52763143222331,RV32_ISS,13734063,13734063,ok,0,pass
52763411222312,RV32_ISS,18206611,18206611,ok,0,pass
52763411333123,RV32_ISS,12395818,12395818,ok,0,pass
52763413222112,RV32_ISS,18829850,18829850,ok,0,pass
52763413223312,RV32_ISS,18780022,18780022,ok,0,pass
52763413322312,RV32_ISS,18227028,18227028,ok,0,pass
53126471231231,RV32_ISS,11095727,11095727,ok,0,pass
53126471231321,RV32_ISS,8864575,8864575,ok,0,pass
53126471321321,RV32_ISS,9490353,9490353,ok,0,pass
53146272123233,RV32_ISS,12536961,12536961,ok,0,pass
53147262123131,RV32_ISS,8723428,8723428,ok,0,pass
53162743312223,RV32_ISS,20424173,20424173,ok,0,pass
53274163211222,RV32_ISS,11367787,11367787,ok,0,pass
53421671321111,RV32_ISS,11663617,11663617,ok,0,pass
53421671321231,RV32_ISS,7773588,7773588,ok,0,pass
53426171112233,RV32_ISS,8999420,8999420,ok,0,pass
53462711113322,RV32_ISS,11729075,11729075,ok,0,pass
53467211321111,RV32_ISS,7418633,7418633,ok,0,pass
53476121323112,RV32_ISS,9687140,9687140,ok,0,pass
53476121323322,RV32_ISS,9974202,9974202,ok,0,pass
53614721212121,RV32_ISS,12360084,12360084,ok,0,pass
53621471331221,RV32_ISS,8125639,8125639,ok,0,pass
53642171111111,RV32_ISS,10003321,10003321,ok,0,pass
53672142221213,RV32_ISS,16741093,16741093,ok,0,pass
53714622233111,RV32_ISS,13768237,13768237,ok,0,pass
53721463223312,RV32_ISS,10252349,10252349,ok,0,pass
53724612121112,RV32_ISS,12179875,12179875,ok,0,pass
53726143333121,RV32_ISS,8754619,8754619,ok,0,pass
53741621323112,RV32_ISS,8986799,8986799,ok,0,pass
53741621332112,RV32_ISS,9268619,9268619,ok,0,pass
53742612323333,RV32_ISS,10637657,10637657,ok,0,pass
53761242121211,RV32_ISS,12075794,12075794,ok,0,pass
53761242221213,RV32_ISS,12789732,12789732,ok,0,pass
53761242321212,RV32_ISS,11981117,11981117,ok,0,pass
53762143222331,RV32_ISS,10223251,10223251,ok,0,pass
53762413322123,RV32_ISS,11194906,11194906,ok,0,pass
54123673233323,RV32_ISS,9755530,9755530,ok,0,pass
54126371331221,RV32_ISS,8259457,8259457,ok,0,pass
54127632131213,RV32_ISS,11884433,11884433,ok,0,pass
54127632222212,RV32_ISS,11274428,11274428,ok,0,pass
54127633131212,RV32_ISS,11875361,11875361,ok,0,pass
54127633133333,RV32_ISS,12443191,12443191,ok,0,pass
54127633333313,RV32_ISS,11567851,11567851,ok,0,pass
54163271133221,RV32_ISS,9161458,9161458,ok,0,pass
54163272233111,RV32_ISS,11924042,11924042,ok,0,pass
54167231121113,RV32_ISS,8297293,8297293,ok,0,pass
54167231131112,RV32_ISS,8416019,8416019,ok,0,pass
54167231221211,RV32_ISS,8979334,8979334,ok,0,pass
54167231333213,RV32_ISS,8312833,8312833,ok,0,pass
54167232112112,RV32_ISS,8923224,8923224,ok,0,pass
54167232133313,RV32_ISS,9460387,9460387,ok,0,pass
54167232333113,RV32_ISS,8262475,8262475,ok,0,pass
54167233232333,RV32_ISS,10660485,10660485,ok,0,pass
54167233331213,RV32_ISS,9403866,9403866,ok,0,pass
54172633132313,RV32_ISS,11635752,11635752,ok,0,pass
54217362233213,RV32_ISS,19186658,19186658,ok,0,pass
54217632132212,RV32_ISS,17160048,17160048,ok,0,pass
54231671123111,RV32_ISS,8901871,8901871,ok,0,pass
54231673123121,RV32_ISS,7796858,7796858,ok,0,pass
54261373123121,RV32_ISS,8465125,8465125,ok,0,pass
54261732231233,RV32_ISS,10468115,10468115,ok,0,pass
54276132233312,RV32_ISS,10185228,10185228,ok,0,pass
54312671131331,RV32_ISS,8755797,8755797,ok,0,pass
54312672212111,RV32_ISS,9579326,9579326,ok,0,pass
54312673311311,RV32_ISS,16285814,16285814,ok,0,pass
54317261113112,RV32_ISS,7833609,7833609,ok,0,pass
54317621111222,RV32_ISS,10266177,10266177,ok,0,pass
54321672212213,RV32_ISS,13900614,13900614,ok,0,pass
54321672212231,RV32_ISS,13023935,13023935,ok,0,pass
54321672232211,RV32_ISS,13601646,13601646,ok,0,pass
54321673313312,RV32_ISS,19721823,19721823,ok,0,pass
54321673313321,RV32_ISS,20249307,20249307,ok,0,pass
54321673323311,RV32_ISS,20200748,20200748,ok,0,pass
54321761211221,RV32_ISS,8497376,8497376,ok,0,pass
54321763113113,RV32_ISS,11492371,11492371,ok,0,pass
54326171111231,RV32_ISS,11559465,11559465,ok,0,pass
54326171112233,RV32_ISS,8199590,8199590,ok,0,pass
54326171321231,RV32_ISS,8333653,8333653,ok,0,pass
54326711112212,RV32_ISS,10631634,10631634,ok,0,pass
54327612223232,RV32_ISS,9288130,9288130,ok,0,pass
54361272223232,RV32_ISS,9471595,9471595,ok,0,pass
54362171113133,RV32_ISS,9869192,9869192,ok,0,pass
54362711111231,RV32_ISS,7894979,7894979,ok,0,pass
54362711323112,RV32_ISS,9639122,9639122,ok,0,pass
54367121112212,RV32_ISS,11723651,11723651,ok,0,pass
54367121113211,RV32_ISS,9671365,9671365,ok,0,pass
54367121113331,RV32_ISS,13363512,13363512,ok,0,pass
54367122211121,RV32_ISS,10720420,10720420,ok,0,pass
54367122311111,RV32_ISS,9682920,9682920,ok,0,pass
54367123311113,RV32_ISS,9645038,9645038,ok,0,pass
54367211132222,RV32_ISS,13103169,13103169,ok,0,pass
54367211213333,RV32_ISS,16376527,16376527,ok,0,pass
54367211222132,RV32_ISS,13365564,13365564,ok,0,pass
54367211333213,RV32_ISS,14231037,14231037,ok,0,pass
54367212211322,RV32_ISS,16267377,16267377,ok,0,pass
54367212231122,RV32_ISS,13854627,13854627,ok,0,pass
54367212233213,RV32_ISS,13319761,13319761,ok,0,pass
54367212332213,RV32_ISS,13683589,13683589,ok,0,pass
54367212333113,RV32_ISS,14354862,14354862,ok,0,pass
54367213112222,RV32_ISS,15445391,15445391,ok,0,pass
54367213312133,RV32_ISS,15126721,15126721,ok,0,pass
54371261113331,RV32_ISS,10098264,10098264,ok,0,pass
54371621113112,RV32_ISS,11832978,11832978,ok,0,pass
54371621113322,RV32_ISS,8117714,8117714,ok,0,pass
54376121322233,RV32_ISS,9481566,9481566,ok,0,pass
54376211111132,RV32_ISS,9736898,9736898,ok,0,pass
54376211111222,RV32_ISS,8979465,8979465,ok,0,pass
54376211113133,RV32_ISS,10153584,10153584,ok,0,pass
54612371112311,RV32_ISS,14414681,14414681,ok,0,pass
54612372222131,RV32_ISS,10627898,10627898,ok,0,pass
54612732112223,RV32_ISS,10042230,10042230,ok,0,pass
54612733322213,RV32_ISS,10175201,10175201,ok,0,pass
54621371133311,RV32_ISS,9369826,9369826,ok,0,pass
54621372211121,RV32_ISS,10249639,10249639,ok,0,pass
54637211132111,RV32_ISS,7920116,7920116,ok,0,pass
54671232221213,RV32_ISS,10799613,10799613,ok,0,pass
54712361323313,RV32_ISS,10242688,10242688,ok,0,pass
54712362223322,RV32_ISS,10747155,10747155,ok,0,pass
54716232222113,RV32_ISS,10634724,10634724,ok,0,pass
54716321112323,RV32_ISS,10279359,10279359,ok,0,pass
54716322313223,RV32_ISS,8490935,8490935,ok,0,pass
54721631111111,RV32_ISS,32783298,32783298,ok,0,pass
54721631122121,RV32_ISS,9611831,9611831,ok,0,pass
54721631311133,RV32_ISS,9117465,9117465,ok,0,pass
54721632133232,RV32_ISS,8889332,8889332,ok,0,pass
54721632212222,RV32_ISS,9483015,9483015,ok,0,pass
54721632212231,RV32_ISS,8268588,8268588,ok,0,pass
54721633231322,RV32_ISS,8822704,8822704,ok,0,pass
54721633313321,RV32_ISS,9481871,9481871,ok,0,pass
54721633333331,RV32_ISS,8334059,8334059,ok,0,pass
54723612131312,RV32_ISS,12840502,12840502,ok,0,pass
54723612221222,RV32_ISS,10508825,10508825,ok,0,pass
54723612222212,RV32_ISS,10758857,10758857,ok,0,pass
54723613121312,RV32_ISS,11809723,11809723,ok,0,pass
54723613333313,RV32_ISS,11926327,11926327,ok,0,pass
54761233322321,RV32_ISS,9182867,9182867,ok,0,pass
54763212322232,RV32_ISS,8721881,8721881,ok,0,pass
56123471222312,RV32_ISS,12761590,12761590,ok,0,pass
56123471223221,RV32_ISS,12114812,12114812,ok,0,pass
56123471331332,RV32_ISS,15511550,15511550,ok,0,pass
56123471333123,RV32_ISS,13325504,13325504,ok,0,pass
56123472322121,RV32_ISS,12809675,12809675,ok,0,pass
56123472331331,RV32_ISS,12022764,12022764,ok,0,pass
56123473133132,RV32_ISS,14157294,14157294,ok,0,pass
56123473133231,RV32_ISS,11915926,11915926,ok,0,pass
56123473222112,RV32_ISS,12313732,12313732,ok,0,pass
56123473223312,RV32_ISS,12284824,12284824,ok,0,pass
56123473322312,RV32_ISS,12735792,12735792,ok,0,pass
56124371111231,RV32_ISS,7701806,7701806,ok,0,pass
56124371232323,RV32_ISS,10583992,10583992,ok,0,pass
56127433332323,RV32_ISS,9443278,9443278,ok,0,pass
56132472333332,RV32_ISS,9597616,9597616,ok,0,pass
56132473211111,RV32_ISS,9315392,9315392,ok,0,pass
56132473213211,RV32_ISS,9315477,9315477,ok,0,pass
56143273332323,RV32_ISS,11655146,11655146,ok,0,pass
56147231222132,RV32_ISS,20662110,20662110,ok,0,pass
56147231333213,RV32_ISS,12835958,12835958,ok,0,pass
56147232233213,RV32_ISS,13369851,13369851,ok,0,pass
56147232332213,RV32_ISS,13818593,13818593,ok,0,pass
56147232333113,RV32_ISS,13390506,13390506,ok,0,pass
56147322333233,RV32_ISS,11953410,11953410,ok,0,pass
56173421113112,RV32_ISS,7813216,7813216,ok,0,pass
56174232323333,RV32_ISS,10552292,10552292,ok,0,pass
56174321232113,RV32_ISS,12962051,12962051,ok,0,pass
56213471111111,RV32_ISS,10699879,10699879,ok,0,pass
56213743313333,RV32_ISS,12571571,12571571,ok,0,pass
56243173133111,RV32_ISS,11448100,11448100,ok,0,pass
56243713121333,RV32_ISS,11724074,11724074,ok,0,pass
56247132333233,RV32_ISS,9640289,9640289,ok,0,pass
56271433111313,RV32_ISS,12868283,12868283,ok,0,pass
56271433123313,RV32_ISS,12554349,12554349,ok,0,pass
56271433132313,RV32_ISS,13200832,13200832,ok,0,pass
56274132331133,RV32_ISS,10239692,10239692,ok,0,pass
56274312313211,RV32_ISS,14988387,14988387,ok,0,pass
56321473233323,RV32_ISS,8545554,8545554,ok,0,pass
56321742211112,RV32_ISS,12744914,12744914,ok,0,pass
56324171221331,RV32_ISS,8370804,8370804,ok,0,pass
56327411211332,RV32_ISS,8442347,8442347,ok,0,pass
56327413213112,RV32_ISS,8342085,8342085,ok,0,pass
56341273121213,RV32_ISS,12219467,12219467,ok,0,pass
56341273131212,RV32_ISS,10959557,10959557,ok,0,pass
56347122333233,RV32_ISS,10969105,10969105,ok,0,pass
56347211213111,RV32_ISS,8635059,8635059,ok,0,pass
56347211222132,RV32_ISS,8828746,8828746,ok,0,pass
56347211312111,RV32_ISS,8180087,8180087,ok,0,pass
56347211331131,RV32_ISS,7952899,7952899,ok,0,pass
56347212111221,RV32_ISS,14378538,14378538,ok,0,pass
56347212111311,RV32_ISS,10862679,10862679,ok,0,pass
56347212123233,RV32_ISS,9975253,9975253,ok,0,pass
56347212232223,RV32_ISS,9590467,9590467,ok,0,pass
56347213111211,RV32_ISS,10406348,10406348,ok,0,pass
56347213131332,RV32_ISS,9125650,9125650,ok,0,pass
56423171231231,RV32_ISS,7679351,7679351,ok,0,pass
56423171231321,RV32_ISS,9374716,9374716,ok,0,pass
56423171321321,RV32_ISS,8454670,8454670,ok,0,pass
56423172112121,RV32_ISS,9636807,9636807,ok,0,pass
56423173132121,RV32_ISS,8707587,8707587,ok,0,pass
56423173133111,RV32_ISS,9543021,9543021,ok,0,pass
56432713122122,RV32_ISS,10002920,10002920,ok,0,pass
56712341232113,RV32_ISS,8739191,8739191,ok,0,pass
56712343211123,RV32_ISS,9591724,9591724,ok,0,pass
56721343123331,RV32_ISS,10328388,10328388,ok,0,pass
56721432312233,RV32_ISS,12018701,12018701,ok,0,pass
56723411113313,RV32_ISS,8879050,8879050,ok,0,pass
56723411121113,RV32_ISS,9029370,9029370,ok,0,pass
56723411131112,RV32_ISS,8283720,8283720,ok,0,pass
56723411222312,RV32_ISS,8112234,8112234,ok,0,pass
56723412122312,RV32_ISS,7956002,7956002,ok,0,pass
56723412323222,RV32_ISS,8703838,8703838,ok,0,pass
56723413221212,RV32_ISS,8390274,8390274,ok,0,pass
56723413222112,RV32_ISS,8259797,8259797,ok,0,pass
56723413331111,RV32_ISS,8401427,8401427,ok,0,pass
56732143122113,RV32_ISS,11593614,11593614,ok,0,pass
56741231121311,RV32_ISS,8749903,8749903,ok,0,pass
56741231131211,RV32_ISS,11346805,11346805,ok,0,pass
56741231211131,RV32_ISS,11014098,11014098,ok,0,pass
56741231311121,RV32_ISS,8431342,8431342,ok,0,pass
56741232111113,RV32_ISS,9651660,9651660,ok,0,pass
56741233111112,RV32_ISS,9539821,9539821,ok,0,pass
56743212122222,RV32_ISS,10545899,10545899,ok,0,pass
56743212221222,RV32_ISS,12502468,12502468,ok,0,pass
56743213121213,RV32_ISS,13035902,13035902,ok,0,pass
56743213121312,RV32_ISS,11329445,11329445,ok,0,pass
56743213331333,RV32_ISS,12312828,12312828,ok,0,pass
57123461111111,RV32_ISS,10155563,10155563,ok,0,pass
57164322131312,RV32_ISS,9475643,9475643,ok,0,pass
57214361323232,RV32_ISS,7868457,7868457,ok,0,pass
57214632212213,RV32_ISS,17042975,17042975,ok,0,pass
57236141113232,RV32_ISS,8585381,8585381,ok,0,pass
57236141322233,RV32_ISS,8337758,8337758,ok,0,pass
57236141323232,RV32_ISS,12189740,12189740,ok,0,pass
57241631322113,RV32_ISS,7577082,7577082,ok,0,pass
57241631323112,RV32_ISS,7343045,7343045,ok,0,pass
57246131112233,RV32_ISS,9500314,9500314,ok,0,pass
57264132111323,RV32_ISS,10594790,10594790,ok,0,pass
57321641311112,RV32_ISS,8797062,8797062,ok,0,pass
57321642311132,RV32_ISS,8831834,8831834,ok,0,pass
57364212213311,RV32_ISS,11939511,11939511,ok,0,pass
57364212313211,RV32_ISS,10082836,10082836,ok,0,pass
57364213332122,RV32_ISS,7905426,7905426,ok,0,pass
57642311113322,RV32_ISS,8818890,8818890,ok,0,pass
61234572231323,RV32_ISS,9709935,9709935,ok,0,pass
61234573232213,RV32_ISS,8748453,8748453,ok,0,pass
61235741313131,RV32_ISS,15338050,15338050,ok,0,pass
61257343232123,RV32_ISS,8710771,8710771,ok,0,pass
61274351313131,RV32_ISS,11634693,11634693,ok,0,pass
61274532231323,RV32_ISS,9562973,9562973,ok,0,pass
61352472233321,RV32_ISS,8166540,8166540,ok,0,pass
61352472313211,RV32_ISS,16155513,16155513,ok,0,pass
61452731311313,RV32_ISS,11946416,11946416,ok,0,pass
61453721111111,RV32_ISS,10468075,10468075,ok,0,pass
61453721311112,RV32_ISS,8436809,8436809,ok,0,pass
61453723111121,RV32_ISS,8330395,8330395,ok,0,pass
61472532123332,RV32_ISS,9326145,9326145,ok,0,pass
61472533112111,RV32_ISS,7896254,7896254,ok,0,pass
61527431111111,RV32_ISS,10937198,10937198,ok,0,pass
61534272311132,RV32_ISS,10881095,10881095,ok,0,pass
61534721112311,RV32_ISS,9398702,9398702,ok,0,pass
61534721113211,RV32_ISS,8860955,8860955,ok,0,pass
61543271111111,RV32_ISS,11480737,11480737,ok,0,pass
61543271112311,RV32_ISS,9711799,9711799,ok,0,pass
61572432312323,RV32_ISS,8879949,8879949,ok,0,pass
61734523222331,RV32_ISS,12092763,12092763,ok,0,pass
62134572321323,RV32_ISS,11570289,11570289,ok,0,pass
62135471122121,RV32_ISS,9506006,9506006,ok,0,pass
62135472132131,RV32_ISS,8194049,8194049,ok,0,pass
62135473122131,RV32_ISS,7920000,7920000,ok,0,pass
62135473123121,RV32_ISS,10345106,10345106,ok,0,pass
62135473131131,RV32_ISS,9498087,9498087,ok,0,pass
62135473132121,RV32_ISS,9291913,9291913,ok,0,pass
62135473232231,RV32_ISS,8744684,8744684,ok,0,pass
62135473322321,RV32_ISS,9323038,9323038,ok,0,pass
62135743222331,RV32_ISS,9662783,9662783,ok,0,pass
62135743312223,RV32_ISS,16152792,16152792,ok,0,pass
62147353123121,RV32_ISS,8899941,8899941,ok,0,pass
62147353132121,RV32_ISS,7526582,7526582,ok,0,pass
62154733321121,RV32_ISS,7951957,7951957,ok,0,pass
62157342132212,RV32_ISS,11298165,11298165,ok,0,pass
62173543232132,RV32_ISS,8767320,8767320,ok,0,pass
62174351122133,RV32_ISS,12226871,12226871,ok,0,pass
62174533311212,RV32_ISS,11048582,11048582,ok,0,pass
62317453112111,RV32_ISS,7737143,7737143,ok,0,pass
62317453312211,RV32_ISS,12461794,12461794,ok,0,pass
62351743112123,RV32_ISS,14301459,14301459,ok,0,pass
62371453311311,RV32_ISS,10725315,10725315,ok,0,pass
62374511322311,RV32_ISS,7569515,7569515,ok,0,pass
62374513112321,RV32_ISS,8911716,8911716,ok,0,pass
62374513312112,RV32_ISS,7232185,7232185,ok,0,pass
62435172211133,RV32_ISS,13019721,13019721,ok,0,pass
62435172311132,RV32_ISS,13980898,13980898,ok,0,pass
62435711222222,RV32_ISS,8753369,8753369,ok,0,pass
62453713311122,RV32_ISS,11036289,11036289,ok,0,pass
62471532232133,RV32_ISS,9134768,9134768,ok,0,pass
62475131322323,RV32_ISS,8809564,8809564,ok,0,pass
62531472321233,RV32_ISS,9715677,9715677,ok,0,pass
62543711211113,RV32_ISS,9518453,9518453,ok,0,pass
62543711311112,RV32_ISS,8033941,8033941,ok,0,pass
62571432321233,RV32_ISS,11909093,11909093,ok,0,pass
62735143223213,RV32_ISS,10671045,10671045,ok,0,pass
63125741112323,RV32_ISS,16136506,16136506,ok,0,pass
63125743131233,RV32_ISS,8576083,8576083,ok,0,pass
63125743133312,RV32_ISS,9085922,9085922,ok,0,pass
63142571111111,RV32_ISS,9916702,9916702,ok,0,pass
63142571132321,RV32_ISS,13791106,13791106,ok,0,pass
63142573112123,RV32_ISS,13401210,13401210,ok,0,pass
63172452312323,RV32_ISS,7993178,7993178,ok,0,pass
63172452313211,RV32_ISS,16434208,16434208,ok,0,pass
63174522332132,RV32_ISS,8718414,8718414,ok,0,pass
63247511123132,RV32_ISS,8186620,8186620,ok,0,pass
63251743133231,RV32_ISS,12339439,12339439,ok,0,pass
63452711311313,RV32_ISS,9484869,9484869,ok,0,pass
63452712333221,RV32_ISS,8942861,8942861,ok,0,pass
63471522123131,RV32_ISS,10069206,10069206,ok,0,pass
63471522323132,RV32_ISS,11041949,11041949,ok,0,pass
63471522332132,RV32_ISS,9015068,9015068,ok,0,pass
63472512123332,RV32_ISS,9926191,9926191,ok,0,pass
63512743313333,RV32_ISS,12835785,12835785,ok,0,pass
63541271212211,RV32_ISS,15142527,15142527,ok,0,pass
63542713121333,RV32_ISS,14085705,14085705,ok,0,pass
63574212123131,RV32_ISS,8655722,8655722,ok,0,pass
63574212313211,RV32_ISS,14018441,14018441,ok,0,pass
63712542221111,RV32_ISS,9323097,9323097,ok,0,pass
63714252123131,RV32_ISS,10870994,10870994,ok,0,pass
63714521112323,RV32_ISS,10546059,10546059,ok,0,pass
63714522332132,RV32_ISS,7978796,7978796,ok,0,pass
63721541233322,RV32_ISS,9080785,9080785,ok,0,pass
63724153121213,RV32_ISS,12570615,12570615,ok,0,pass
63725141112323,RV32_ISS,15511666,15511666,ok,0,pass
63725141233121,RV32_ISS,10514520,10514520,ok,0,pass
63725142123131,RV32_ISS,14211046,14211046,ok,0,pass
63725142223133,RV32_ISS,12850784,12850784,ok,0,pass
63725143122113,RV32_ISS,11809311,11809311,ok,0,pass
63725143123313,RV32_ISS,16603062,16603062,ok,0,pass
63741252222323,RV32_ISS,9846165,9846165,ok,0,pass
63741522123131,RV32_ISS,10170855,10170855,ok,0,pass
63742511232221,RV32_ISS,10062920,10062920,ok,0,pass
63745123122212,RV32_ISS,8608993,8608993,ok,0,pass
63751242221321,RV32_ISS,12024416,12024416,ok,0,pass
63751423122311,RV32_ISS,10608494,10608494,ok,0,pass
63752141111111,RV32_ISS,12903657,12903657,ok,0,pass
63752141122211,RV32_ISS,10859289,10859289,ok,0,pass
63752141123213,RV32_ISS,8498011,8498011,ok,0,pass
63752142332132,RV32_ISS,7849332,7849332,ok,0,pass
63752143123223,RV32_ISS,8220596,8220596,ok,0,pass
63752143212323,RV32_ISS,8051250,8051250,ok,0,pass
63752143223123,RV32_ISS,9452673,9452673,ok,0,pass
63752411223212,RV32_ISS,8259164,8259164,ok,0,pass
63752411333213,RV32_ISS,13915453,13915453,ok,0,pass
63752412312323,RV32_ISS,10765341,10765341,ok,0,pass
63752412322112,RV32_ISS,8644201,8644201,ok,0,pass
63752412333113,RV32_ISS,13877901,13877901,ok,0,pass
63754213122122,RV32_ISS,9038085,9038085,ok,0,pass
64125371131313,RV32_ISS,14199054,14199054,ok,0,pass
64157321133212,RV32_ISS,18847674,18847674,ok,0,pass
64231572311132,RV32_ISS,10384504,10384504,ok,0,pass
64257131113223,RV32_ISS,9205621,9205621,ok,0,pass
64271533221212,RV32_ISS,9788139,9788139,ok,0,pass
64275131212223,RV32_ISS,11048659,11048659,ok,0,pass
64275131312123,RV32_ISS,10670144,10670144,ok,0,pass
64275132211133,RV32_ISS,13189896,13189896,ok,0,pass
64275132232133,RV32_ISS,12767200,12767200,ok,0,pass
64275133231112,RV32_ISS,12082330,12082330,ok,0,pass
64275133312211,RV32_ISS,10161164,10161164,ok,0,pass
64275311112332,RV32_ISS,9748595,9748595,ok,0,pass
64275311222222,RV32_ISS,8446712,8446712,ok,0,pass
64275313312211,RV32_ISS,9010788,9010788,ok,0,pass
64321572111131,RV32_ISS,10826928,10826928,ok,0,pass
64321572132131,RV32_ISS,8996135,8996135,ok,0,pass
64321572311132,RV32_ISS,10088020,10088020,ok,0,pass
64325713121222,RV32_ISS,17972659,17972659,ok,0,pass
64351272132131,RV32_ISS,9021580,9021580,ok,0,pass
64357212313211,RV32_ISS,10364267,10364267,ok,0,pass
64357213231322,RV32_ISS,12531954,12531954,ok,0,pass
64357213312211,RV32_ISS,11456411,11456411,ok,0,pass
64531271212211,RV32_ISS,14641966,14641966,ok,0,pass
64531272132131,RV32_ISS,8243822,8243822,ok,0,pass
64531273122131,RV32_ISS,8075109,8075109,ok,0,pass
64531273123121,RV32_ISS,10583823,10583823,ok,0,pass
64531273311311,RV32_ISS,8860852,8860852,ok,0,pass
64531273312211,RV32_ISS,8239374,8239374,ok,0,pass
64572131122223,RV32_ISS,8976904,8976904,ok,0,pass
64713253112111,RV32_ISS,7711620,7711620,ok,0,pass
65123471112311,RV32_ISS,8709209,8709209,ok,0,pass
65123471233232,RV32_ISS,7550142,7550142,ok,0,pass
65123472312311,RV32_ISS,9052460,9052460,ok,0,pass
65132471212112,RV32_ISS,9410559,9410559,ok,0,pass
65132471222111,RV32_ISS,9096659,9096659,ok,0,pass
65132471231321,RV32_ISS,10467152,10467152,ok,0,pass
65132471323121,RV32_ISS,10083220,10083220,ok,0,pass
65132472131231,RV32_ISS,8195028,8195028,ok,0,pass
65132472212231,RV32_ISS,13577291,13577291,ok,0,pass
65132472233321,RV32_ISS,10737581,10737581,ok,0,pass
65132473111331,RV32_ISS,10473366,10473366,ok,0,pass
65132473313312,RV32_ISS,8515355,8515355,ok,0,pass
65132473323311,RV32_ISS,8712123,8712123,ok,0,pass
65132741223323,RV32_ISS,8476840,8476840,ok,0,pass
65132743222331,RV32_ISS,10624570,10624570,ok,0,pass
65134721233232,RV32_ISS,9578843,9578843,ok,0,pass
65147321232113,RV32_ISS,12264047,12264047,ok,0,pass
65172431132333,RV32_ISS,10368621,10368621,ok,0,pass
65174232123131,RV32_ISS,9022888,9022888,ok,0,pass
65174232133313,RV32_ISS,8957484,8957484,ok,0,pass
65174232323312,RV32_ISS,9953968,9953968,ok,0,pass
65174233323212,RV32_ISS,9891083,9891083,ok,0,pass
65174233331213,RV32_ISS,9415704,9415704,ok,0,pass
65174322313211,RV32_ISS,9658239,9658239,ok,0,pass
65174323223123,RV32_ISS,9461583,9461583,ok,0,pass
65213741111111,RV32_ISS,10573005,10573005,ok,0,pass
65241371111111,RV32_ISS,10136496,10136496,ok,0,pass
65243712121322,RV32_ISS,13392263,13392263,ok,0,pass
65271341332331,RV32_ISS,9867105,9867105,ok,0,pass
65271432231233,RV32_ISS,10077902,10077902,ok,0,pass
65274131111111,RV32_ISS,11937553,11937553,ok,0,pass
65274131311313,RV32_ISS,8272080,8272080,ok,0,pass
65274131312213,RV32_ISS,9324797,9324797,ok,0,pass
65274132123332,RV32_ISS,8989144,8989144,ok,0,pass
65274133132223,RV32_ISS,8942066,8942066,ok,0,pass
65274133232321,RV32_ISS,8052970,8052970,ok,0,pass
65274133312223,RV32_ISS,8768024,8768024,ok,0,pass
65314272311132,RV32_ISS,8317400,8317400,ok,0,pass
65314272313211,RV32_ISS,13845505,13845505,ok,0,pass
65321472111122,RV32_ISS,10630167,10630167,ok,0,pass
65417321232113,RV32_ISS,8658094,8658094,ok,0,pass
65417323223123,RV32_ISS,7967569,7967569,ok,0,pass
65417323232123,RV32_ISS,8647052,8647052,ok,0,pass
65423713321322,RV32_ISS,9638834,9638834,ok,0,pass
65432173232321,RV32_ISS,9417623,9417623,ok,0,pass
65471231132213,RV32_ISS,11298534,11298534,ok,0,pass
65714323223123,RV32_ISS,9243881,9243881,ok,0,pass
65723143321313,RV32_ISS,8629322,8629322,ok,0,pass
65732411333123,RV32_ISS,18403850,18403850,ok,0,pass
65742311212313,RV32_ISS,8465694,8465694,ok,0,pass
67132541133311,RV32_ISS,15036300,15036300,ok,0,pass
67145323133312,RV32_ISS,9467335,9467335,ok,0,pass
67154233323332,RV32_ISS,13965645,13965645,ok,0,pass
67215343333133,RV32_ISS,11680283,11680283,ok,0,pass
67231541323112,RV32_ISS,10997594,10997594,ok,0,pass
67231543323122,RV32_ISS,11037987,11037987,ok,0,pass
67234513332122,RV32_ISS,8635568,8635568,ok,0,pass
67245131313323,RV32_ISS,8994126,8994126,ok,0,pass
67245311112311,RV32_ISS,13318148,13318148,ok,0,pass
67245311133233,RV32_ISS,10759117,10759117,ok,0,pass
67254311131133,RV32_ISS,14449134,14449134,ok,0,pass
67254313311113,RV32_ISS,8943334,8943334,ok,0,pass
67312452233321,RV32_ISS,9189955,9189955,ok,0,pass
67312541121221,RV32_ISS,8941666,8941666,ok,0,pass
67312542221111,RV32_ISS,11415367,11415367,ok,0,pass
67321451111123,RV32_ISS,8635678,8635678,ok,0,pass
67321451112311,RV32_ISS,9278698,9278698,ok,0,pass
67321451212211,RV32_ISS,15044234,15044234,ok,0,pass
67321451311133,RV32_ISS,9658995,9658995,ok,0,pass
67321452111122,RV32_ISS,8985941,8985941,ok,0,pass
67321453113311,RV32_ISS,10072103,10072103,ok,0,pass
67321542232133,RV32_ISS,9531798,9531798,ok,0,pass
67341252222323,RV32_ISS,10138965,10138965,ok,0,pass
67342512222113,RV32_ISS,10209582,10209582,ok,0,pass
67345122223133,RV32_ISS,13338533,13338533,ok,0,pass
67345122232133,RV32_ISS,12867392,12867392,ok,0,pass
67345211111123,RV32_ISS,8615853,8615853,ok,0,pass
67345211111132,RV32_ISS,9297903,9297903,ok,0,pass
67345211112233,RV32_ISS,8952854,8952854,ok,0,pass
67345211113322,RV32_ISS,8683594,8683594,ok,0,pass
67345211211122,RV32_ISS,9639190,9639190,ok,0,pass
67345211311133,RV32_ISS,9495404,9495404,ok,0,pass
67345212111122,RV32_ISS,8711904,8711904,ok,0,pass
67345213111133,RV32_ISS,10253246,10253246,ok,0,pass
67354121111111,RV32_ISS,9974015,9974015,ok,0,pass
67354211212121,RV32_ISS,9788371,9788371,ok,0,pass
67354211313113,RV32_ISS,14305696,14305696,ok,0,pass
67354211333111,RV32_ISS,14246983,14246983,ok,0,pass
67354212111221,RV32_ISS,9908639,9908639,ok,0,pass
67354212212222,RV32_ISS,9296751,9296751,ok,0,pass
67354212311132,RV32_ISS,9405209,9405209,ok,0,pass
67354213111313,RV32_ISS,11449793,11449793,ok,0,pass
67354213131311,RV32_ISS,10923401,10923401,ok,0,pass
67354213211132,RV32_ISS,9282816,9282816,ok,0,pass
67354213313333,RV32_ISS,9346629,9346629,ok,0,pass
67412353132121,RV32_ISS,10779041,10779041,ok,0,pass
67412353332221,RV32_ISS,8401318,8401318,ok,0,pass
67412531131133,RV32_ISS,10277088,10277088,ok,0,pass
67435121332112,RV32_ISS,7778169,7778169,ok,0,pass
67435123123121,RV32_ISS,7819218,7819218,ok,0,pass
67452313321232,RV32_ISS,11049458,11049458,ok,0,pass
71234563231322,RV32_ISS,10381780,10381780,ok,0,pass
71263541333222,RV32_ISS,13145630,13145630,ok,0,pass
71263542323123,RV32_ISS,13268978,13268978,ok,0,pass
71264533131323,RV32_ISS,13335259,13335259,ok,0,pass
71264533221323,RV32_ISS,13157078,13157078,ok,0,pass
71264533231223,RV32_ISS,15406107,15406107,ok,0,pass
71264533231313,RV32_ISS,14042826,14042826,ok,0,pass
71326451211311,RV32_ISS,8626294,8626294,ok,0,pass
71326453132121,RV32_ISS,8430161,8430161,ok,0,pass
71326543333313,RV32_ISS,12477635,12477635,ok,0,pass
71345262132131,RV32_ISS,9727176,9727176,ok,0,pass
71362453113311,RV32_ISS,10247432,10247432,ok,0,pass
71365423331312,RV32_ISS,11812736,11812736,ok,0,pass
71423563213232,RV32_ISS,9712109,9712109,ok,0,pass
71423653213232,RV32_ISS,9110784,9110784,ok,0,pass
71426353312211,RV32_ISS,9707702,9707702,ok,0,pass
71426533333223,RV32_ISS,10976211,10976211,ok,0,pass
71432561232323,RV32_ISS,9805843,9805843,ok,0,pass
71432561323232,RV32_ISS,7649299,7649299,ok,0,pass
71432562111221,RV32_ISS,9142359,9142359,ok,0,pass
71432563232213,RV32_ISS,9735476,9735476,ok,0,pass
71432563323113,RV32_ISS,8241152,8241152,ok,0,pass
71432563323122,RV32_ISS,8842824,8842824,ok,0,pass
71432563332113,RV32_ISS,8307000,8307000,ok,0,pass
71435261322233,RV32_ISS,11365289,11365289,ok,0,pass
71435262222122,RV32_ISS,10302888,10302888,ok,0,pass
71435263211123,RV32_ISS,12068704,12068704,ok,0,pass
71435263311122,RV32_ISS,11270702,11270702,ok,0,pass
71435263333133,RV32_ISS,11480480,11480480,ok,0,pass
71435263333223,RV32_ISS,11589558,11589558,ok,0,pass
71435623333331,RV32_ISS,11318272,11318272,ok,0,pass
71436253333112,RV32_ISS,12429043,12429043,ok,0,pass
71452363213232,RV32_ISS,8887876,8887876,ok,0,pass
71452632222131,RV32_ISS,11873131,11873131,ok,0,pass
71453262222221,RV32_ISS,9512478,9512478,ok,0,pass
71453623311122,RV32_ISS,12947408,12947408,ok,0,pass
71456321322323,RV32_ISS,9007635,9007635,ok,0,pass
71456322111221,RV32_ISS,9431090,9431090,ok,0,pass
71462531113322,RV32_ISS,11298028,11298028,ok,0,pass
71462532111212,RV32_ISS,9743208,9743208,ok,0,pass
71462532121112,RV32_ISS,10060497,10060497,ok,0,pass
71462533111223,RV32_ISS,12090539,12090539,ok,0,pass
71462533221113,RV32_ISS,9900460,9900460,ok,0,pass
71463523331222,RV32_ISS,10111182,10111182,ok,0,pass
71523463131311,RV32_ISS,12853393,12853393,ok,0,pass
71523463231313,RV32_ISS,13307328,13307328,ok,0,pass
71523463331312,RV32_ISS,12681905,12681905,ok,0,pass
71532463221332,RV32_ISS,9789849,9789849,ok,0,pass
71534262122222,RV32_ISS,12423846,12423846,ok,0,pass
71542633132322,RV32_ISS,9558636,9558636,ok,0,pass
71543622111131,RV32_ISS,8090429,8090429,ok,0,pass
71543623111121,RV32_ISS,8998844,8998844,ok,0,pass
71546233331213,RV32_ISS,12342492,12342492,ok,0,pass
71546322231212,RV32_ISS,12791048,12791048,ok,0,pass
71562433123232,RV32_ISS,9226009,9226009,ok,0,pass
71563243221221,RV32_ISS,10347089,10347089,ok,0,pass
71625433213133,RV32_ISS,16547622,16547622,ok,0,pass
71643252231212,RV32_ISS,12584906,12584906,ok,0,pass
71643523331213,RV32_ISS,12941591,12941591,ok,0,pass
72134562312212,RV32_ISS,11698031,11698031,ok,0,pass
72136541322233,RV32_ISS,8677420,8677420,ok,0,pass
72143563222331,RV32_ISS,8771684,8771684,ok,0,pass
72143651121113,RV32_ISS,8822743,8822743,ok,0,pass
72143651131112,RV32_ISS,9391501,9391501,ok,0,pass
72143651213111,RV32_ISS,8539126,8539126,ok,0,pass
72143651312111,RV32_ISS,8401066,8401066,ok,0,pass
72143652111311,RV32_ISS,8559345,8559345,ok,0,pass
72143653111211,RV32_ISS,8513806,8513806,ok,0,pass
72145631233223,RV32_ISS,8374051,8374051,ok,0,pass
72145633232231,RV32_ISS,8403958,8403958,ok,0,pass
72145633312223,RV32_ISS,13593626,13593626,ok,0,pass
72146352232223,RV32_ISS,10046824,10046824,ok,0,pass
72163452122222,RV32_ISS,12467681,12467681,ok,0,pass
72163453121213,RV32_ISS,10490604,10490604,ok,0,pass
72163453131212,RV32_ISS,11855150,11855150,ok,0,pass
72163453133333,RV32_ISS,10141802,10141802,ok,0,pass
72163453331333,RV32_ISS,12487354,12487354,ok,0,pass
72164353131113,RV32_ISS,12171770,12171770,ok,0,pass
72165431113331,RV32_ISS,8682890,8682890,ok,0,pass
72165432111113,RV32_ISS,9023310,9023310,ok,0,pass
72165432111122,RV32_ISS,12009577,12009577,ok,0,pass
72165432211112,RV32_ISS,9869578,9869578,ok,0,pass
72165432323312,RV32_ISS,8723994,8723994,ok,0,pass
72165433111112,RV32_ISS,8483483,8483483,ok,0,pass
72165433121333,RV32_ISS,9373820,9373820,ok,0,pass
72165433221233,RV32_ISS,8924554,8924554,ok,0,pass
72165433233323,RV32_ISS,9647503,9647503,ok,0,pass
72165433321223,RV32_ISS,8296162,8296162,ok,0,pass
72165433331213,RV32_ISS,9148022,9148022,ok,0,pass
72345611111111,RV32_ISS,11817797,11817797,ok,0,pass
72345611133113,RV32_ISS,8117744,8117744,ok,0,pass
72345611221223,RV32_ISS,7378654,7378654,ok,0,pass
72345611222222,RV32_ISS,8011009,8011009,ok,0,pass
72345611331332,RV32_ISS,8643176,8643176,ok,0,pass
72345612122111,RV32_ISS,9246638,9246638,ok,0,pass
72345612331331,RV32_ISS,7315519,7315519,ok,0,pass
72345613221221,RV32_ISS,7795338,7795338,ok,0,pass
72345613333331,RV32_ISS,9859280,9859280,ok,0,pass
72356141112323,RV32_ISS,9482981,9482981,ok,0,pass
72356141232113,RV32_ISS,8751073,8751073,ok,0,pass
72356143211123,RV32_ISS,8380845,8380845,ok,0,pass
72361453232333,RV32_ISS,8413241,8413241,ok,0,pass
72361542333233,RV32_ISS,15042597,15042597,ok,0,pass
72365412222212,RV32_ISS,9199307,9199307,ok,0,pass
72365413121312,RV32_ISS,13087533,13087533,ok,0,pass
72365413131212,RV32_ISS,9561951,9561951,ok,0,pass
72365413331333,RV32_ISS,9750838,9750838,ok,0,pass
72435163333313,RV32_ISS,13816573,13816573,ok,0,pass
72513641232323,RV32_ISS,8731015,8731015,ok,0,pass
72513641233322,RV32_ISS,10182810,10182810,ok,0,pass
72516342313223,RV32_ISS,9479875,9479875,ok,0,pass
72531463321232,RV32_ISS,10431175,10431175,ok,0,pass
72534163211123,RV32_ISS,10876420,10876420,ok,0,pass
72541631111213,RV32_ISS,8931546,8931546,ok,0,pass
72541631111312,RV32_ISS,9928976,9928976,ok,0,pass
72541631112131,RV32_ISS,9298373,9298373,ok,0,pass
72541631113121,RV32_ISS,9659731,9659731,ok,0,pass
72541632131111,RV32_ISS,8537216,8537216,ok,0,pass
72541633121111,RV32_ISS,10581204,10581204,ok,0,pass
72543162311111,RV32_ISS,8137433,8137433,ok,0,pass
72543163211111,RV32_ISS,9039973,9039973,ok,0,pass
72543611221223,RV32_ISS,11927382,11927382,ok,0,pass
72543611223221,RV32_ISS,12496363,12496363,ok,0,pass
72543611331332,RV32_ISS,14108386,14108386,ok,0,pass
72543611332331,RV32_ISS,12674044,12674044,ok,0,pass
72543612331331,RV32_ISS,11988171,11988171,ok,0,pass
72543613132232,RV32_ISS,15283083,15283083,ok,0,pass
72543613133222,RV32_ISS,12343413,12343413,ok,0,pass
72543613221221,RV32_ISS,12900798,12900798,ok,0,pass
72543613223312,RV32_ISS,14236133,14236133,ok,0,pass
72543613322312,RV32_ISS,14721474,14721474,ok,0,pass
72546311323112,RV32_ISS,8419049,8419049,ok,0,pass
72546313323212,RV32_ISS,9411559,9411559,ok,0,pass
72561342313223,RV32_ISS,12647349,12647349,ok,0,pass
72561432213122,RV32_ISS,14974026,14974026,ok,0,pass
72561433221233,RV32_ISS,13271137,13271137,ok,0,pass
72561433311233,RV32_ISS,17085428,17085428,ok,0,pass
72561433321133,RV32_ISS,14245152,14245152,ok,0,pass
72561433321223,RV32_ISS,14056091,14056091,ok,0,pass
72563411111213,RV32_ISS,8792590,8792590,ok,0,pass
72563411111312,RV32_ISS,8633602,8633602,ok,0,pass
72563411112131,RV32_ISS,11869029,11869029,ok,0,pass
72563411113121,RV32_ISS,9429397,9429397,ok,0,pass
72563412131111,RV32_ISS,8558779,8558779,ok,0,pass
72563413121111,RV32_ISS,8436818,8436818,ok,0,pass
72643513212311,RV32_ISS,8871114,8871114,ok,0,pass
72643513212332,RV32_ISS,8234018,8234018,ok,0,pass
73125463133132,RV32_ISS,9854246,9854246,ok,0,pass
73146522113231,RV32_ISS,8007981,8007981,ok,0,pass
73246153312211,RV32_ISS,8555750,8555750,ok,0,pass
73456123231322,RV32_ISS,9766435,9766435,ok,0,pass
73516243323113,RV32_ISS,8469533,8469533,ok,0,pass
73516243332131,RV32_ISS,9034348,9034348,ok,0,pass
73541262321212,RV32_ISS,11304199,11304199,ok,0,pass
73542163321133,RV32_ISS,11349160,11349160,ok,0,pass
73542613132121,RV32_ISS,8269196,8269196,ok,0,pass
73542613132322,RV32_ISS,8452477,8452477,ok,0,pass
73564213321322,RV32_ISS,10933414,10933414,ok,0,pass
73614251112323,RV32_ISS,11262607,11262607,ok,0,pass
73615241112323,RV32_ISS,14931941,14931941,ok,0,pass
73615241113322,RV32_ISS,12205081,12205081,ok,0,pass
73615242223133,RV32_ISS,11875170,11875170,ok,0,pass
73615243123313,RV32_ISS,11223519,11223519,ok,0,pass
73615243213313,RV32_ISS,11607839,11607839,ok,0,pass
73615243331312,RV32_ISS,11299593,11299593,ok,0,pass
73615243332311,RV32_ISS,11710875,11710875,ok,0,pass
73615421113322,RV32_ISS,8779974,8779974,ok,0,pass
73615423213211,RV32_ISS,11671198,11671198,ok,0,pass
73615423333331,RV32_ISS,9247835,9247835,ok,0,pass
73624513121132,RV32_ISS,14963654,14963654,ok,0,pass
73624513332131,RV32_ISS,13427077,13427077,ok,0,pass
73625141112323,RV32_ISS,11018379,11018379,ok,0,pass
73625143121213,RV32_ISS,9352936,9352936,ok,0,pass
73625143333313,RV32_ISS,9761790,9761790,ok,0,pass
73625412222323,RV32_ISS,9593648,9593648,ok,0,pass
73642511111111,RV32_ISS,12665374,12665374,ok,0,pass
73642511113232,RV32_ISS,10878264,10878264,ok,0,pass
73642511113322,RV32_ISS,10832409,10832409,ok,0,pass
73642513223222,RV32_ISS,11833762,11833762,ok,0,pass
73645121113211,RV32_ISS,10692006,10692006,ok,0,pass
73645122222311,RV32_ISS,10214637,10214637,ok,0,pass
73645211223113,RV32_ISS,7780502,7780502,ok,0,pass
73645211231111,RV32_ISS,9947996,9947996,ok,0,pass
73645211321111,RV32_ISS,7780003,7780003,ok,0,pass
73645211332112,RV32_ISS,8088929,8088929,ok,0,pass
73645213112231,RV32_ISS,8399724,8399724,ok,0,pass
73645213333112,RV32_ISS,8912908,8912908,ok,0,pass
73651241113322,RV32_ISS,9392369,9392369,ok,0,pass
73652413211312,RV32_ISS,10048921,10048921,ok,0,pass
73652413331321,RV32_ISS,11287757,11287757,ok,0,pass
73654122111122,RV32_ISS,12512403,12512403,ok,0,pass
73654122221111,RV32_ISS,8707521,8707521,ok,0,pass
73654211111132,RV32_ISS,10263807,10263807,ok,0,pass
74123563323221,RV32_ISS,8050502,8050502,ok,0,pass
74123652322121,RV32_ISS,12491092,12491092,ok,0,pass
74123653132232,RV32_ISS,15991485,15991485,ok,0,pass
74123653133132,RV32_ISS,13007153,13007153,ok,0,pass
74123653133222,RV32_ISS,12880980,12880980,ok,0,pass
74123653133231,RV32_ISS,11864062,11864062,ok,0,pass
74125631313311,RV32_ISS,8521542,8521542,ok,0,pass
74125632121121,RV32_ISS,8906327,8906327,ok,0,pass
74125632122111,RV32_ISS,8250367,8250367,ok,0,pass
74125632131111,RV32_ISS,8515652,8515652,ok,0,pass
74125632321332,RV32_ISS,8271685,8271685,ok,0,pass
74125633121111,RV32_ISS,10411217,10411217,ok,0,pass
74125633131233,RV32_ISS,8108653,8108653,ok,0,pass
74125633132232,RV32_ISS,7370586,7370586,ok,0,pass
74125633133222,RV32_ISS,7794495,7794495,ok,0,pass
74125633133312,RV32_ISS,10379857,10379857,ok,0,pass
74125633332323,RV32_ISS,9748718,9748718,ok,0,pass
74126352333122,RV32_ISS,11509217,11509217,ok,0,pass
74132561321231,RV32_ISS,10824262,10824262,ok,0,pass
74132562121121,RV32_ISS,10055526,10055526,ok,0,pass
74132562122111,RV32_ISS,9413784,9413784,ok,0,pass
74132563131221,RV32_ISS,11588218,11588218,ok,0,pass
74132563132112,RV32_ISS,9453838,9453838,ok,0,pass
74136522322121,RV32_ISS,11682182,11682182,ok,0,pass
74152363132232,RV32_ISS,11490493,11490493,ok,0,pass
74152363133132,RV32_ISS,11569196,11569196,ok,0,pass
74152363133222,RV32_ISS,13067085,13067085,ok,0,pass
74152363133231,RV32_ISS,11545667,11545667,ok,0,pass
74156322122123,RV32_ISS,8789351,8789351,ok,0,pass
74156322122321,RV32_ISS,9007153,9007153,ok,0,pass
74156322313223,RV32_ISS,9024575,9024575,ok,0,pass
74156323132331,RV32_ISS,8514856,8514856,ok,0,pass
74156323133123,RV32_ISS,8788778,8788778,ok,0,pass
74163251121122,RV32_ISS,9777345,9777345,ok,0,pass
74163252112211,RV32_ISS,9062164,9062164,ok,0,pass
74163252131111,RV32_ISS,9764709,9764709,ok,0,pass
74163253121111,RV32_ISS,9689297,9689297,ok,0,pass
74163253131332,RV32_ISS,8145045,8145045,ok,0,pass
74163253133132,RV32_ISS,8013206,8013206,ok,0,pass
74163253133213,RV32_ISS,8687361,8687361,ok,0,pass
74163253133231,RV32_ISS,8268026,8268026,ok,0,pass
74163253332323,RV32_ISS,8882570,8882570,ok,0,pass
74165231121212,RV32_ISS,15299449,15299449,ok,0,pass
74165231131313,RV32_ISS,14384218,14384218,ok,0,pass
74165231212121,RV32_ISS,14543325,14543325,ok,0,pass
74165231313131,RV32_ISS,15030630,15030630,ok,0,pass
74165232111212,RV32_ISS,15199747,15199747,ok,0,pass
74165232121112,RV32_ISS,14458542,14458542,ok,0,pass
74165232121211,RV32_ISS,14631433,14631433,ok,0,pass
74165233111313,RV32_ISS,15812745,15812745,ok,0,pass
74165233131113,RV32_ISS,14508394,14508394,ok,0,pass
74165233131311,RV32_ISS,15400214,15400214,ok,0,pass
74165233131323,RV32_ISS,14585169,14585169,ok,0,pass
74165233132313,RV32_ISS,15702029,15702029,ok,0,pass
74165233231313,RV32_ISS,15719611,15719611,ok,0,pass
74213652323132,RV32_ISS,8417011,8417011,ok,0,pass
74251633111313,RV32_ISS,11503957,11503957,ok,0,pass
74256311321222,RV32_ISS,16014055,16014055,ok,0,pass
74256313111232,RV32_ISS,18616399,18616399,ok,0,pass
74265312333233,RV32_ISS,9677949,9677949,ok,0,pass
74312652333332,RV32_ISS,9661420,9661420,ok,0,pass
74321563311131,RV32_ISS,10355574,10355574,ok,0,pass
74321653233323,RV32_ISS,10550244,10550244,ok,0,pass
74325163131323,RV32_ISS,11241759,11241759,ok,0,pass
74325612221222,RV32_ISS,9169531,9169531,ok,0,pass
74325613121312,RV32_ISS,11686618,11686618,ok,0,pass
74325613131212,RV32_ISS,9179869,9179869,ok,0,pass
74325613133333,RV32_ISS,9846211,9846211,ok,0,pass
74361253112132,RV32_ISS,11085760,11085760,ok,0,pass
74361253211231,RV32_ISS,8094975,8094975,ok,0,pass
74365211121221,RV32_ISS,8848400,8848400,ok,0,pass
74365211213111,RV32_ISS,8342863,8342863,ok,0,pass
74365211312111,RV32_ISS,8234133,8234133,ok,0,pass
74365211313113,RV32_ISS,9116179,9116179,ok,0,pass
74365211333111,RV32_ISS,9079306,9079306,ok,0,pass
74365212111311,RV32_ISS,8405043,8405043,ok,0,pass
74365212222323,RV32_ISS,8647833,8647833,ok,0,pass
74365212333332,RV32_ISS,8222300,8222300,ok,0,pass
74365213111211,RV32_ISS,8802883,8802883,ok,0,pass
74365213121333,RV32_ISS,8581900,8581900,ok,0,pass
74512361322233,RV32_ISS,11193257,11193257,ok,0,pass
74512362313223,RV32_ISS,8368078,8368078,ok,0,pass
74513263121222,RV32_ISS,17030040,17030040,ok,0,pass
74521632222212,RV32_ISS,11223862,11223862,ok,0,pass
74521633121213,RV32_ISS,12600963,12600963,ok,0,pass
74521633121312,RV32_ISS,11594729,11594729,ok,0,pass
74521633133333,RV32_ISS,12810182,12810182,ok,0,pass
74521633333313,RV32_ISS,11455209,11455209,ok,0,pass
74523611121113,RV32_ISS,8808616,8808616,ok,0,pass
74523611131112,RV32_ISS,9121269,9121269,ok,0,pass
74523611213111,RV32_ISS,8997126,8997126,ok,0,pass
74523611312111,RV32_ISS,8546640,8546640,ok,0,pass
74523612111311,RV32_ISS,8893766,8893766,ok,0,pass
74523613111211,RV32_ISS,8520542,8520542,ok,0,pass
74532163123223,RV32_ISS,10182629,10182629,ok,0,pass
74561231111222,RV32_ISS,8980595,8980595,ok,0,pass
74561232111113,RV32_ISS,9112921,9112921,ok,0,pass
74561232221111,RV32_ISS,10103918,10103918,ok,0,pass
74561233111112,RV32_ISS,9852080,9852080,ok,0,pass
74561233131233,RV32_ISS,8853731,8853731,ok,0,pass
74561233233323,RV32_ISS,10422530,10422530,ok,0,pass
74561233311233,RV32_ISS,8868304,8868304,ok,0,pass
74561233321133,RV32_ISS,8742056,8742056,ok,0,pass
74561233321313,RV32_ISS,10661461,10661461,ok,0,pass
74563211232332,RV32_ISS,8749380,8749380,ok,0,pass
74653213133222,RV32_ISS,10271979,10271979,ok,0,pass
75132463233233,RV32_ISS,10222432,10222432,ok,0,pass
75143263231313,RV32_ISS,12399934,12399934,ok,0,pass
75146321323331,RV32_ISS,11276773,11276773,ok,0,pass
75213642223133,RV32_ISS,9770363,9770363,ok,0,pass
75231463211123,RV32_ISS,14184597,14184597,ok,0,pass
75234161322233,RV32_ISS,8766256,8766256,ok,0,pass
75234162221111,RV32_ISS,11590446,11590446,ok,0,pass
75236143213232,RV32_ISS,8162444,8162444,ok,0,pass
75241632222323,RV32_ISS,10034935,10034935,ok,0,pass
75243162211322,RV32_ISS,17090364,17090364,ok,0,pass
75243611113232,RV32_ISS,9042460,9042460,ok,0,pass
75243613213232,RV32_ISS,7876728,7876728,ok,0,pass
75246131333312,RV32_ISS,11070911,11070911,ok,0,pass
75246311111111,RV32_ISS,21012448,21012448,ok,0,pass
75246313212311,RV32_ISS,9340214,9340214,ok,0,pass
75246313312211,RV32_ISS,9065480,9065480,ok,0,pass
75246313332332,RV32_ISS,9066588,9066588,ok,0,pass
75261432123233,RV32_ISS,10341821,10341821,ok,0,pass
75264132121232,RV32_ISS,10749200,10749200,ok,0,pass
75264132223331,RV32_ISS,8411834,8411834,ok,0,pass
75264132321212,RV32_ISS,11303504,11303504,ok,0,pass
75264133121333,RV32_ISS,9088916,9088916,ok,0,pass
75264133331213,RV32_ISS,9212472,9212472,ok,0,pass
75264311223122,RV32_ISS,9810937,9810937,ok,0,pass
75264313231112,RV32_ISS,11269810,11269810,ok,0,pass
75312463333133,RV32_ISS,11590359,11590359,ok,0,pass
75314621133221,RV32_ISS,7353223,7353223,ok,0,pass
75314621313212,RV32_ISS,16025599,16025599,ok,0,pass
75314623113122,RV32_ISS,8265301,8265301,ok,0,pass
75316241231231,RV32_ISS,11563296,11563296,ok,0,pass
75321461311112,RV32_ISS,8997902,8997902,ok,0,pass
75321463132121,RV32_ISS,8140976,8140976,ok,0,pass
75346122133133,RV32_ISS,10332982,10332982,ok,0,pass
75346211133122,RV32_ISS,8621792,8621792,ok,0,pass
75346211211311,RV32_ISS,10950769,10950769,ok,0,pass
75346211311211,RV32_ISS,8133799,8133799,ok,0,pass
75346212323333,RV32_ISS,10391929,10391929,ok,0,pass
75346213112132,RV32_ISS,7783073,7783073,ok,0,pass
75346213132121,RV32_ISS,8129001,8129001,ok,0,pass
75346213132322,RV32_ISS,8209576,8209576,ok,0,pass
75346213332122,RV32_ISS,8707779,8707779,ok,0,pass
75412631223332,RV32_ISS,7513508,7513508,ok,0,pass
75416323232213,RV32_ISS,10063986,10063986,ok,0,pass
75431263133213,RV32_ISS,11494770,11494770,ok,0,pass
75462132123212,RV32_ISS,15171885,15171885,ok,0,pass
75613243131332,RV32_ISS,11620702,11620702,ok,0,pass
75613243133213,RV32_ISS,9454139,9454139,ok,0,pass
75634123323122,RV32_ISS,9051122,9051122,ok,0,pass
75641323232111,RV32_ISS,8568949,8568949,ok,0,pass
75642132213311,RV32_ISS,8294849,8294849,ok,0,pass
76123453233323,RV32_ISS,8863081,8863081,ok,0,pass
76125343333133,RV32_ISS,11740526,11740526,ok,0,pass
76143252131312,RV32_ISS,9763885,9763885,ok,0,pass
76143252221222,RV32_ISS,9929493,9929493,ok,0,pass
76143253131212,RV32_ISS,10057386,10057386,ok,0,pass
76143253331333,RV32_ISS,9310478,9310478,ok,0,pass
76143253333313,RV32_ISS,13059058,13059058,ok,0,pass
76145231121113,RV32_ISS,8277609,8277609,ok,0,pass
76145231122112,RV32_ISS,14342875,14342875,ok,0,pass
76145231131112,RV32_ISS,8946177,8946177,ok,0,pass
76145231221112,RV32_ISS,14313424,14313424,ok,0,pass
76145231311331,RV32_ISS,8058662,8058662,ok,0,pass
76145232123332,RV32_ISS,8650263,8650263,ok,0,pass
76145232233213,RV32_ISS,10691923,10691923,ok,0,pass
76145232331313,RV32_ISS,8320801,8320801,ok,0,pass
76145232332213,RV32_ISS,11059533,11059533,ok,0,pass
76145233133213,RV32_ISS,8837840,8837840,ok,0,pass
76145233232333,RV32_ISS,8400153,8400153,ok,0,pass
76154323333112,RV32_ISS,10254045,10254045,ok,0,pass
76213543213133,RV32_ISS,10590239,10590239,ok,0,pass
76213543311332,RV32_ISS,9931394,9931394,ok,0,pass
76215341231231,RV32_ISS,9534292,9534292,ok,0,pass
76215433333133,RV32_ISS,11303413,11303413,ok,0,pass
76231451123111,RV32_ISS,9051586,9051586,ok,0,pass
76245311121131,RV32_ISS,8787097,8787097,ok,0,pass
76245311131121,RV32_ISS,7912902,7912902,ok,0,pass
76245311213312,RV32_ISS,8368389,8368389,ok,0,pass
76245312132131,RV32_ISS,8536960,8536960,ok,0,pass
76245313122122,RV32_ISS,8316700,8316700,ok,0,pass
76245313123121,RV32_ISS,8370629,8370629,ok,0,pass
76253141123132,RV32_ISS,7751157,7751157,ok,0,pass
76253141211332,RV32_ISS,7601906,7601906,ok,0,pass
76253413322312,RV32_ISS,10435607,10435607,ok,0,pass
76254133311323,RV32_ISS,16736431,16736431,ok,0,pass
76254313211111,RV32_ISS,14882517,14882517,ok,0,pass
76312452212111,RV32_ISS,15469253,15469253,ok,0,pass
76312453211111,RV32_ISS,9052570,9052570,ok,0,pass
76312453311311,RV32_ISS,9953041,9953041,ok,0,pass
76312542321212,RV32_ISS,9717101,9717101,ok,0,pass
76312542322121,RV32_ISS,9104346,9104346,ok,0,pass
76312543322222,RV32_ISS,12062944,12062944,ok,0,pass
76315241112113,RV32_ISS,9525038,9525038,ok,0,pass
76315241113112,RV32_ISS,8157483,8157483,ok,0,pass
76315241223113,RV32_ISS,7952420,7952420,ok,0,pass
76315241322122,RV32_ISS,8416345,8416345,ok,0,pass
76315241323313,RV32_ISS,8872782,8872782,ok,0,pass
76315241332112,RV32_ISS,8119868,8119868,ok,0,pass
76315243211231,RV32_ISS,7718101,7718101,ok,0,pass
76315243323323,RV32_ISS,9286438,9286438,ok,0,pass
76321452122123,RV32_ISS,13233105,13233105,ok,0,pass
76321452122321,RV32_ISS,13499831,13499831,ok,0,pass
76321452122333,RV32_ISS,13233601,13233601,ok,0,pass
76321452123323,RV32_ISS,15350920,15350920,ok,0,pass
76321452212231,RV32_ISS,12810740,12810740,ok,0,pass
76321452213122,RV32_ISS,13463658,13463658,ok,0,pass
76321453233131,RV32_ISS,14074539,14074539,ok,0,pass
76321453311233,RV32_ISS,16074494,16074494,ok,0,pass
76321453313312,RV32_ISS,15110179,15110179,ok,0,pass
76321453321133,RV32_ISS,13416375,13416375,ok,0,pass
76321453323311,RV32_ISS,15405395,15405395,ok,0,pass
76321542211112,RV32_ISS,12821039,12821039,ok,0,pass
76321543211111,RV32_ISS,8613679,8613679,ok,0,pass
76321543311131,RV32_ISS,9513809,9513809,ok,0,pass
76324151112233,RV32_ISS,8840189,8840189,ok,0,pass
76324151112323,RV32_ISS,10694591,10694591,ok,0,pass
76324153323122,RV32_ISS,8734728,8734728,ok,0,pass
76325411111213,RV32_ISS,9141857,9141857,ok,0,pass
76325411111312,RV32_ISS,11281117,11281117,ok,0,pass
76325411112131,RV32_ISS,8353402,8353402,ok,0,pass
76325411113121,RV32_ISS,9161703,9161703,ok,0,pass
76325411122121,RV32_ISS,9049338,9049338,ok,0,pass
76325411331311,RV32_ISS,9746229,9746229,ok,0,pass
76325412112121,RV32_ISS,11362344,11362344,ok,0,pass
76325412231212,RV32_ISS,9765501,9765501,ok,0,pass
76325412333233,RV32_ISS,9713258,9713258,ok,0,pass
76325413222223,RV32_ISS,8987975,8987975,ok,0,pass
76341251111213,RV32_ISS,8921611,8921611,ok,0,pass
76341251111312,RV32_ISS,11123249,11123249,ok,0,pass
76341251112131,RV32_ISS,9825895,9825895,ok,0,pass
76341251113121,RV32_ISS,9005453,9005453,ok,0,pass
76341251221121,RV32_ISS,9438750,9438750,ok,0,pass
76341251311313,RV32_ISS,9045098,9045098,ok,0,pass
76341252232313,RV32_ISS,8830367,8830367,ok,0,pass
76341252323333,RV32_ISS,9687661,9687661,ok,0,pass
76341253221212,RV32_ISS,9963379,9963379,ok,0,pass
76341253233131,RV32_ISS,8015653,8015653,ok,0,pass
76342511111231,RV32_ISS,7553815,7553815,ok,0,pass
76342511111321,RV32_ISS,9719086,9719086,ok,0,pass
76342511323112,RV32_ISS,7982708,7982708,ok,0,pass
76342512232223,RV32_ISS,9575667,9575667,ok,0,pass
76342513213112,RV32_ISS,11623315,11623315,ok,0,pass
76342513322111,RV32_ISS,12103382,12103382,ok,0,pass
76342513323122,RV32_ISS,8446744,8446744,ok,0,pass
76342513323212,RV32_ISS,9109560,9109560,ok,0,pass
76345122211112,RV32_ISS,12442992,12442992,ok,0,pass
76345122211121,RV32_ISS,9977043,9977043,ok,0,pass
76345122213311,RV32_ISS,8331423,8331423,ok,0,pass
76345122311111,RV32_ISS,10062621,10062621,ok,0,pass
76345123211111,RV32_ISS,8491422,8491422,ok,0,pass
76345123311113,RV32_ISS,9809708,9809708,ok,0,pass
76345123311131,RV32_ISS,9365145,9365145,ok,0,pass
76345123312211,RV32_ISS,7982444,7982444,ok,0,pass
76351421112323,RV32_ISS,11527666,11527666,ok,0,pass
76351421113322,RV32_ISS,8571840,8571840,ok,0,pass
76351423321232,RV32_ISS,9057747,9057747,ok,0,pass
76354121121212,RV32_ISS,10593740,10593740,ok,0,pass
76354121122121,RV32_ISS,8894924,8894924,ok,0,pass
76354121311313,RV32_ISS,9065854,9065854,ok,0,pass
76354121313131,RV32_ISS,9993310,9993310,ok,0,pass
76354122111212,RV32_ISS,11617777,11617777,ok,0,pass
76354122112121,RV32_ISS,9666091,9666091,ok,0,pass
76354122212222,RV32_ISS,9222996,9222996,ok,0,pass
76354123211123,RV32_ISS,9882318,9882318,ok,0,pass
76354123211132,RV32_ISS,8581751,8581751,ok,0,pass
76354123313333,RV32_ISS,10080905,10080905,ok,0,pass
76354212213323,RV32_ISS,9173456,9173456,ok,0,pass
76354212312233,RV32_ISS,9434574,9434574,ok,0,pass
76354212313322,RV32_ISS,10046884,10046884,ok,0,pass
76354212333332,RV32_ISS,9233108,9233108,ok,0,pass
76354213222223,RV32_ISS,9060154,9060154,ok,0,pass
76354213312223,RV32_ISS,8496746,8496746,ok,0,pass
76421351131121,RV32_ISS,7336590,7336590,ok,0,pass
76512343213313,RV32_ISS,14706831,14706831,ok,0,pass
76512343332311,RV32_ISS,14665481,14665481,ok,0,pass
76514321112323,RV32_ISS,9834079,9834079,ok,0,pass
76514321232113,RV32_ISS,9063636,9063636,ok,0,pass
76521433232333,RV32_ISS,8767900,8767900,ok,0,pass
76523413223231,RV32_ISS,9224613,9224613,ok,0,pass
76524313331222,RV32_ISS,11400263,11400263,ok,0,pass
76541232131213,RV32_ISS,15072860,15072860,ok,0,pass
76541232221222,RV32_ISS,9266290,9266290,ok,0,pass
76541233121213,RV32_ISS,9556521,9556521,ok,0,pass
76541233331333,RV32_ISS,10289334,10289334,ok,0,pass
76541233333313,RV32_ISS,11630338,11630338,ok,0,pass
76543211111111,RV32_ISS,19772087,19772087,ok,0,pass
76543211212112,RV32_ISS,10150537,10150537,ok,0,pass
76543211223221,RV32_ISS,8231403,8231403,ok,0,pass
76543211332331,RV32_ISS,8224256,8224256,ok,0,pass
76543211333333,RV32_ISS,9088644,9088644,ok,0,pass
76543212132323,RV32_ISS,9065825,9065825,ok,0,pass
76543212222221,RV32_ISS,8701805,8701805,ok,0,pass
76543212323213,RV32_ISS,8943174,8943174,ok,0,pass
76543213113131,RV32_ISS,8999328,8999328,ok,0,pass
