state,proc,iret,cycles,status,exit_code,check
12345672121232,RV32_ISS,28722141,28722141,ok,0,pass
12345672123212,RV32_ISS,27531407,27531407,ok,0,pass
12345672321212,RV32_ISS,28904694,28904694,ok,0,pass
12345673131323,RV32_ISS,27921013,27921013,ok,0,pass
12345673132313,RV32_ISS,33044155,33044155,ok,0,pass
12345673231313,RV32_ISS,32111102,32111102,ok,0,pass
12345761111111,RV32_ISS,19392264,19392264,ok,0,pass
12346571111231,RV32_ISS,14333467,14333467,ok,0,pass
12346751113133,RV32_ISS,19968553,19968553,ok,0,pass
12347561112212,RV32_ISS,18273240,18273240,ok,0,pass
12347651111111,RV32_ISS,30364387,30364387,ok,0,pass
12347651122112,RV32_ISS,18763576,18763576,ok,0,pass
12347651133311,RV32_ISS,17105394,17105394,ok,0,pass
12347652111221,RV32_ISS,15409902,15409902,ok,0,pass
12347652123233,RV32_ISS,18237737,18237737,ok,0,pass
12347652123332,RV32_ISS,22474690,22474690,ok,0,pass
12347652223232,RV32_ISS,17008975,17008975,ok,0,pass
12347653111133,RV32_ISS,18166179,18166179,ok,0,pass
12347653132223,RV32_ISS,15527229,15527229,ok,0,pass
12347653132322,RV32_ISS,15172882,15172882,ok,0,pass
12347653332323,RV32_ISS,17099006,17099006,ok,0,pass
12354671111111,RV32_ISS,21410381,21410381,ok,0,pass
12354761112323,RV32_ISS,28313960,28313960,ok,0,pass
12354762121112,RV32_ISS,20155189,20155189,ok,0,pass
12354762121211,RV32_ISS,21901685,21901685,ok,0,pass
12354762311123,RV32_ISS,16454452,16454452,ok,0,pass
12354763131131,RV32_ISS,18331618,18331618,ok,0,pass
12354763133111,RV32_ISS,16657859,16657859,ok,0,pass
12354763211123,RV32_ISS,19515874,19515874,ok,0,pass
12356471113133,RV32_ISS,17621195,17621195,ok,0,pass
12356741133131,RV32_ISS,23857955,23857955,ok,0,pass
12356741313131,RV32_ISS,24848131,24848131,ok,0,pass
12356743113131,RV32_ISS,24991482,24991482,ok,0,pass
12357461111222,RV32_ISS,19323027,19323027,ok,0,pass
12357461113331,RV32_ISS,18593823,18593823,ok,0,pass
12357462211112,RV32_ISS,19157155,19157155,ok,0,pass
12357641113331,RV32_ISS,18045481,18045481,ok,0,pass
12364571112212,RV32_ISS,20118332,20118332,ok,0,pass
12364751112212,RV32_ISS,17237922,17237922,ok,0,pass
12364751113133,RV32_ISS,18127534,18127534,ok,0,pass
12364753311131,RV32_ISS,17402993,17402993,ok,0,pass
12365471111111,RV32_ISS,21398024,21398024,ok,0,pass
12365471211122,RV32_ISS,18106509,18106509,ok,0,pass
12365471313113,RV32_ISS,14986878,14986878,ok,0,pass
12365472223232,RV32_ISS,16777277,16777277,ok,0,pass
12365472321233,RV32_ISS,19379007,19379007,ok,0,pass
12365473232312,RV32_ISS,15242859,15242859,ok,0,pass
12365473332323,RV32_ISS,15301520,15301520,ok,0,pass
12365741113331,RV32_ISS,18225812,18225812,ok,0,pass
12367451123333,RV32_ISS,26844533,26844533,ok,0,pass
12367451132222,RV32_ISS,24441756,24441756,ok,0,pass
12367451213333,RV32_ISS,26024267,26024267,ok,0,pass
12367451312222,RV32_ISS,31838012,31838012,ok,0,pass
12367452113333,RV32_ISS,28783043,28783043,ok,0,pass
12367453112222,RV32_ISS,25938824,25938824,ok,0,pass
12367541112212,RV32_ISS,22543415,22543415,ok,0,pass
12367541113331,RV32_ISS,25835610,25835610,ok,0,pass
12367541331131,RV32_ISS,16543803,16543803,ok,0,pass
12374561121212,RV32_ISS,24911960,24911960,ok,0,pass
12374561211212,RV32_ISS,24511929,24511929,ok,0,pass
12374562111212,RV32_ISS,29114598,29114598,ok,0,pass
12374651111222,RV32_ISS,20191297,20191297,ok,0,pass
12375461111222,RV32_ISS,19525882,19525882,ok,0,pass
12375641113112,RV32_ISS,18438981,18438981,ok,0,pass
12376451111222,RV32_ISS,20558612,20558612,ok,0,pass
12376451113133,RV32_ISS,19631839,19631839,ok,0,pass
12376451221211,RV32_ISS,16925424,16925424,ok,0,pass
12376541112323,RV32_ISS,20475065,20475065,ok,0,pass
12376541232233,RV32_ISS,24227080,24227080,ok,0,pass
12376541322233,RV32_ISS,16789440,16789440,ok,0,pass
12376542121232,RV32_ISS,18688973,18688973,ok,0,pass
12376542123212,RV32_ISS,17237546,17237546,ok,0,pass
12376543133132,RV32_ISS,15047173,15047173,ok,0,pass
12376543133231,RV32_ISS,14963542,14963542,ok,0,pass
12456731132321,RV32_ISS,27301169,27301169,ok,0,pass
12456731233223,RV32_ISS,16204921,16204921,ok,0,pass
12456733223321,RV32_ISS,16313526,16313526,ok,0,pass
12463751231231,RV32_ISS,17212301,17212301,ok,0,pass
12467351131121,RV32_ISS,17252714,17252714,ok,0,pass
12467351231321,RV32_ISS,14944867,14944867,ok,0,pass
12473561132123,RV32_ISS,16424764,16424764,ok,0,pass
12536741112323,RV32_ISS,17712795,17712795,ok,0,pass
12537461332112,RV32_ISS,16454759,16454759,ok,0,pass
12543671111111,RV32_ISS,22010288,22010288,ok,0,pass
12543671211212,RV32_ISS,17121578,17121578,ok,0,pass
12543671331113,RV32_ISS,15710482,15710482,ok,0,pass
12543672121121,RV32_ISS,16038578,16038578,ok,0,pass
12543672321332,RV32_ISS,16574481,16574481,ok,0,pass
12543672322232,RV32_ISS,16067128,16067128,ok,0,pass
12543672331232,RV32_ISS,15232022,15232022,ok,0,pass
12543673111331,RV32_ISS,15653411,15653411,ok,0,pass
12543673221323,RV32_ISS,16401665,16401665,ok,0,pass
12543673231223,RV32_ISS,15703562,15703562,ok,0,pass
12543673233323,RV32_ISS,19945938,19945938,ok,0,pass
12546371221331,RV32_ISS,16339954,16339954,ok,0,pass
12563472131213,RV32_ISS,20341068,20341068,ok,0,pass
12563473131212,RV32_ISS,19064659,19064659,ok,0,pass
12564733323122,RV32_ISS,15637272,15637272,ok,0,pass
12567433232333,RV32_ISS,16271188,16271188,ok,0,pass
12576343212221,RV32_ISS,20032506,20032506,ok,0,pass
12637451132111,RV32_ISS,19241921,19241921,ok,0,pass
12637451332112,RV32_ISS,14436820,14436820,ok,0,pass
12643571321321,RV32_ISS,15867255,15867255,ok,0,pass
12645371131121,RV32_ISS,17824386,17824386,ok,0,pass
12673542331133,RV32_ISS,21995871,21995871,ok,0,pass
12734561112323,RV32_ISS,17611815,17611815,ok,0,pass
12734561322233,RV32_ISS,15512463,15512463,ok,0,pass
12734562313223,RV32_ISS,14870084,14870084,ok,0,pass
12745631111111,RV32_ISS,52048197,52048197,ok,0,pass
12745632111122,RV32_ISS,17114236,17114236,ok,0,pass
12745632212213,RV32_ISS,20188455,20188455,ok,0,pass
12745632222221,RV32_ISS,16404669,16404669,ok,0,pass
12745632232211,RV32_ISS,19510344,19510344,ok,0,pass
12745633131131,RV32_ISS,18278931,18278931,ok,0,pass
12745633313312,RV32_ISS,15997901,15997901,ok,0,pass
12745633313333,RV32_ISS,17065696,17065696,ok,0,pass
12745633323311,RV32_ISS,16204455,16204455,ok,0,pass
12753462231323,RV32_ISS,18266710,18266710,ok,0,pass
12763452322232,RV32_ISS,16501878,16501878,ok,0,pass
12765432121313,RV32_ISS,18544047,18544047,ok,0,pass
12765432222212,RV32_ISS,28055438,28055438,ok,0,pass
12765433121213,RV32_ISS,21035348,21035348,ok,0,pass
12765433331333,RV32_ISS,19224016,19224016,ok,0,pass
13245671321111,RV32_ISS,18586121,18586121,ok,0,pass
13246571111111,RV32_ISS,23544313,23544313,ok,0,pass
13246571112233,RV32_ISS,15819219,15819219,ok,0,pass
13246571113232,RV32_ISS,24531464,24531464,ok,0,pass
13246572321332,RV32_ISS,18578914,18578914,ok,0,pass
13246572331232,RV32_ISS,16789558,16789558,ok,0,pass
13246573221233,RV32_ISS,17350338,17350338,ok,0,pass
13246573321223,RV32_ISS,17687207,17687207,ok,0,pass
13246752133211,RV32_ISS,21558498,21558498,ok,0,pass
13247563212131,RV32_ISS,19217890,19217890,ok,0,pass
13254761322233,RV32_ISS,18295982,18295982,ok,0,pass
13254761323322,RV32_ISS,15712038,15712038,ok,0,pass
13254762321233,RV32_ISS,21742318,21742318,ok,0,pass
13254763323122,RV32_ISS,18591228,18591228,ok,0,pass
13257641112233,RV32_ISS,15974601,15974601,ok,0,pass
13265741112323,RV32_ISS,26426684,26426684,ok,0,pass
13265742131312,RV32_ISS,22562499,22562499,ok,0,pass
13267451122211,RV32_ISS,19625758,19625758,ok,0,pass
13267451311133,RV32_ISS,16459989,16459989,ok,0,pass
13267541111132,RV32_ISS,20929020,20929020,ok,0,pass
13267541232212,RV32_ISS,19087620,19087620,ok,0,pass
13274651112323,RV32_ISS,23335672,23335672,ok,0,pass
13275461112233,RV32_ISS,17586948,17586948,ok,0,pass
13275463213211,RV32_ISS,17388834,17388834,ok,0,pass
13275641112233,RV32_ISS,21229178,21229178,ok,0,pass
13275641112323,RV32_ISS,26436485,26436485,ok,0,pass
13275642131333,RV32_ISS,20024372,20024372,ok,0,pass
13275643212221,RV32_ISS,21438964,21438964,ok,0,pass
13276451113211,RV32_ISS,23061087,23061087,ok,0,pass
13276451233133,RV32_ISS,22943199,22943199,ok,0,pass
13276541133122,RV32_ISS,17047522,17047522,ok,0,pass
13276541213312,RV32_ISS,22902198,22902198,ok,0,pass
13276541321123,RV32_ISS,17094622,17094622,ok,0,pass
13276541322311,RV32_ISS,22009992,22009992,ok,0,pass
13276541323112,RV32_ISS,14380240,14380240,ok,0,pass
13276541323322,RV32_ISS,15004272,15004272,ok,0,pass
13276542323312,RV32_ISS,17128942,17128942,ok,0,pass
13276543323122,RV32_ISS,16555777,16555777,ok,0,pass
13462571111111,RV32_ISS,18507685,18507685,ok,0,pass
13462572213311,RV32_ISS,15381881,15381881,ok,0,pass
13527461211113,RV32_ISS,18346865,18346865,ok,0,pass
13542671231231,RV32_ISS,14653965,14653965,ok,0,pass
13546271213213,RV32_ISS,16400199,16400199,ok,0,pass
13546271231231,RV32_ISS,21123003,21123003,ok,0,pass
13546271321321,RV32_ISS,18152780,18152780,ok,0,pass
13572641122133,RV32_ISS,23340823,23340823,ok,0,pass
13576241312213,RV32_ISS,22752001,22752001,ok,0,pass
13576241321321,RV32_ISS,18234347,18234347,ok,0,pass
13627451332112,RV32_ISS,16266002,16266002,ok,0,pass
13642571221223,RV32_ISS,21591451,21591451,ok,0,pass
13642571223221,RV32_ISS,21552225,21552225,ok,0,pass
13642573221221,RV32_ISS,24429214,24429214,ok,0,pass
13645271221331,RV32_ISS,15193447,15193447,ok,0,pass
13647521111111,RV32_ISS,17848208,17848208,ok,0,pass
13675241112323,RV32_ISS,19515879,19515879,ok,0,pass
13675242331313,RV32_ISS,17545666,17545666,ok,0,pass
13725642332132,RV32_ISS,18044480,18044480,ok,0,pass
13754262123323,RV32_ISS,34753191,34753191,ok,0,pass
13762451321321,RV32_ISS,15205566,15205566,ok,0,pass
13764251211311,RV32_ISS,13995501,13995501,ok,0,pass
13764252323231,RV32_ISS,16195859,16195859,ok,0,pass
13765422121211,RV32_ISS,21675643,21675643,ok,0,pass
14263751131121,RV32_ISS,16340860,16340860,ok,0,pass
14267351321321,RV32_ISS,16508131,16508131,ok,0,pass
14275633323122,RV32_ISS,17614249,17614249,ok,0,pass
14325671111111,RV32_ISS,60433355,60433355,ok,0,pass
14325672112121,RV32_ISS,16016464,16016464,ok,0,pass
14325672231323,RV32_ISS,16583445,16583445,ok,0,pass
14325672323222,RV32_ISS,16175702,16175702,ok,0,pass
14325673123232,RV32_ISS,16534622,16534622,ok,0,pass
14325673232333,RV32_ISS,15537033,15537033,ok,0,pass
14325673311131,RV32_ISS,18826275,18826275,ok,0,pass
14327652131213,RV32_ISS,18016921,18016921,ok,0,pass
14327653121213,RV32_ISS,19158946,19158946,ok,0,pass
14352672212111,RV32_ISS,17255455,17255455,ok,0,pass
14356721112323,RV32_ISS,17960717,17960717,ok,0,pass
14356721322233,RV32_ISS,20978358,20978358,ok,0,pass
14367252322232,RV32_ISS,16610331,16610331,ok,0,pass
14367523311113,RV32_ISS,29170177,29170177,ok,0,pass
14523672121313,RV32_ISS,18515866,18515866,ok,0,pass
14523673121312,RV32_ISS,22340397,22340397,ok,0,pass
14527631121311,RV32_ISS,17194743,17194743,ok,0,pass
14527631131211,RV32_ISS,16565710,16565710,ok,0,pass
14527631133311,RV32_ISS,16003261,16003261,ok,0,pass
14527631211131,RV32_ISS,18098116,18098116,ok,0,pass
14527631311121,RV32_ISS,17849533,17849533,ok,0,pass
14527632122213,RV32_ISS,18026923,18026923,ok,0,pass
14527632212111,RV32_ISS,18312755,18312755,ok,0,pass
14527632333332,RV32_ISS,21543951,21543951,ok,0,pass
14527633132322,RV32_ISS,16716389,16716389,ok,0,pass
14527633312133,RV32_ISS,17230903,17230903,ok,0,pass
14536273311311,RV32_ISS,19256358,19256358,ok,0,pass
14537622231323,RV32_ISS,16989762,16989762,ok,0,pass
14563272323222,RV32_ISS,15686836,15686836,ok,0,pass
14567231312213,RV32_ISS,22779715,22779715,ok,0,pass
14567231321123,RV32_ISS,19441812,19441812,ok,0,pass
14573261333111,RV32_ISS,18562801,18562801,ok,0,pass
14625731111111,RV32_ISS,23237420,23237420,ok,0,pass
14625731131121,RV32_ISS,18425231,18425231,ok,0,pass
14625731322233,RV32_ISS,16610233,16610233,ok,0,pass
14625732112121,RV32_ISS,17453708,17453708,ok,0,pass
14625732113321,RV32_ISS,19470409,19470409,ok,0,pass
14625732213323,RV32_ISS,16433801,16433801,ok,0,pass
14625732233111,RV32_ISS,18078185,18078185,ok,0,pass
14625733133111,RV32_ISS,16273286,16273286,ok,0,pass
14632571111111,RV32_ISS,28436804,28436804,ok,0,pass
14632571321132,RV32_ISS,16764415,16764415,ok,0,pass
14652733321331,RV32_ISS,18093449,18093449,ok,0,pass
14673251111111,RV32_ISS,22673891,22673891,ok,0,pass
14723651111213,RV32_ISS,16416363,16416363,ok,0,pass
14723651111312,RV32_ISS,20874426,20874426,ok,0,pass
14723651112131,RV32_ISS,16545001,16545001,ok,0,pass
14723651113121,RV32_ISS,15860079,15860079,ok,0,pass
14723651211212,RV32_ISS,15095988,15095988,ok,0,pass
14723652322121,RV32_ISS,14067823,14067823,ok,0,pass
14723652331232,RV32_ISS,17359778,17359778,ok,0,pass
14723653232222,RV32_ISS,15768461,15768461,ok,0,pass
14723653313111,RV32_ISS,16362408,16362408,ok,0,pass
14723653321313,RV32_ISS,20016585,20016585,ok,0,pass
14725361111111,RV32_ISS,18797788,18797788,ok,0,pass
14725361111123,RV32_ISS,16350604,16350604,ok,0,pass
14725361322332,RV32_ISS,17550199,17550199,ok,0,pass
14725362211121,RV32_ISS,20326698,20326698,ok,0,pass
14725363211213,RV32_ISS,15874334,15874334,ok,0,pass
14725363213121,RV32_ISS,15388295,15388295,ok,0,pass
14725363223213,RV32_ISS,16176687,16176687,ok,0,pass
14725363311113,RV32_ISS,20708777,20708777,ok,0,pass
14726531223122,RV32_ISS,18023731,18023731,ok,0,pass
14726531232122,RV32_ISS,18061805,18061805,ok,0,pass
14726531233313,RV32_ISS,16085047,16085047,ok,0,pass
14726531333312,RV32_ISS,14961423,14961423,ok,0,pass
14726532232313,RV32_ISS,18599656,18599656,ok,0,pass
14726533323122,RV32_ISS,15722383,15722383,ok,0,pass
14735621221112,RV32_ISS,16235385,16235385,ok,0,pass
14735621223113,RV32_ISS,14978316,14978316,ok,0,pass
14735621223332,RV32_ISS,23716508,23716508,ok,0,pass
14735621233112,RV32_ISS,19955733,19955733,ok,0,pass
14735621323112,RV32_ISS,18997080,18997080,ok,0,pass
14735621332112,RV32_ISS,14708771,14708771,ok,0,pass
14735621333111,RV32_ISS,15705961,15705961,ok,0,pass
14735621333222,RV32_ISS,14711174,14711174,ok,0,pass
14736251111132,RV32_ISS,17577654,17577654,ok,0,pass
14736251112332,RV32_ISS,16180275,16180275,ok,0,pass
14736253222223,RV32_ISS,16394026,16394026,ok,0,pass
14736521132222,RV32_ISS,17758558,17758558,ok,0,pass
14736521133131,RV32_ISS,17519123,17519123,ok,0,pass
14736521211212,RV32_ISS,16796884,16796884,ok,0,pass
14736521213333,RV32_ISS,17188857,17188857,ok,0,pass
14736521221313,RV32_ISS,17772104,17772104,ok,0,pass
14736521321231,RV32_ISS,24069964,24069964,ok,0,pass
14736521322233,RV32_ISS,16048578,16048578,ok,0,pass
14736521332121,RV32_ISS,20209372,20209372,ok,0,pass
14736523112222,RV32_ISS,17857043,17857043,ok,0,pass
14736523113131,RV32_ISS,16839734,16839734,ok,0,pass
14752363222121,RV32_ISS,15467753,15467753,ok,0,pass
14752363232222,RV32_ISS,19914923,19914923,ok,0,pass
14752363233131,RV32_ISS,17719849,17719849,ok,0,pass
14752631111111,RV32_ISS,22022714,22022714,ok,0,pass
14752631112311,RV32_ISS,18248184,18248184,ok,0,pass
14752631323223,RV32_ISS,16174403,16174403,ok,0,pass
14752632332132,RV32_ISS,15627812,15627812,ok,0,pass
14752633213223,RV32_ISS,15919451,15919451,ok,0,pass
14752633222223,RV32_ISS,16985385,16985385,ok,0,pass
14752633223123,RV32_ISS,16433360,16433360,ok,0,pass
14752633223231,RV32_ISS,17830959,17830959,ok,0,pass
14753261221112,RV32_ISS,16091714,16091714,ok,0,pass
14753261323112,RV32_ISS,19966048,19966048,ok,0,pass
14753261333111,RV32_ISS,16126625,16126625,ok,0,pass
14762351221331,RV32_ISS,18486158,18486158,ok,0,pass
14762351321231,RV32_ISS,19848176,19848176,ok,0,pass
14762351331221,RV32_ISS,15153547,15153547,ok,0,pass
14763251221223,RV32_ISS,28355566,28355566,ok,0,pass
14763251222312,RV32_ISS,26340956,26340956,ok,0,pass
14763251332331,RV32_ISS,24866913,24866913,ok,0,pass
14763251333123,RV32_ISS,23496249,23496249,ok,0,pass
14763252322121,RV32_ISS,22778379,22778379,ok,0,pass
14763253132232,RV32_ISS,22378007,22378007,ok,0,pass
14763253133132,RV32_ISS,22358822,22358822,ok,0,pass
14763253133222,RV32_ISS,24235166,24235166,ok,0,pass
14763253133231,RV32_ISS,23448594,23448594,ok,0,pass
14763253221221,RV32_ISS,22549727,22549727,ok,0,pass
14763253222112,RV32_ISS,25862607,25862607,ok,0,pass
14763521113211,RV32_ISS,17862250,17862250,ok,0,pass
14763521113223,RV32_ISS,16329509,16329509,ok,0,pass
14763523222331,RV32_ISS,13769406,13769406,ok,0,pass
14765231111213,RV32_ISS,17688171,17688171,ok,0,pass
14765231111312,RV32_ISS,18447016,18447016,ok,0,pass
14765231112131,RV32_ISS,17236411,17236411,ok,0,pass
14765231113121,RV32_ISS,15766084,15766084,ok,0,pass
14765231133131,RV32_ISS,15923801,15923801,ok,0,pass
14765232211211,RV32_ISS,16253855,16253855,ok,0,pass
14765232232322,RV32_ISS,16121503,16121503,ok,0,pass
14765232331313,RV32_ISS,16147107,16147107,ok,0,pass
14765233113131,RV32_ISS,15226978,15226978,ok,0,pass
14765233323332,RV32_ISS,16254659,16254659,ok,0,pass
15236471111111,RV32_ISS,20898087,20898087,ok,0,pass
15236473231121,RV32_ISS,14545617,14545617,ok,0,pass
15243671331221,RV32_ISS,16324081,16324081,ok,0,pass
15246371331332,RV32_ISS,22447923,22447923,ok,0,pass
15246371332331,RV32_ISS,21728467,21728467,ok,0,pass
15246372331331,RV32_ISS,21458536,21458536,ok,0,pass
15267431223113,RV32_ISS,16383107,16383107,ok,0,pass
15273641112323,RV32_ISS,20386084,20386084,ok,0,pass
15324673113311,RV32_ISS,28024781,28024781,ok,0,pass
15342671211311,RV32_ISS,13991703,13991703,ok,0,pass
15346271321321,RV32_ISS,14979505,14979505,ok,0,pass
15367421211113,RV32_ISS,19892284,19892284,ok,0,pass
15367421223113,RV32_ISS,14826405,14826405,ok,0,pass
15367423211123,RV32_ISS,17214818,17214818,ok,0,pass
15426371111111,RV32_ISS,18512963,18512963,ok,0,pass
15426371112233,RV32_ISS,16302740,16302740,ok,0,pass
15463271313113,RV32_ISS,18128534,18128534,ok,0,pass
15624732123212,RV32_ISS,22138668,22138668,ok,0,pass
15624732133313,RV32_ISS,18446078,18446078,ok,0,pass
15624732333332,RV32_ISS,17317295,17317295,ok,0,pass
15627431223113,RV32_ISS,14822333,14822333,ok,0,pass
15627431322113,RV32_ISS,20331553,20331553,ok,0,pass
15627431332112,RV32_ISS,15106853,15106853,ok,0,pass
15634722123332,RV32_ISS,23523636,23523636,ok,0,pass
15634722321233,RV32_ISS,17066542,17066542,ok,0,pass
15637423211123,RV32_ISS,19193490,19193490,ok,0,pass
15642371111111,RV32_ISS,39241394,39241394,ok,0,pass
15642372213311,RV32_ISS,16799375,16799375,ok,0,pass
15642372231332,RV32_ISS,17307592,17307592,ok,0,pass
15642372331322,RV32_ISS,16115625,16115625,ok,0,pass
15642373212311,RV32_ISS,16470839,16470839,ok,0,pass
15642373221323,RV32_ISS,17464143,17464143,ok,0,pass
15642373231223,RV32_ISS,19760091,19760091,ok,0,pass
15643271221331,RV32_ISS,15892576,15892576,ok,0,pass
15643271331221,RV32_ISS,16867495,16867495,ok,0,pass
15643273223111,RV32_ISS,14954226,14954226,ok,0,pass
15647233213232,RV32_ISS,14913690,14913690,ok,0,pass
15672341113232,RV32_ISS,19291616,19291616,ok,0,pass
15672341323112,RV32_ISS,15290061,15290061,ok,0,pass
15672342323312,RV32_ISS,17595136,17595136,ok,0,pass
15672343213232,RV32_ISS,14930840,14930840,ok,0,pass
15672433312133,RV32_ISS,21083361,21083361,ok,0,pass
15724362212132,RV32_ISS,20357071,20357071,ok,0,pass
15724631111111,RV32_ISS,19157932,19157932,ok,0,pass
15724631211311,RV32_ISS,15573015,15573015,ok,0,pass
15724631322233,RV32_ISS,17591755,17591755,ok,0,pass
15724632123233,RV32_ISS,22015952,22015952,ok,0,pass
15724632313223,RV32_ISS,16274704,16274704,ok,0,pass
15724632323231,RV32_ISS,18060158,18060158,ok,0,pass
15724632323333,RV32_ISS,17944225,17944225,ok,0,pass
15724633132322,RV32_ISS,15088170,15088170,ok,0,pass
15734622331223,RV32_ISS,18013650,18013650,ok,0,pass
15746321111111,RV32_ISS,24130143,24130143,ok,0,pass
15746321323211,RV32_ISS,14409063,14409063,ok,0,pass
15746322313112,RV32_ISS,13530796,13530796,ok,0,pass
15762342122213,RV32_ISS,25067386,25067386,ok,0,pass
15763241111111,RV32_ISS,21433041,21433041,ok,0,pass
15763242323132,RV32_ISS,15323385,15323385,ok,0,pass
16243571132132,RV32_ISS,15259835,15259835,ok,0,pass
16243571231231,RV32_ISS,16460074,16460074,ok,0,pass
16243571321321,RV32_ISS,15776884,15776884,ok,0,pass
16245371231231,RV32_ISS,17054566,17054566,ok,0,pass
16254733312223,RV32_ISS,29519645,29519645,ok,0,pass
16257431132111,RV32_ISS,17382544,17382544,ok,0,pass
16257433223123,RV32_ISS,14727483,14727483,ok,0,pass
16273541122133,RV32_ISS,24943339,24943339,ok,0,pass
16273541321321,RV32_ISS,22021664,22021664,ok,0,pass
16275341312213,RV32_ISS,20794748,20794748,ok,0,pass
16275343122221,RV32_ISS,17019968,17019968,ok,0,pass
16327453232333,RV32_ISS,15988650,15988650,ok,0,pass
16342571331221,RV32_ISS,16872777,16872777,ok,0,pass
16345271111111,RV32_ISS,36608210,36608210,ok,0,pass
16345271133131,RV32_ISS,16469071,16469071,ok,0,pass
16345271222111,RV32_ISS,17974843,17974843,ok,0,pass
16345272322232,RV32_ISS,17366850,17366850,ok,0,pass
16345272333212,RV32_ISS,15813829,15813829,ok,0,pass
16345273122323,RV32_ISS,19281442,19281442,ok,0,pass
16345273233323,RV32_ISS,20681420,20681420,ok,0,pass
16347252131312,RV32_ISS,23306896,23306896,ok,0,pass
16347253121312,RV32_ISS,22058655,22058655,ok,0,pass
16357421223113,RV32_ISS,17019706,17019706,ok,0,pass
16374521112323,RV32_ISS,18057109,18057109,ok,0,pass
16374523211123,RV32_ISS,16061335,16061335,ok,0,pass
16423572112121,RV32_ISS,19116552,19116552,ok,0,pass
16427531211311,RV32_ISS,15345341,15345341,ok,0,pass
16427531231321,RV32_ISS,16935642,16935642,ok,0,pass
16427532333233,RV32_ISS,27909421,27909421,ok,0,pass
16453271111111,RV32_ISS,23192253,23192253,ok,0,pass
16453271211113,RV32_ISS,15476394,15476394,ok,0,pass
16453272111131,RV32_ISS,15646218,15646218,ok,0,pass
16475233132313,RV32_ISS,23054676,23054676,ok,0,pass
16523473332323,RV32_ISS,15879143,15879143,ok,0,pass
16523741112212,RV32_ISS,18586472,18586472,ok,0,pass
16524731112212,RV32_ISS,21481798,21481798,ok,0,pass
16524731112233,RV32_ISS,18452153,18452153,ok,0,pass
16524731113133,RV32_ISS,18267680,18267680,ok,0,pass
16527341111111,RV32_ISS,18161069,18161069,ok,0,pass
16527431123333,RV32_ISS,26864621,26864621,ok,0,pass
16527431222132,RV32_ISS,27917119,27917119,ok,0,pass
16527431312222,RV32_ISS,30299110,30299110,ok,0,pass
16527431333213,RV32_ISS,23970458,23970458,ok,0,pass
16527432113333,RV32_ISS,24336868,24336868,ok,0,pass
16527432211322,RV32_ISS,28081338,28081338,ok,0,pass
16527432231122,RV32_ISS,25243738,25243738,ok,0,pass
16527432231332,RV32_ISS,24083490,24083490,ok,0,pass
16527432331322,RV32_ISS,25739446,25739446,ok,0,pass
16527432333113,RV32_ISS,25056214,25056214,ok,0,pass
16527433312133,RV32_ISS,24598325,24598325,ok,0,pass
16532471111222,RV32_ISS,20595976,20595976,ok,0,pass
16534271111111,RV32_ISS,20384475,20384475,ok,0,pass
16534271111132,RV32_ISS,15195692,15195692,ok,0,pass
16534273211111,RV32_ISS,19095135,19095135,ok,0,pass
16534723211123,RV32_ISS,24957119,24957119,ok,0,pass
16537421111222,RV32_ISS,16836844,16836844,ok,0,pass
16537421113322,RV32_ISS,16986711,16986711,ok,0,pass
16537421113331,RV32_ISS,17884291,17884291,ok,0,pass
16537421223113,RV32_ISS,14823099,14823099,ok,0,pass
16537421233112,RV32_ISS,20854182,20854182,ok,0,pass
16537421332112,RV32_ISS,15017704,15017704,ok,0,pass
16542371221331,RV32_ISS,14126401,14126401,ok,0,pass
16542371331221,RV32_ISS,15654269,15654269,ok,0,pass
16542372112331,RV32_ISS,21805160,21805160,ok,0,pass
16543271221223,RV32_ISS,29767174,29767174,ok,0,pass
16543271223221,RV32_ISS,22167487,22167487,ok,0,pass
16543271331332,RV32_ISS,24024154,24024154,ok,0,pass
16543271332331,RV32_ISS,24267424,24267424,ok,0,pass
16543272331331,RV32_ISS,22460122,22460122,ok,0,pass
16543273221221,RV32_ISS,23954065,23954065,ok,0,pass
16543721111111,RV32_ISS,18611116,18611116,ok,0,pass
16543721113211,RV32_ISS,15237566,15237566,ok,0,pass
16547233332323,RV32_ISS,17535479,17535479,ok,0,pass
16547321113331,RV32_ISS,21938837,21938837,ok,0,pass
16572431111111,RV32_ISS,21059004,21059004,ok,0,pass
16572433213223,RV32_ISS,15127905,15127905,ok,0,pass
16573241123123,RV32_ISS,17684188,17684188,ok,0,pass
16573241312312,RV32_ISS,15914371,15914371,ok,0,pass
16574231113133,RV32_ISS,18678818,18678818,ok,0,pass
16723451122133,RV32_ISS,18728965,18728965,ok,0,pass
16723451322311,RV32_ISS,16581798,16581798,ok,0,pass
16725431121311,RV32_ISS,15881445,15881445,ok,0,pass
16725431131211,RV32_ISS,16387745,16387745,ok,0,pass
16725431211122,RV32_ISS,16535406,16535406,ok,0,pass
16725431211131,RV32_ISS,20327186,20327186,ok,0,pass
16725431311121,RV32_ISS,15367271,15367271,ok,0,pass
16725432211121,RV32_ISS,18195596,18195596,ok,0,pass
16725432232223,RV32_ISS,15975071,15975071,ok,0,pass
16725433113311,RV32_ISS,16373066,16373066,ok,0,pass
16725433122212,RV32_ISS,15457757,15457757,ok,0,pass
16725433333232,RV32_ISS,14705905,14705905,ok,0,pass
16735242122213,RV32_ISS,22090759,22090759,ok,0,pass
16742352232313,RV32_ISS,19691186,19691186,ok,0,pass
16743252323222,RV32_ISS,16121340,16121340,ok,0,pass
16745232121313,RV32_ISS,18865850,18865850,ok,0,pass
16745232122222,RV32_ISS,17541140,17541140,ok,0,pass
16745233121213,RV32_ISS,17323583,17323583,ok,0,pass
16745233333313,RV32_ISS,25111421,25111421,ok,0,pass
16753241221112,RV32_ISS,19123086,19123086,ok,0,pass
17246351111111,RV32_ISS,18098583,18098583,ok,0,pass
17265433111313,RV32_ISS,27476464,27476464,ok,0,pass
17324561211323,RV32_ISS,18998032,18998032,ok,0,pass
17324561232332,RV32_ISS,13840053,13840053,ok,0,pass
17326452212111,RV32_ISS,29215014,29215014,ok,0,pass
17356241212313,RV32_ISS,14079272,14079272,ok,0,pass
17356242211331,RV32_ISS,22315640,22315640,ok,0,pass
17362451211311,RV32_ISS,13824879,13824879,ok,0,pass
17362451231321,RV32_ISS,15540461,15540461,ok,0,pass
17362452213311,RV32_ISS,23897435,23897435,ok,0,pass
17364251231231,RV32_ISS,18519697,18519697,ok,0,pass
17423653213232,RV32_ISS,15713513,15713513,ok,0,pass
17425631122112,RV32_ISS,16895723,16895723,ok,0,pass
17425631223113,RV32_ISS,15144833,15144833,ok,0,pass
17425631313113,RV32_ISS,16439340,16439340,ok,0,pass
17425631322113,RV32_ISS,19335982,19335982,ok,0,pass
17425631322332,RV32_ISS,22723997,22723997,ok,0,pass
17425631323112,RV32_ISS,19557170,19557170,ok,0,pass
17425631323223,RV32_ISS,15914423,15914423,ok,0,pass
17425631332112,RV32_ISS,15524287,15524287,ok,0,pass
17426531112233,RV32_ISS,16875332,16875332,ok,0,pass
17426531121212,RV32_ISS,19021011,19021011,ok,0,pass
17426531132312,RV32_ISS,18611028,18611028,ok,0,pass
17426531213123,RV32_ISS,20281095,20281095,ok,0,pass
17426531223221,RV32_ISS,14923399,14923399,ok,0,pass
17426531232233,RV32_ISS,23723316,23723316,ok,0,pass
17426531313131,RV32_ISS,19087238,19087238,ok,0,pass
17426531331332,RV32_ISS,15655401,15655401,ok,0,pass
17426532121211,RV32_ISS,17361333,17361333,ok,0,pass
17426532331331,RV32_ISS,17179716,17179716,ok,0,pass
17435622211133,RV32_ISS,22759116,22759116,ok,0,pass
17435623211123,RV32_ISS,24526983,24526983,ok,0,pass
17436521323232,RV32_ISS,14966343,14966343,ok,0,pass
17452363213232,RV32_ISS,15088299,15088299,ok,0,pass
17452363322132,RV32_ISS,15200577,15200577,ok,0,pass
17452633213232,RV32_ISS,19476499,19476499,ok,0,pass
17453262211133,RV32_ISS,17314932,17314932,ok,0,pass
17462352213311,RV32_ISS,18002104,18002104,ok,0,pass
17463251122112,RV32_ISS,16682828,16682828,ok,0,pass
17463251221331,RV32_ISS,14057047,14057047,ok,0,pass
17463251313113,RV32_ISS,16196339,16196339,ok,0,pass
17463251321231,RV32_ISS,17490688,17490688,ok,0,pass
17463251323112,RV32_ISS,19954361,19954361,ok,0,pass
17463251331221,RV32_ISS,14929604,14929604,ok,0,pass
17526431131121,RV32_ISS,16772667,16772667,ok,0,pass
17526431231321,RV32_ISS,17672906,17672906,ok,0,pass
17526432123233,RV32_ISS,23393125,23393125,ok,0,pass
17543261111111,RV32_ISS,23895161,23895161,ok,0,pass
17543261132111,RV32_ISS,15198160,15198160,ok,0,pass
17642531111111,RV32_ISS,18042475,18042475,ok,0,pass
17642531112233,RV32_ISS,21632031,21632031,ok,0,pass
17642533312211,RV32_ISS,15394538,15394538,ok,0,pass
17643251122112,RV32_ISS,18228419,18228419,ok,0,pass
21345671111111,RV32_ISS,22487191,22487191,ok,0,pass
21345762223322,RV32_ISS,26833128,26833128,ok,0,pass
21345762312323,RV32_ISS,21198526,21198526,ok,0,pass
21345762313223,RV32_ISS,19063862,19063862,ok,0,pass
21345763332233,RV32_ISS,20450631,20450631,ok,0,pass
21346752313322,RV32_ISS,22825885,22825885,ok,0,pass
21347562312323,RV32_ISS,28552261,28552261,ok,0,pass
21354671122112,RV32_ISS,16670356,16670356,ok,0,pass
21354671131313,RV32_ISS,20542937,20542937,ok,0,pass
21354671221112,RV32_ISS,16951407,16951407,ok,0,pass
21354672311123,RV32_ISS,18782048,18782048,ok,0,pass
21354672311132,RV32_ISS,20601061,20601061,ok,0,pass
21354672313211,RV32_ISS,58327308,58327308,ok,0,pass
21354673131113,RV32_ISS,20436416,20436416,ok,0,pass
21354761112233,RV32_ISS,17426860,17426860,ok,0,pass
21354761112311,RV32_ISS,16266261,16266261,ok,0,pass
21354761113211,RV32_ISS,18042773,18042773,ok,0,pass
21354761113322,RV32_ISS,16514989,16514989,ok,0,pass
21354761122211,RV32_ISS,21671752,21671752,ok,0,pass
21354761133311,RV32_ISS,18180512,18180512,ok,0,pass
21354762213311,RV32_ISS,15213028,15213028,ok,0,pass
21354763312211,RV32_ISS,16251001,16251001,ok,0,pass
21357462311111,RV32_ISS,22489973,22489973,ok,0,pass
21357463213331,RV32_ISS,20802519,20802519,ok,0,pass
21357642221132,RV32_ISS,21702396,21702396,ok,0,pass
21364752311111,RV32_ISS,19465656,19465656,ok,0,pass
21364753212212,RV32_ISS,18323696,18323696,ok,0,pass
21365742221312,RV32_ISS,15903305,15903305,ok,0,pass
21365742312323,RV32_ISS,19246319,19246319,ok,0,pass
21367451311331,RV32_ISS,16504034,16504034,ok,0,pass
21367452112112,RV32_ISS,16210982,16210982,ok,0,pass
21374653333121,RV32_ISS,18032503,18032503,ok,0,pass
21375462312233,RV32_ISS,17697728,17697728,ok,0,pass
21375463333211,RV32_ISS,19182973,19182973,ok,0,pass
21376541111123,RV32_ISS,17312525,17312525,ok,0,pass
21376541112311,RV32_ISS,16717744,16717744,ok,0,pass
21376541122211,RV32_ISS,22740729,22740729,ok,0,pass
21376541131133,RV32_ISS,17707378,17707378,ok,0,pass
21457631321123,RV32_ISS,23597872,23597872,ok,0,pass
21473563331312,RV32_ISS,21077992,21077992,ok,0,pass
21536742222131,RV32_ISS,20770115,20770115,ok,0,pass
21654372231323,RV32_ISS,18296551,18296551,ok,0,pass
21654372233321,RV32_ISS,16700012,16700012,ok,0,pass
21654373332122,RV32_ISS,16428221,16428221,ok,0,pass
21654373332221,RV32_ISS,16314607,16314607,ok,0,pass
21734652123131,RV32_ISS,16047656,16047656,ok,0,pass
23147562123131,RV32_ISS,23217138,23217138,ok,0,pass
23147651112323,RV32_ISS,19161146,19161146,ok,0,pass
23147652312323,RV32_ISS,16689337,16689337,ok,0,pass
23156471222132,RV32_ISS,17944681,17944681,ok,0,pass
23156471333132,RV32_ISS,15201727,15201727,ok,0,pass
23156473323332,RV32_ISS,16878671,16878671,ok,0,pass
23157461231333,RV32_ISS,19024676,19024676,ok,0,pass
23157462131123,RV32_ISS,23734002,23734002,ok,0,pass
23164573213133,RV32_ISS,19014084,19014084,ok,0,pass
23164752131312,RV32_ISS,18167347,18167347,ok,0,pass
23164753333313,RV32_ISS,17681311,17681311,ok,0,pass
23165471111111,RV32_ISS,19234153,19234153,ok,0,pass
23165471311133,RV32_ISS,17368226,17368226,ok,0,pass
23165471312132,RV32_ISS,16151227,16151227,ok,0,pass
23165472111122,RV32_ISS,18129806,18129806,ok,0,pass
23165472111332,RV32_ISS,15502225,15502225,ok,0,pass
23165472132332,RV32_ISS,17829966,17829966,ok,0,pass
23165472311111,RV32_ISS,16603628,16603628,ok,0,pass
23165473233221,RV32_ISS,19645195,19645195,ok,0,pass
23165741112323,RV32_ISS,24094920,24094920,ok,0,pass
23165741231312,RV32_ISS,21897972,21897972,ok,0,pass
23165742123131,RV32_ISS,21740862,21740862,ok,0,pass
23165742131321,RV32_ISS,26770019,26770019,ok,0,pass
23165742131333,RV32_ISS,31315295,31315295,ok,0,pass
23165742312323,RV32_ISS,21667752,21667752,ok,0,pass
23165743331312,RV32_ISS,31398785,31398785,ok,0,pass
23167541233322,RV32_ISS,18219773,18219773,ok,0,pass
23167542131222,RV32_ISS,18026817,18026817,ok,0,pass
23174652123131,RV32_ISS,18874586,18874586,ok,0,pass
23175463211222,RV32_ISS,19681533,19681533,ok,0,pass
23176452132221,RV32_ISS,18126676,18126676,ok,0,pass
23176453332233,RV32_ISS,19301100,19301100,ok,0,pass
23416752121211,RV32_ISS,24389867,24389867,ok,0,pass
23417563232123,RV32_ISS,16122065,16122065,ok,0,pass
23456173212332,RV32_ISS,14019627,14019627,ok,0,pass
23456173233122,RV32_ISS,17910717,17910717,ok,0,pass
23456713212332,RV32_ISS,14579582,14579582,ok,0,pass
23475162121112,RV32_ISS,22837118,22837118,ok,0,pass
23517462131333,RV32_ISS,24576063,24576063,ok,0,pass
23576412233321,RV32_ISS,16287321,16287321,ok,0,pass
23576412312323,RV32_ISS,15632274,15632274,ok,0,pass
23657142121112,RV32_ISS,24758384,24758384,ok,0,pass
23671452122333,RV32_ISS,34057585,34057585,ok,0,pass
23674153232321,RV32_ISS,14754484,14754484,ok,0,pass
23751461132123,RV32_ISS,14093699,14093699,ok,0,pass
23751463112321,RV32_ISS,14253867,14253867,ok,0,pass
23756143222331,RV32_ISS,17778119,17778119,ok,0,pass
23756411222312,RV32_ISS,21945628,21945628,ok,0,pass
23756413222112,RV32_ISS,22944559,22944559,ok,0,pass
23756413223312,RV32_ISS,21999973,21999973,ok,0,pass
23756413322312,RV32_ISS,23038423,23038423,ok,0,pass
24153672321233,RV32_ISS,18066739,18066739,ok,0,pass
24157361313212,RV32_ISS,16484463,16484463,ok,0,pass
24157362323111,RV32_ISS,16245255,16245255,ok,0,pass
24167353132232,RV32_ISS,23828740,23828740,ok,0,pass
24173652323231,RV32_ISS,15045416,15045416,ok,0,pass
24315673311311,RV32_ISS,28520465,28520465,ok,0,pass
24315761122322,RV32_ISS,19823501,19823501,ok,0,pass
24315762213323,RV32_ISS,18099278,18099278,ok,0,pass
24351671212211,RV32_ISS,22714152,22714152,ok,0,pass
24351673111133,RV32_ISS,23117843,23117843,ok,0,pass
24351673311311,RV32_ISS,26763948,26763948,ok,0,pass
24351761111123,RV32_ISS,27367613,27367613,ok,0,pass
24351761212232,RV32_ISS,19301039,19301039,ok,0,pass
24367511323112,RV32_ISS,20212224,20212224,ok,0,pass
24367513111121,RV32_ISS,15119853,15119853,ok,0,pass
24376512222122,RV32_ISS,24777973,24777973,ok,0,pass
24516732233111,RV32_ISS,18464874,18464874,ok,0,pass
24531673123121,RV32_ISS,20638414,20638414,ok,0,pass
24536713231232,RV32_ISS,18378001,18378001,ok,0,pass
24537613231322,RV32_ISS,23914124,23914124,ok,0,pass
24561372111131,RV32_ISS,18035044,18035044,ok,0,pass
24563711121212,RV32_ISS,22890807,22890807,ok,0,pass
24563712121232,RV32_ISS,23070413,23070413,ok,0,pass
24563713121222,RV32_ISS,29581018,29581018,ok,0,pass
24571362221213,RV32_ISS,21336147,21336147,ok,0,pass
24571631121212,RV32_ISS,21278909,21278909,ok,0,pass
24615371112332,RV32_ISS,17095655,17095655,ok,0,pass
24615372213311,RV32_ISS,32407169,32407169,ok,0,pass
24615731122313,RV32_ISS,22488479,22488479,ok,0,pass
24615731132333,RV32_ISS,30813041,30813041,ok,0,pass
24615732111323,RV32_ISS,27193902,27193902,ok,0,pass
24615732213311,RV32_ISS,18555419,18555419,ok,0,pass
24615732233321,RV32_ISS,22056039,22056039,ok,0,pass
24615733113323,RV32_ISS,31701290,31701290,ok,0,pass
24615733311122,RV32_ISS,19354008,19354008,ok,0,pass
24617532233321,RV32_ISS,24626859,24626859,ok,0,pass
24637512311132,RV32_ISS,23092546,23092546,ok,0,pass
24651731113223,RV32_ISS,18013695,18013695,ok,0,pass
24651731333333,RV32_ISS,16220144,16220144,ok,0,pass
24715363311332,RV32_ISS,19415358,19415358,ok,0,pass
24715631111111,RV32_ISS,20539394,20539394,ok,0,pass
24715631122121,RV32_ISS,20366102,20366102,ok,0,pass
24715631122133,RV32_ISS,16404792,16404792,ok,0,pass
24715632313223,RV32_ISS,14868818,14868818,ok,0,pass
24715633112111,RV32_ISS,14631667,14631667,ok,0,pass
24715633131131,RV32_ISS,19848110,19848110,ok,0,pass
24716532323231,RV32_ISS,23021319,23021319,ok,0,pass
24731561111111,RV32_ISS,28682653,28682653,ok,0,pass
24731562311231,RV32_ISS,16678323,16678323,ok,0,pass
24736512222332,RV32_ISS,23966303,23966303,ok,0,pass
24751362221231,RV32_ISS,29649426,29649426,ok,0,pass
24751362321113,RV32_ISS,35733723,35733723,ok,0,pass
24761531221223,RV32_ISS,23172953,23172953,ok,0,pass
24763151111111,RV32_ISS,19171786,19171786,ok,0,pass
24765313222112,RV32_ISS,19525593,19525593,ok,0,pass
25134672233321,RV32_ISS,16148594,16148594,ok,0,pass
25134672312323,RV32_ISS,15506546,15506546,ok,0,pass
25134672313211,RV32_ISS,20809784,20809784,ok,0,pass
25137461111111,RV32_ISS,20919856,20919856,ok,0,pass
25137461211323,RV32_ISS,14384498,14384498,ok,0,pass
25163741112323,RV32_ISS,19026997,19026997,ok,0,pass
25314673111313,RV32_ISS,38727543,38727543,ok,0,pass
25314673111331,RV32_ISS,36993363,36993363,ok,0,pass
25314673131311,RV32_ISS,38254420,38254420,ok,0,pass
25341673113311,RV32_ISS,32018700,32018700,ok,0,pass
25341762313223,RV32_ISS,27062775,27062775,ok,0,pass
25364172311231,RV32_ISS,29543277,29543277,ok,0,pass
25364173223231,RV32_ISS,13973980,13973980,ok,0,pass
25367411211122,RV32_ISS,19768480,19768480,ok,0,pass
25413672323111,RV32_ISS,29741095,29741095,ok,0,pass
25413763121222,RV32_ISS,20655064,20655064,ok,0,pass
25436711311313,RV32_ISS,17474965,17474965,ok,0,pass
25436712123122,RV32_ISS,16252327,16252327,ok,0,pass
25436712123332,RV32_ISS,18006805,18006805,ok,0,pass
25436712132122,RV32_ISS,17801711,17801711,ok,0,pass
25436712323231,RV32_ISS,16237194,16237194,ok,0,pass
25436713232321,RV32_ISS,17461943,17461943,ok,0,pass
25436713332122,RV32_ISS,16553034,16553034,ok,0,pass
25463713212332,RV32_ISS,18321722,18321722,ok,0,pass
25471362323132,RV32_ISS,17311605,17311605,ok,0,pass
25471631312213,RV32_ISS,26041688,26041688,ok,0,pass
25631741212121,RV32_ISS,31905188,31905188,ok,0,pass
25634713321232,RV32_ISS,20123110,20123110,ok,0,pass
25641371213132,RV32_ISS,19415672,19415672,ok,0,pass
25714632123131,RV32_ISS,20738955,20738955,ok,0,pass
25714632223331,RV32_ISS,18391679,18391679,ok,0,pass
25714632313211,RV32_ISS,51472460,51472460,ok,0,pass
25714633121333,RV32_ISS,20107174,20107174,ok,0,pass
25716431212223,RV32_ISS,19349838,19349838,ok,0,pass
25716433223213,RV32_ISS,18250969,18250969,ok,0,pass
25731642232211,RV32_ISS,32114895,32114895,ok,0,pass
25734162221111,RV32_ISS,18230064,18230064,ok,0,pass
25734613113323,RV32_ISS,24693004,24693004,ok,0,pass
25736141111123,RV32_ISS,21925883,21925883,ok,0,pass
25736141233232,RV32_ISS,20765788,20765788,ok,0,pass
25736411133113,RV32_ISS,19816679,19816679,ok,0,pass
25736411231321,RV32_ISS,17889834,17889834,ok,0,pass
25736411321312,RV32_ISS,15247931,15247931,ok,0,pass
25736411331113,RV32_ISS,18934267,18934267,ok,0,pass
25736413123112,RV32_ISS,15890533,15890533,ok,0,pass
25741361232113,RV32_ISS,21979331,21979331,ok,0,pass
25741632222323,RV32_ISS,18551769,18551769,ok,0,pass
25741632312323,RV32_ISS,16729375,16729375,ok,0,pass
25743611233232,RV32_ISS,17302832,17302832,ok,0,pass
25763142223133,RV32_ISS,21071026,21071026,ok,0,pass
25763411332322,RV32_ISS,15992627,15992627,ok,0,pass
26135742132221,RV32_ISS,19986533,19986533,ok,0,pass
26135742213323,RV32_ISS,18429568,18429568,ok,0,pass
26135742332312,RV32_ISS,19046876,19046876,ok,0,pass
26153471122121,RV32_ISS,18767296,18767296,ok,0,pass
26153473131131,RV32_ISS,17037261,17037261,ok,0,pass
26153473132121,RV32_ISS,16611197,16611197,ok,0,pass
26154372332213,RV32_ISS,36889322,36889322,ok,0,pass
26175432331133,RV32_ISS,20358866,20358866,ok,0,pass
26317451212211,RV32_ISS,29579574,29579574,ok,0,pass
26345711223113,RV32_ISS,13789713,13789713,ok,0,pass
26371453112111,RV32_ISS,16240661,16240661,ok,0,pass
26415731322323,RV32_ISS,15998671,15998671,ok,0,pass
26415732121223,RV32_ISS,15925598,15925598,ok,0,pass
26415732233321,RV32_ISS,19742601,19742601,ok,0,pass
26435712222122,RV32_ISS,29172426,29172426,ok,0,pass
26435712233321,RV32_ISS,21558157,21558157,ok,0,pass
26435712311132,RV32_ISS,20586528,20586528,ok,0,pass
26435712322322,RV32_ISS,27147207,27147207,ok,0,pass
26435713311122,RV32_ISS,20319182,20319182,ok,0,pass
26435713333133,RV32_ISS,24707735,24707735,ok,0,pass
26437512122312,RV32_ISS,18145655,18145655,ok,0,pass
26453172211133,RV32_ISS,20072107,20072107,ok,0,pass
26453711333333,RV32_ISS,18066677,18066677,ok,0,pass
26513471122121,RV32_ISS,19145211,19145211,ok,0,pass
26517343333313,RV32_ISS,23298170,23298170,ok,0,pass
26534713333313,RV32_ISS,25031907,25031907,ok,0,pass
26543171111111,RV32_ISS,18976292,18976292,ok,0,pass
26543171123111,RV32_ISS,15375433,15375433,ok,0,pass
26547313131323,RV32_ISS,24965870,24965870,ok,0,pass
26573413331312,RV32_ISS,20613435,20613435,ok,0,pass
26714531212133,RV32_ISS,19978561,19978561,ok,0,pass
26714532121133,RV32_ISS,21584922,21584922,ok,0,pass
26715433231322,RV32_ISS,18419018,18419018,ok,0,pass
26741351232113,RV32_ISS,15976892,15976892,ok,0,pass
26743512121232,RV32_ISS,24932787,24932787,ok,0,pass
27134561131133,RV32_ISS,18508297,18508297,ok,0,pass
27154632311132,RV32_ISS,16650377,16650377,ok,0,pass
27314652313211,RV32_ISS,20272858,20272858,ok,0,pass
27365412321212,RV32_ISS,24076369,24076369,ok,0,pass
27415363131113,RV32_ISS,23306557,23306557,ok,0,pass
27415632323231,RV32_ISS,19929270,19929270,ok,0,pass
27415633321322,RV32_ISS,24588631,24588631,ok,0,pass
27416532133232,RV32_ISS,16599257,16599257,ok,0,pass
27416533321232,RV32_ISS,20156695,20156695,ok,0,pass
27435612122222,RV32_ISS,17908260,17908260,ok,0,pass
27453161123111,RV32_ISS,14792172,14792172,ok,0,pass
27453161132111,RV32_ISS,17357319,17357319,ok,0,pass
27456133132223,RV32_ISS,18841139,18841139,ok,0,pass
27516341111111,RV32_ISS,18247707,18247707,ok,0,pass
27534161111111,RV32_ISS,18152545,18152545,ok,0,pass
27534161111123,RV32_ISS,24090231,24090231,ok,0,pass
27534162311111,RV32_ISS,16787715,16787715,ok,0,pass
27534612311132,RV32_ISS,19646756,19646756,ok,0,pass
27536412332312,RV32_ISS,18144362,18144362,ok,0,pass
27543611111123,RV32_ISS,21314238,21314238,ok,0,pass
27543611111132,RV32_ISS,15144125,15144125,ok,0,pass
27546312231122,RV32_ISS,31918496,31918496,ok,0,pass
27613543333133,RV32_ISS,23352691,23352691,ok,0,pass
27614353311332,RV32_ISS,20276827,20276827,ok,0,pass
27615431312333,RV32_ISS,22097007,22097007,ok,0,pass
27615432113321,RV32_ISS,23383301,23383301,ok,0,pass
27615433313213,RV32_ISS,16250820,16250820,ok,0,pass
27634511131133,RV32_ISS,18240994,18240994,ok,0,pass
27634512233321,RV32_ISS,17071064,17071064,ok,0,pass
27643513311233,RV32_ISS,26443016,26443016,ok,0,pass
31246753312211,RV32_ISS,22549495,22549495,ok,0,pass
31247651113232,RV32_ISS,16235053,16235053,ok,0,pass
31247651323232,RV32_ISS,19169606,19169606,ok,0,pass
31256471231222,RV32_ISS,18148067,18148067,ok,0,pass
31257462222221,RV32_ISS,21642724,21642724,ok,0,pass
31257462312311,RV32_ISS,17914830,17914830,ok,0,pass
31257643311122,RV32_ISS,18828894,18828894,ok,0,pass
31264572122213,RV32_ISS,18551944,18551944,ok,0,pass
31264573132313,RV32_ISS,17851575,17851575,ok,0,pass
31264573222223,RV32_ISS,18329436,18329436,ok,0,pass
31264752132122,RV32_ISS,18426166,18426166,ok,0,pass
31264752313121,RV32_ISS,19627984,19627984,ok,0,pass
31265471111111,RV32_ISS,23370035,23370035,ok,0,pass
31265471122112,RV32_ISS,16400581,16400581,ok,0,pass
31265471122133,RV32_ISS,18774541,18774541,ok,0,pass
31265471312213,RV32_ISS,16676769,16676769,ok,0,pass
31265471313113,RV32_ISS,15485611,15485611,ok,0,pass
31265471321111,RV32_ISS,14593254,14593254,ok,0,pass
31265472233321,RV32_ISS,23397295,23397295,ok,0,pass
31265472312233,RV32_ISS,16680933,16680933,ok,0,pass
31265741233331,RV32_ISS,23032112,23032112,ok,0,pass
31267542222233,RV32_ISS,21559572,21559572,ok,0,pass
31267542313133,RV32_ISS,23382526,23382526,ok,0,pass
31275461112233,RV32_ISS,23744358,23744358,ok,0,pass
31275461322233,RV32_ISS,23975813,23975813,ok,0,pass
31275462133211,RV32_ISS,20014385,20014385,ok,0,pass
31275462223211,RV32_ISS,20110129,20110129,ok,0,pass
31275462311213,RV32_ISS,21095652,21095652,ok,0,pass
31275462312212,RV32_ISS,21300630,21300630,ok,0,pass
31275463311122,RV32_ISS,22906069,22906069,ok,0,pass
31276452133322,RV32_ISS,16514124,16514124,ok,0,pass
31276452313313,RV32_ISS,19424894,19424894,ok,0,pass
31452671323211,RV32_ISS,13737039,13737039,ok,0,pass
31452671332232,RV32_ISS,14568754,14568754,ok,0,pass
31452672322331,RV32_ISS,14636311,14636311,ok,0,pass
31456722111221,RV32_ISS,18389917,18389917,ok,0,pass
31462751111111,RV32_ISS,19721165,19721165,ok,0,pass
31462751113322,RV32_ISS,16930920,16930920,ok,0,pass
31475261322233,RV32_ISS,17684920,17684920,ok,0,pass
31475262331313,RV32_ISS,21176301,21176301,ok,0,pass
31475262333221,RV32_ISS,17600082,17600082,ok,0,pass
31524673332122,RV32_ISS,24944623,24944623,ok,0,pass
31527643332122,RV32_ISS,14735622,14735622,ok,0,pass
31564272212111,RV32_ISS,28229160,28229160,ok,0,pass
31564272213311,RV32_ISS,16368396,16368396,ok,0,pass
31564273113311,RV32_ISS,17883484,17883484,ok,0,pass
31572461122133,RV32_ISS,18234561,18234561,ok,0,pass
31624751112233,RV32_ISS,15517238,15517238,ok,0,pass
31624753312211,RV32_ISS,15216183,15216183,ok,0,pass
31627452221333,RV32_ISS,23440681,23440681,ok,0,pass
31654272313322,RV32_ISS,25719377,25719377,ok,0,pass
31754621331122,RV32_ISS,22628525,22628525,ok,0,pass
31765242322121,RV32_ISS,22072619,22072619,ok,0,pass
32145671111111,RV32_ISS,31046262,31046262,ok,0,pass
32145671123333,RV32_ISS,17882794,17882794,ok,0,pass
32145671132222,RV32_ISS,16762550,16762550,ok,0,pass
32145671221112,RV32_ISS,17975635,17975635,ok,0,pass
32145671333333,RV32_ISS,17837744,17837744,ok,0,pass
32145672113333,RV32_ISS,16812411,16812411,ok,0,pass
32145672212222,RV32_ISS,17041967,17041967,ok,0,pass
32145673112222,RV32_ISS,15201565,15201565,ok,0,pass
32145673311113,RV32_ISS,17372228,17372228,ok,0,pass
32146751232323,RV32_ISS,17257846,17257846,ok,0,pass
32146752232223,RV32_ISS,21227690,21227690,ok,0,pass
32147562313223,RV32_ISS,15217416,15217416,ok,0,pass
32147562333233,RV32_ISS,27265844,27265844,ok,0,pass
32147651123333,RV32_ISS,26550525,26550525,ok,0,pass
32147651132222,RV32_ISS,24196994,24196994,ok,0,pass
32147651213333,RV32_ISS,27359891,27359891,ok,0,pass
32147651312222,RV32_ISS,25200932,25200932,ok,0,pass
32147652113333,RV32_ISS,24535674,24535674,ok,0,pass
32147652231332,RV32_ISS,23765354,23765354,ok,0,pass
32147652233213,RV32_ISS,31356133,31356133,ok,0,pass
32147652331322,RV32_ISS,25784175,25784175,ok,0,pass
32147652332213,RV32_ISS,30334587,30334587,ok,0,pass
32147653112222,RV32_ISS,24696087,24696087,ok,0,pass
32156471111111,RV32_ISS,19870296,19870296,ok,0,pass
32156471113211,RV32_ISS,15781225,15781225,ok,0,pass
32156471232332,RV32_ISS,14532191,14532191,ok,0,pass
32156472312332,RV32_ISS,15343459,15343459,ok,0,pass
32156472332132,RV32_ISS,15105413,15105413,ok,0,pass
32156472332321,RV32_ISS,16612923,16612923,ok,0,pass
32156472333332,RV32_ISS,17186230,17186230,ok,0,pass
32156473223123,RV32_ISS,14095950,14095950,ok,0,pass
32156741112323,RV32_ISS,28830912,28830912,ok,0,pass
32156742311123,RV32_ISS,15529374,15529374,ok,0,pass
32156742313223,RV32_ISS,18403663,18403663,ok,0,pass
32156742333131,RV32_ISS,15585983,15585983,ok,0,pass
32157641232323,RV32_ISS,17352944,17352944,ok,0,pass
32157642231323,RV32_ISS,17489626,17489626,ok,0,pass
32164571111111,RV32_ISS,21640847,21640847,ok,0,pass
32164571111231,RV32_ISS,15042586,15042586,ok,0,pass
32164571232323,RV32_ISS,15480868,15480868,ok,0,pass
32164572232223,RV32_ISS,18447556,18447556,ok,0,pass
32164572232313,RV32_ISS,18408697,18408697,ok,0,pass
32164572233321,RV32_ISS,17961073,17961073,ok,0,pass
32164572312323,RV32_ISS,17330362,17330362,ok,0,pass
32164573323212,RV32_ISS,16397128,16397128,ok,0,pass
32165741111111,RV32_ISS,25966589,25966589,ok,0,pass
32165741111132,RV32_ISS,16712342,16712342,ok,0,pass
32165741233223,RV32_ISS,16056326,16056326,ok,0,pass
32165742211112,RV32_ISS,21053611,21053611,ok,0,pass
32165742331112,RV32_ISS,15479974,15479974,ok,0,pass
32165743311131,RV32_ISS,16397991,16397991,ok,0,pass
32167451111111,RV32_ISS,21744725,21744725,ok,0,pass
32167451213333,RV32_ISS,17294992,17294992,ok,0,pass
32167451222222,RV32_ISS,16617932,16617932,ok,0,pass
32167451312222,RV32_ISS,16512244,16512244,ok,0,pass
32167451333111,RV32_ISS,15963449,15963449,ok,0,pass
32167452211121,RV32_ISS,17082881,17082881,ok,0,pass
32167453222313,RV32_ISS,14728614,14728614,ok,0,pass
32167453313333,RV32_ISS,17047823,17047823,ok,0,pass
32167453321232,RV32_ISS,16803373,16803373,ok,0,pass
32174561112323,RV32_ISS,21068806,21068806,ok,0,pass
32174561232113,RV32_ISS,21960225,21960225,ok,0,pass
32174561232233,RV32_ISS,19402258,19402258,ok,0,pass
32174562231212,RV32_ISS,17594295,17594295,ok,0,pass
32174652312332,RV32_ISS,15068813,15068813,ok,0,pass
32174652332132,RV32_ISS,15369829,15369829,ok,0,pass
32175461111111,RV32_ISS,22303222,22303222,ok,0,pass
32175461113112,RV32_ISS,15416563,15416563,ok,0,pass
32175461221112,RV32_ISS,15942821,15942821,ok,0,pass
32175461333111,RV32_ISS,16456900,16456900,ok,0,pass
32175462233111,RV32_ISS,17376379,17376379,ok,0,pass
32175462312323,RV32_ISS,23091693,23091693,ok,0,pass
32416753121222,RV32_ISS,27208472,27208472,ok,0,pass
32417562113321,RV32_ISS,26048969,26048969,ok,0,pass
32417652132131,RV32_ISS,16076455,16076455,ok,0,pass
32417653132121,RV32_ISS,13965706,13965706,ok,0,pass
32451762331121,RV32_ISS,14237835,14237835,ok,0,pass
32456173212332,RV32_ISS,18247873,18247873,ok,0,pass
32456711233133,RV32_ISS,34536236,34536236,ok,0,pass
32465172112121,RV32_ISS,17662778,17662778,ok,0,pass
32465172132131,RV32_ISS,14458051,14458051,ok,0,pass
32465172133121,RV32_ISS,15143958,15143958,ok,0,pass
32465172332321,RV32_ISS,16945192,16945192,ok,0,pass
32465173123121,RV32_ISS,15879571,15879571,ok,0,pass
32465173132121,RV32_ISS,16344020,16344020,ok,0,pass
32465173133111,RV32_ISS,17687753,17687753,ok,0,pass
32465173233221,RV32_ISS,18921612,18921612,ok,0,pass
32475161232323,RV32_ISS,19289963,19289963,ok,0,pass
32475163331222,RV32_ISS,19816761,19816761,ok,0,pass
32476513232231,RV32_ISS,16792387,16792387,ok,0,pass
32517463131311,RV32_ISS,27227084,27227084,ok,0,pass
32546713323212,RV32_ISS,18364315,18364315,ok,0,pass
32547611121113,RV32_ISS,17065029,17065029,ok,0,pass
32547611131112,RV32_ISS,15841815,15841815,ok,0,pass
32547611213111,RV32_ISS,16201168,16201168,ok,0,pass
32547611312111,RV32_ISS,16965473,16965473,ok,0,pass
32547612111311,RV32_ISS,16494273,16494273,ok,0,pass
32547613111211,RV32_ISS,16198664,16198664,ok,0,pass
32561471113133,RV32_ISS,18627835,18627835,ok,0,pass
32561471121311,RV32_ISS,16707458,16707458,ok,0,pass
32561471122211,RV32_ISS,18064706,18064706,ok,0,pass
32561471131211,RV32_ISS,16861155,16861155,ok,0,pass
32561471211131,RV32_ISS,21367542,21367542,ok,0,pass
32561471311121,RV32_ISS,17095065,17095065,ok,0,pass
32561472133313,RV32_ISS,16214538,16214538,ok,0,pass
32561472213122,RV32_ISS,16149852,16149852,ok,0,pass
32561473222223,RV32_ISS,15292910,15292910,ok,0,pass
32561473323212,RV32_ISS,15502041,15502041,ok,0,pass
32567412122222,RV32_ISS,17787786,17787786,ok,0,pass
32567412131312,RV32_ISS,22017849,22017849,ok,0,pass
32567412222212,RV32_ISS,27059336,27059336,ok,0,pass
32567413131212,RV32_ISS,17473072,17473072,ok,0,pass
32567413133333,RV32_ISS,21401810,21401810,ok,0,pass
32576142313223,RV32_ISS,17465518,17465518,ok,0,pass
32615473332122,RV32_ISS,17995907,17995907,ok,0,pass
32647152133121,RV32_ISS,20506207,20506207,ok,0,pass
32647153132121,RV32_ISS,14068640,14068640,ok,0,pass
32647512333233,RV32_ISS,28528870,28528870,ok,0,pass
32657143121213,RV32_ISS,21469285,21469285,ok,0,pass
32657412111212,RV32_ISS,21105124,21105124,ok,0,pass
32671453123313,RV32_ISS,22089746,22089746,ok,0,pass
32674152113333,RV32_ISS,25523306,25523306,ok,0,pass
32714652332132,RV32_ISS,16266406,16266406,ok,0,pass
32716452123212,RV32_ISS,24345937,24345937,ok,0,pass
32741651121311,RV32_ISS,22336110,22336110,ok,0,pass
32741651131211,RV32_ISS,17654379,17654379,ok,0,pass
32741651211131,RV32_ISS,16431514,16431514,ok,0,pass
32741651311121,RV32_ISS,17084497,17084497,ok,0,pass
32741652111113,RV32_ISS,18007494,18007494,ok,0,pass
32741653111112,RV32_ISS,17990349,17990349,ok,0,pass
32745611223332,RV32_ISS,15686659,15686659,ok,0,pass
32745612313322,RV32_ISS,18283023,18283023,ok,0,pass
32745612322331,RV32_ISS,15294153,15294153,ok,0,pass
32751643321232,RV32_ISS,18910860,18910860,ok,0,pass
32754163211123,RV32_ISS,16290259,16290259,ok,0,pass
32756141233121,RV32_ISS,19327295,19327295,ok,0,pass
32761452121313,RV32_ISS,17966124,17966124,ok,0,pass
32761452122222,RV32_ISS,19094962,19094962,ok,0,pass
32761452222212,RV32_ISS,17893175,17893175,ok,0,pass
32761453121312,RV32_ISS,25046694,25046694,ok,0,pass
32761453133333,RV32_ISS,18294238,18294238,ok,0,pass
32765411112221,RV32_ISS,17765944,17765944,ok,0,pass
32765411121113,RV32_ISS,16112657,16112657,ok,0,pass
32765411131112,RV32_ISS,15367119,15367119,ok,0,pass
32765411133113,RV32_ISS,16799809,16799809,ok,0,pass
32765411331113,RV32_ISS,16783143,16783143,ok,0,pass
32765412221312,RV32_ISS,15969392,15969392,ok,0,pass
32765412323222,RV32_ISS,16602649,16602649,ok,0,pass
32765413122212,RV32_ISS,15245260,15245260,ok,0,pass
32765413223312,RV32_ISS,15130984,15130984,ok,0,pass
32765413231223,RV32_ISS,17999203,17999203,ok,0,pass
32765413322312,RV32_ISS,14952537,14952537,ok,0,pass
34125672131213,RV32_ISS,17188061,17188061,ok,0,pass
34125672131312,RV32_ISS,19119749,19119749,ok,0,pass
34125672221222,RV32_ISS,17920902,17920902,ok,0,pass
34125673133333,RV32_ISS,19642230,19642230,ok,0,pass
34127651121113,RV32_ISS,16051831,16051831,ok,0,pass
34127651131112,RV32_ISS,15855045,15855045,ok,0,pass
34127651213111,RV32_ISS,16295640,16295640,ok,0,pass
34127651312111,RV32_ISS,17019399,17019399,ok,0,pass
34127652111311,RV32_ISS,15993255,15993255,ok,0,pass
34127653111211,RV32_ISS,16125045,16125045,ok,0,pass
34162752132212,RV32_ISS,32735214,32735214,ok,0,pass
34165271112212,RV32_ISS,19607093,19607093,ok,0,pass
34165271121311,RV32_ISS,18137661,18137661,ok,0,pass
34165271131211,RV32_ISS,16985792,16985792,ok,0,pass
34165271211131,RV32_ISS,20864827,20864827,ok,0,pass
34165271311121,RV32_ISS,15937597,15937597,ok,0,pass
34165271311133,RV32_ISS,17543568,17543568,ok,0,pass
34165272323333,RV32_ISS,16356748,16356748,ok,0,pass
34165273133312,RV32_ISS,20503148,20503148,ok,0,pass
34165273222322,RV32_ISS,14675683,14675683,ok,0,pass
34165273311131,RV32_ISS,16115392,16115392,ok,0,pass
34167252213323,RV32_ISS,18702639,18702639,ok,0,pass
34172562132332,RV32_ISS,18478192,18478192,ok,0,pass
34172562313331,RV32_ISS,19787865,19787865,ok,0,pass
34175263321232,RV32_ISS,19006897,19006897,ok,0,pass
34216572213122,RV32_ISS,25552282,25552282,ok,0,pass
34261572132131,RV32_ISS,14354836,14354836,ok,0,pass
34261572133121,RV32_ISS,15073818,15073818,ok,0,pass
34261573123121,RV32_ISS,15401297,15401297,ok,0,pass
34265712212132,RV32_ISS,23960758,23960758,ok,0,pass
34275161312213,RV32_ISS,17968552,17968552,ok,0,pass
34275162112322,RV32_ISS,17289554,17289554,ok,0,pass
34275162213221,RV32_ISS,19001958,19001958,ok,0,pass
34516271111111,RV32_ISS,18617475,18617475,ok,0,pass
34516272312332,RV32_ISS,20323717,20323717,ok,0,pass
34516722313223,RV32_ISS,22793605,22793605,ok,0,pass
34517622231323,RV32_ISS,19064700,19064700,ok,0,pass
34521672223232,RV32_ISS,17645894,17645894,ok,0,pass
34526713232312,RV32_ISS,16265974,16265974,ok,0,pass
34527612211322,RV32_ISS,26754986,26754986,ok,0,pass
34527612231122,RV32_ISS,26049535,26049535,ok,0,pass
34527612231332,RV32_ISS,28560543,28560543,ok,0,pass
34527612331322,RV32_ISS,26028808,26028808,ok,0,pass
34527613312133,RV32_ISS,26513556,26513556,ok,0,pass
34561272122123,RV32_ISS,24775395,24775395,ok,0,pass
34561272122321,RV32_ISS,25866287,25866287,ok,0,pass
34561272212213,RV32_ISS,31439047,31439047,ok,0,pass
34561272213122,RV32_ISS,25719675,25719675,ok,0,pass
34561272232211,RV32_ISS,30385704,30385704,ok,0,pass
34561273221233,RV32_ISS,24558269,24558269,ok,0,pass
34561273233131,RV32_ISS,24320338,24320338,ok,0,pass
34561273311233,RV32_ISS,25498632,25498632,ok,0,pass
34561273313321,RV32_ISS,29067533,29067533,ok,0,pass
34561273321133,RV32_ISS,26519040,26519040,ok,0,pass
34561273321223,RV32_ISS,24919473,24919473,ok,0,pass
34561721111111,RV32_ISS,20163968,20163968,ok,0,pass
34562171321111,RV32_ISS,16237855,16237855,ok,0,pass
34562171321231,RV32_ISS,15859261,15859261,ok,0,pass
34562172232313,RV32_ISS,20964321,20964321,ok,0,pass
34567212223232,RV32_ISS,20556619,20556619,ok,0,pass
34617252111212,RV32_ISS,22524826,22524826,ok,0,pass
34617252123212,RV32_ISS,22312480,22312480,ok,0,pass
34617252132212,RV32_ISS,23828305,23828305,ok,0,pass
34617522221333,RV32_ISS,21219608,21219608,ok,0,pass
34621572132131,RV32_ISS,16791328,16791328,ok,0,pass
34625172111212,RV32_ISS,24124989,24124989,ok,0,pass
34627512232313,RV32_ISS,16991607,16991607,ok,0,pass
34651271123111,RV32_ISS,16589108,16589108,ok,0,pass
34651272332132,RV32_ISS,15829974,15829974,ok,0,pass
34675212222122,RV32_ISS,24635783,24635783,ok,0,pass
34715262221123,RV32_ISS,24193586,24193586,ok,0,pass
34716522223211,RV32_ISS,21541328,21541328,ok,0,pass
34721652121313,RV32_ISS,23107584,23107584,ok,0,pass
34721652131213,RV32_ISS,20943408,20943408,ok,0,pass
34721652221222,RV32_ISS,23402738,23402738,ok,0,pass
34721652222212,RV32_ISS,22003022,22003022,ok,0,pass
34721653333313,RV32_ISS,20665121,20665121,ok,0,pass
34725611212211,RV32_ISS,18348558,18348558,ok,0,pass
34725612111113,RV32_ISS,15800902,15800902,ok,0,pass
34725612121322,RV32_ISS,18277271,18277271,ok,0,pass
34725612231212,RV32_ISS,18321054,18321054,ok,0,pass
34725612231332,RV32_ISS,16050844,16050844,ok,0,pass
34725612322232,RV32_ISS,17155710,17155710,ok,0,pass
34725612331322,RV32_ISS,16940554,16940554,ok,0,pass
34725613111112,RV32_ISS,17369220,17369220,ok,0,pass
34725613111133,RV32_ISS,16858053,16858053,ok,0,pass
34725613132223,RV32_ISS,16951681,16951681,ok,0,pass
34725613311113,RV32_ISS,16904392,16904392,ok,0,pass
34761252323222,RV32_ISS,15991472,15991472,ok,0,pass
35126741232212,RV32_ISS,20246577,20246577,ok,0,pass
35126742231233,RV32_ISS,20178318,20178318,ok,0,pass
35127462331331,RV32_ISS,21234572,21234572,ok,0,pass
35162472122231,RV32_ISS,16123572,16123572,ok,0,pass
35162472123233,RV32_ISS,20624882,20624882,ok,0,pass
35162473122221,RV32_ISS,15854384,15854384,ok,0,pass
35162473323131,RV32_ISS,16143118,16143118,ok,0,pass
35162473332122,RV32_ISS,17925810,17925810,ok,0,pass
35162473332131,RV32_ISS,15979706,15979706,ok,0,pass
35162742213323,RV32_ISS,20782708,20782708,ok,0,pass
35167242132212,RV32_ISS,20299709,20299709,ok,0,pass
35172461232323,RV32_ISS,19269036,19269036,ok,0,pass
35174262213131,RV32_ISS,24188412,24188412,ok,0,pass
35174262231113,RV32_ISS,21296324,21296324,ok,0,pass
35246171111111,RV32_ISS,18032034,18032034,ok,0,pass
35246171113322,RV32_ISS,15648832,15648832,ok,0,pass
35246172213311,RV32_ISS,17434183,17434183,ok,0,pass
35267141223233,RV32_ISS,14753106,14753106,ok,0,pass
35267141321132,RV32_ISS,30814896,30814896,ok,0,pass
35271461322233,RV32_ISS,15981364,15981364,ok,0,pass
35416721113112,RV32_ISS,15961567,15961567,ok,0,pass
35416723232213,RV32_ISS,21578869,21578869,ok,0,pass
35417622223133,RV32_ISS,23356852,23356852,ok,0,pass
35426712131132,RV32_ISS,17884041,17884041,ok,0,pass
35426712311312,RV32_ISS,15831526,15831526,ok,0,pass
35426713111313,RV32_ISS,18975179,18975179,ok,0,pass
35426713131113,RV32_ISS,17192127,17192127,ok,0,pass
35426713312211,RV32_ISS,18125252,18125252,ok,0,pass
35461271111231,RV32_ISS,18581600,18581600,ok,0,pass
35461271321231,RV32_ISS,15835174,15835174,ok,0,pass
35461272222323,RV32_ISS,16446932,16446932,ok,0,pass
35462171131313,RV32_ISS,17604284,17604284,ok,0,pass
35462171212121,RV32_ISS,18429536,18429536,ok,0,pass
35462171221223,RV32_ISS,15147122,15147122,ok,0,pass
35462171332331,RV32_ISS,16980969,16980969,ok,0,pass
35462172213311,RV32_ISS,18137968,18137968,ok,0,pass
35462172223331,RV32_ISS,16552960,16552960,ok,0,pass
35462172312131,RV32_ISS,16045482,16045482,ok,0,pass
35462173123211,RV32_ISS,16847945,16847945,ok,0,pass
35462173131311,RV32_ISS,18816822,18816822,ok,0,pass
35462173221221,RV32_ISS,18092160,18092160,ok,0,pass
35462712322322,RV32_ISS,20187867,20187867,ok,0,pass
35472163222313,RV32_ISS,16496739,16496739,ok,0,pass
35472163231322,RV32_ISS,18281955,18281955,ok,0,pass
35476122221111,RV32_ISS,18728806,18728806,ok,0,pass
35614722321233,RV32_ISS,19545568,19545568,ok,0,pass
35617423131332,RV32_ISS,17795724,17795724,ok,0,pass
35624712121232,RV32_ISS,25253115,25253115,ok,0,pass
35624712321212,RV32_ISS,29399193,29399193,ok,0,pass
35624712321332,RV32_ISS,24704604,24704604,ok,0,pass
35624712331232,RV32_ISS,24908285,24908285,ok,0,pass
35714623111322,RV32_ISS,21539498,21539498,ok,0,pass
35721642221213,RV32_ISS,33112498,33112498,ok,0,pass
35762142222113,RV32_ISS,19915093,19915093,ok,0,pass
36125471111333,RV32_ISS,17130951,17130951,ok,0,pass
36125471212112,RV32_ISS,24229335,24229335,ok,0,pass
36125471213111,RV32_ISS,15660196,15660196,ok,0,pass
36125471222111,RV32_ISS,24660637,24660637,ok,0,pass
36125471312111,RV32_ISS,16466010,16466010,ok,0,pass
36125472111311,RV32_ISS,15595466,15595466,ok,0,pass
36125472121223,RV32_ISS,14953506,14953506,ok,0,pass
36125473111211,RV32_ISS,16771126,16771126,ok,0,pass
36125473232222,RV32_ISS,18336345,18336345,ok,0,pass
36125473323233,RV32_ISS,17740579,17740579,ok,0,pass
36125743222331,RV32_ISS,28455892,28455892,ok,0,pass
36127451333222,RV32_ISS,15364203,15364203,ok,0,pass
36145272122222,RV32_ISS,20862929,20862929,ok,0,pass
36145272131213,RV32_ISS,27126328,27126328,ok,0,pass
36145272131312,RV32_ISS,18546487,18546487,ok,0,pass
36145273333313,RV32_ISS,21353037,21353037,ok,0,pass
36147251121311,RV32_ISS,17634330,17634330,ok,0,pass
36147251131211,RV32_ISS,18472710,18472710,ok,0,pass
36147251211131,RV32_ISS,19217034,19217034,ok,0,pass
36147251311121,RV32_ISS,16086325,16086325,ok,0,pass
36147252111113,RV32_ISS,20553459,20553459,ok,0,pass
36147253111112,RV32_ISS,17255403,17255403,ok,0,pass
36152741231312,RV32_ISS,22767180,22767180,ok,0,pass
36152742131321,RV32_ISS,20092370,20092370,ok,0,pass
36172452133133,RV32_ISS,24079345,24079345,ok,0,pass
36217452131333,RV32_ISS,23355384,23355384,ok,0,pass
36217541223311,RV32_ISS,13764602,13764602,ok,0,pass
36217543213112,RV32_ISS,14503190,14503190,ok,0,pass
36241573212332,RV32_ISS,15151894,15151894,ok,0,pass
36241753212311,RV32_ISS,17602381,17602381,ok,0,pass
36415272123212,RV32_ISS,21679619,21679619,ok,0,pass
36417522123311,RV32_ISS,19478780,19478780,ok,0,pass
36514272212111,RV32_ISS,27036266,27036266,ok,0,pass
36521472113321,RV32_ISS,19028988,19028988,ok,0,pass
36521472331121,RV32_ISS,16013305,16013305,ok,0,pass
36527411131133,RV32_ISS,16171001,16171001,ok,0,pass
36527412111113,RV32_ISS,15933013,15933013,ok,0,pass
36527412131222,RV32_ISS,18706639,18706639,ok,0,pass
36527412211322,RV32_ISS,18876312,18876312,ok,0,pass
36527412221312,RV32_ISS,16397229,16397229,ok,0,pass
36527412231122,RV32_ISS,16571236,16571236,ok,0,pass
36527412322232,RV32_ISS,16837735,16837735,ok,0,pass
36527413111112,RV32_ISS,16813999,16813999,ok,0,pass
36527413311311,RV32_ISS,15750718,15750718,ok,0,pass
36541272323222,RV32_ISS,15819267,15819267,ok,0,pass
36542712121322,RV32_ISS,24467646,24467646,ok,0,pass
36547212121313,RV32_ISS,20653845,20653845,ok,0,pass
36547212122222,RV32_ISS,21891362,21891362,ok,0,pass
36547212131312,RV32_ISS,21992927,21992927,ok,0,pass
36547212221222,RV32_ISS,20862899,20862899,ok,0,pass
36547213331333,RV32_ISS,18799611,18799611,ok,0,pass
36712542121112,RV32_ISS,25452922,25452922,ok,0,pass
36712542121121,RV32_ISS,23830853,23830853,ok,0,pass
36712542121211,RV32_ISS,28055566,28055566,ok,0,pass
36712542122111,RV32_ISS,25125807,25125807,ok,0,pass
36714252232223,RV32_ISS,16439116,16439116,ok,0,pass
36714521232113,RV32_ISS,22691924,22691924,ok,0,pass
36714522121322,RV32_ISS,22552233,22552233,ok,0,pass
36714522122213,RV32_ISS,18279793,18279793,ok,0,pass
36714523132223,RV32_ISS,18590353,18590353,ok,0,pass
36714523132322,RV32_ISS,18233917,18233917,ok,0,pass
36721451131331,RV32_ISS,16035044,16035044,ok,0,pass
36721452121322,RV32_ISS,18360066,18360066,ok,0,pass
36721452122123,RV32_ISS,15291230,15291230,ok,0,pass
36721452122213,RV32_ISS,18349517,18349517,ok,0,pass
36721452122321,RV32_ISS,17133541,17133541,ok,0,pass
36721452131111,RV32_ISS,16958565,16958565,ok,0,pass
36721452223232,RV32_ISS,16410847,16410847,ok,0,pass
36721453113113,RV32_ISS,17826563,17826563,ok,0,pass
36721453121111,RV32_ISS,21667514,21667514,ok,0,pass
36725411121212,RV32_ISS,27025093,27025093,ok,0,pass
36725411131313,RV32_ISS,27111842,27111842,ok,0,pass
36725411212121,RV32_ISS,27171277,27171277,ok,0,pass
36725411313131,RV32_ISS,27304458,27304458,ok,0,pass
36725412111212,RV32_ISS,29281093,29281093,ok,0,pass
36725412121112,RV32_ISS,27054134,27054134,ok,0,pass
36725412121211,RV32_ISS,27856913,27856913,ok,0,pass
36725412121232,RV32_ISS,27189833,27189833,ok,0,pass
36725412123212,RV32_ISS,28797325,28797325,ok,0,pass
36725412321212,RV32_ISS,28327079,28327079,ok,0,pass
36725413111313,RV32_ISS,31200910,31200910,ok,0,pass
36725413131113,RV32_ISS,28040385,28040385,ok,0,pass
36725413131311,RV32_ISS,32766918,32766918,ok,0,pass
36741252122123,RV32_ISS,27374956,27374956,ok,0,pass
36741252122321,RV32_ISS,25564411,25564411,ok,0,pass
36741252122333,RV32_ISS,24696930,24696930,ok,0,pass
36741252123323,RV32_ISS,26442312,26442312,ok,0,pass
36741253233131,RV32_ISS,26058649,26058649,ok,0,pass
36745211211221,RV32_ISS,14938906,14938906,ok,0,pass
36745212121223,RV32_ISS,15587785,15587785,ok,0,pass
36745212122312,RV32_ISS,19477907,19477907,ok,0,pass
36745212122333,RV32_ISS,16555110,16555110,ok,0,pass
36745212123323,RV32_ISS,18601341,18601341,ok,0,pass
36745212131111,RV32_ISS,15643784,15643784,ok,0,pass
36745212223232,RV32_ISS,16430209,16430209,ok,0,pass
36745213121111,RV32_ISS,20178794,20178794,ok,0,pass
36745213131131,RV32_ISS,15347511,15347511,ok,0,pass
36745213133111,RV32_ISS,16837968,16837968,ok,0,pass
36745213232213,RV32_ISS,16066022,16066022,ok,0,pass
36751243222322,RV32_ISS,16816816,16816816,ok,0,pass
36752142122132,RV32_ISS,17942512,17942512,ok,0,pass
36752142123221,RV32_ISS,16803752,16803752,ok,0,pass
36752143132232,RV32_ISS,14934517,14934517,ok,0,pass
36752143133222,RV32_ISS,18185083,18185083,ok,0,pass
36752143211132,RV32_ISS,16979939,16979939,ok,0,pass
36754123232222,RV32_ISS,29141756,29141756,ok,0,pass
37246511112233,RV32_ISS,20588334,20588334,ok,0,pass
37256142321233,RV32_ISS,19352309,19352309,ok,0,pass
37415622333221,RV32_ISS,21783733,21783733,ok,0,pass
37426513132313,RV32_ISS,24971511,24971511,ok,0,pass
37452162323312,RV32_ISS,17983212,17983212,ok,0,pass
37516422333311,RV32_ISS,17072889,17072889,ok,0,pass
37561241311112,RV32_ISS,16592912,16592912,ok,0,pass
37612453122233,RV32_ISS,16816816,16816816,ok,0,pass
37612542221111,RV32_ISS,19746970,19746970,ok,0,pass
37614252221123,RV32_ISS,21459235,21459235,ok,0,pass
37614521111111,RV32_ISS,22651266,22651266,ok,0,pass
37614521323232,RV32_ISS,14741906,14741906,ok,0,pass
37614522111221,RV32_ISS,16709659,16709659,ok,0,pass
37614522113321,RV32_ISS,18995878,18995878,ok,0,pass
37614522313322,RV32_ISS,19797174,19797174,ok,0,pass
37614522323312,RV32_ISS,16590203,16590203,ok,0,pass
37614523232213,RV32_ISS,18694921,18694921,ok,0,pass
37615421113322,RV32_ISS,20840867,20840867,ok,0,pass
37615422211133,RV32_ISS,20719637,20719637,ok,0,pass
37615422223133,RV32_ISS,20995390,20995390,ok,0,pass
37615422313121,RV32_ISS,19528155,19528155,ok,0,pass
37615422313331,RV32_ISS,20972023,20972023,ok,0,pass
37615423121132,RV32_ISS,22154474,22154474,ok,0,pass
37624152311213,RV32_ISS,21485792,21485792,ok,0,pass
37624511232233,RV32_ISS,19444019,19444019,ok,0,pass
37624512121322,RV32_ISS,22452909,22452909,ok,0,pass
37624512231212,RV32_ISS,17356398,17356398,ok,0,pass
37624513131323,RV32_ISS,18495651,18495651,ok,0,pass
37624513231313,RV32_ISS,18035839,18035839,ok,0,pass
37641252222323,RV32_ISS,19113309,19113309,ok,0,pass
37642152213311,RV32_ISS,22447815,22447815,ok,0,pass
37642513122221,RV32_ISS,19286167,19286167,ok,0,pass
37645122312221,RV32_ISS,16302681,16302681,ok,0,pass
37651242211133,RV32_ISS,23253656,23253656,ok,0,pass
37651422312311,RV32_ISS,21883167,21883167,ok,0,pass
37652141113232,RV32_ISS,15782569,15782569,ok,0,pass
37652143231322,RV32_ISS,17824759,17824759,ok,0,pass
37654212311222,RV32_ISS,20540300,20540300,ok,0,pass
41236753232321,RV32_ISS,17398262,17398262,ok,0,pass
41237561313131,RV32_ISS,24452719,24452719,ok,0,pass
41263751312222,RV32_ISS,26424476,26424476,ok,0,pass
41325671212211,RV32_ISS,17775549,17775549,ok,0,pass
41325762313223,RV32_ISS,16505800,16505800,ok,0,pass
41325763131233,RV32_ISS,15791213,15791213,ok,0,pass
41352671212112,RV32_ISS,24594018,24594018,ok,0,pass
41352671212121,RV32_ISS,25354358,25354358,ok,0,pass
41352671222111,RV32_ISS,25508454,25508454,ok,0,pass
41357622313112,RV32_ISS,14172037,14172037,ok,0,pass
41367253111133,RV32_ISS,23275046,23275046,ok,0,pass
41532672313211,RV32_ISS,31351374,31351374,ok,0,pass
41532761233133,RV32_ISS,20778083,20778083,ok,0,pass
41563273113311,RV32_ISS,18646495,18646495,ok,0,pass
41576322212222,RV32_ISS,22945763,22945763,ok,0,pass
41625372313211,RV32_ISS,49633262,49633262,ok,0,pass
41625373121213,RV32_ISS,17442160,17442160,ok,0,pass
41625731222231,RV32_ISS,20247397,20247397,ok,0,pass
41635721212121,RV32_ISS,29705021,29705021,ok,0,pass
41657321222312,RV32_ISS,18618577,18618577,ok,0,pass
41673252212222,RV32_ISS,24217072,24217072,ok,0,pass
41673521111111,RV32_ISS,19797434,19797434,ok,0,pass
41723562313211,RV32_ISS,18885629,18885629,ok,0,pass
41725361232113,RV32_ISS,21328842,21328842,ok,0,pass
41725361321213,RV32_ISS,25708191,25708191,ok,0,pass
41725362221213,RV32_ISS,22005560,22005560,ok,0,pass
41725362313211,RV32_ISS,23844011,23844011,ok,0,pass
41725362313223,RV32_ISS,23895779,23895779,ok,0,pass
41725363121222,RV32_ISS,20502750,20502750,ok,0,pass
41725363121231,RV32_ISS,19620311,19620311,ok,0,pass
41725631111111,RV32_ISS,23595388,23595388,ok,0,pass
41725631211122,RV32_ISS,18320008,18320008,ok,0,pass
41725632322331,RV32_ISS,16012649,16012649,ok,0,pass
41725633111133,RV32_ISS,17333884,17333884,ok,0,pass
41725633121123,RV32_ISS,16703924,16703924,ok,0,pass
41725633211111,RV32_ISS,19111216,19111216,ok,0,pass
41726352313322,RV32_ISS,18183193,18183193,ok,0,pass
41726532312233,RV32_ISS,22549339,22549339,ok,0,pass
41735261323313,RV32_ISS,22593738,22593738,ok,0,pass
41735262312233,RV32_ISS,21221826,21221826,ok,0,pass
41735263123223,RV32_ISS,17058114,17058114,ok,0,pass
41735621233232,RV32_ISS,17673593,17673593,ok,0,pass
41735622313322,RV32_ISS,20704677,20704677,ok,0,pass
41736521233232,RV32_ISS,21227422,21227422,ok,0,pass
41736522332231,RV32_ISS,16478780,16478780,ok,0,pass
41752631222123,RV32_ISS,15591099,15591099,ok,0,pass
41752632311123,RV32_ISS,17081121,17081121,ok,0,pass
41752632312323,RV32_ISS,15697013,15697013,ok,0,pass
41752632313211,RV32_ISS,58951283,58951283,ok,0,pass
41756231321213,RV32_ISS,24624682,24624682,ok,0,pass
41756233121231,RV32_ISS,19208738,19208738,ok,0,pass
41762532221333,RV32_ISS,21444115,21444115,ok,0,pass
41762533123331,RV32_ISS,19699877,19699877,ok,0,pass
41765231233232,RV32_ISS,17493353,17493353,ok,0,pass
41765322221312,RV32_ISS,15932415,15932415,ok,0,pass
41765322313211,RV32_ISS,34403254,34403254,ok,0,pass
41765323122212,RV32_ISS,16800166,16800166,ok,0,pass
42136752131312,RV32_ISS,22831309,22831309,ok,0,pass
42137561123333,RV32_ISS,21580545,21580545,ok,0,pass
42137653122131,RV32_ISS,16325895,16325895,ok,0,pass
42137653132121,RV32_ISS,13769476,13769476,ok,0,pass
42157633231322,RV32_ISS,21720634,21720634,ok,0,pass
42163751121212,RV32_ISS,25123064,25123064,ok,0,pass
42165373223123,RV32_ISS,13659830,13659830,ok,0,pass
42167532131333,RV32_ISS,23436895,23436895,ok,0,pass
42315673112111,RV32_ISS,14658813,14658813,ok,0,pass
42351671212211,RV32_ISS,21224233,21224233,ok,0,pass
42351763231133,RV32_ISS,31053102,31053102,ok,0,pass
42367153111121,RV32_ISS,15033693,15033693,ok,0,pass
42367153211123,RV32_ISS,16511527,16511527,ok,0,pass
42516372233111,RV32_ISS,20567002,20567002,ok,0,pass
42561733323122,RV32_ISS,14535086,14535086,ok,0,pass
42573612323231,RV32_ISS,18061650,18061650,ok,0,pass
42573613322231,RV32_ISS,16742246,16742246,ok,0,pass
42613572313211,RV32_ISS,18858722,18858722,ok,0,pass
42615371313332,RV32_ISS,30220733,30220733,ok,0,pass
42615372213311,RV32_ISS,24094553,24094553,ok,0,pass
42615372221213,RV32_ISS,21995164,21995164,ok,0,pass
42615372313211,RV32_ISS,24594111,24594111,ok,0,pass
42651372213311,RV32_ISS,15968008,15968008,ok,0,pass
42651733311122,RV32_ISS,20093601,20093601,ok,0,pass
42673512232133,RV32_ISS,22060510,22060510,ok,0,pass
42751632321233,RV32_ISS,21421778,21421778,ok,0,pass
42751632323231,RV32_ISS,17109450,17109450,ok,0,pass
43126572133313,RV32_ISS,23068494,23068494,ok,0,pass
43167251232212,RV32_ISS,19464648,19464648,ok,0,pass
43176252123131,RV32_ISS,16253530,16253530,ok,0,pass
43176252311132,RV32_ISS,17288878,17288878,ok,0,pass
43216573132121,RV32_ISS,14393741,14393741,ok,0,pass
43216573132223,RV32_ISS,16139919,16139919,ok,0,pass
43216573212311,RV32_ISS,15825825,15825825,ok,0,pass
43216573212332,RV32_ISS,22739872,22739872,ok,0,pass
43512671313332,RV32_ISS,18217154,18217154,ok,0,pass
43527612312323,RV32_ISS,15366581,15366581,ok,0,pass
43561271111111,RV32_ISS,17356714,17356714,ok,0,pass
43571262122222,RV32_ISS,22115808,22115808,ok,0,pass
43572161111111,RV32_ISS,20741561,20741561,ok,0,pass
43572612312323,RV32_ISS,18164965,18164965,ok,0,pass
43576211123222,RV32_ISS,19298265,19298265,ok,0,pass
43576212112232,RV32_ISS,24229462,24229462,ok,0,pass
43615271333312,RV32_ISS,16418866,16418866,ok,0,pass
43615272113321,RV32_ISS,18245048,18245048,ok,0,pass
43617521223221,RV32_ISS,23898819,23898819,ok,0,pass
43621752213323,RV32_ISS,24009698,24009698,ok,0,pass
43651722323132,RV32_ISS,17476712,17476712,ok,0,pass
43675122222122,RV32_ISS,27312445,27312445,ok,0,pass
43675211221331,RV32_ISS,18331586,18331586,ok,0,pass
43721653231313,RV32_ISS,21067664,21067664,ok,0,pass
43751623123313,RV32_ISS,21294415,21294415,ok,0,pass
43765212222122,RV32_ISS,26712592,26712592,ok,0,pass
45167323322231,RV32_ISS,17559688,17559688,ok,0,pass
45176231131313,RV32_ISS,37806561,37806561,ok,0,pass
45176231133113,RV32_ISS,37696924,37696924,ok,0,pass
45176231331113,RV32_ISS,36606768,36606768,ok,0,pass
45176233131113,RV32_ISS,38825272,38825272,ok,0,pass
45176321131133,RV32_ISS,32135232,32135232,ok,0,pass
45213672221123,RV32_ISS,20427455,20427455,ok,0,pass
45273162222122,RV32_ISS,23684917,23684917,ok,0,pass
45276131131133,RV32_ISS,28070415,28070415,ok,0,pass
45312671222312,RV32_ISS,15386645,15386645,ok,0,pass
45312672223331,RV32_ISS,17172397,17172397,ok,0,pass
45312672233321,RV32_ISS,16063589,16063589,ok,0,pass
45312672313211,RV32_ISS,50536990,50536990,ok,0,pass
45312673132313,RV32_ISS,27596020,27596020,ok,0,pass
45312673222112,RV32_ISS,15302523,15302523,ok,0,pass
45312673231313,RV32_ISS,27230032,27230032,ok,0,pass
45312761113211,RV32_ISS,17658167,17658167,ok,0,pass
45312761133311,RV32_ISS,16864464,16864464,ok,0,pass
45312762221111,RV32_ISS,20671783,20671783,ok,0,pass
45312762311111,RV32_ISS,16931699,16931699,ok,0,pass
45321671212211,RV32_ISS,18491435,18491435,ok,0,pass
45321671221121,RV32_ISS,18476237,18476237,ok,0,pass
45321673113311,RV32_ISS,30656022,30656022,ok,0,pass
45327612222323,RV32_ISS,19736660,19736660,ok,0,pass
45362712122222,RV32_ISS,23421134,23421134,ok,0,pass
45367122223133,RV32_ISS,20053468,20053468,ok,0,pass
45367211111132,RV32_ISS,17818824,17818824,ok,0,pass
45367211211122,RV32_ISS,18864736,18864736,ok,0,pass
45367213111133,RV32_ISS,19152425,19152425,ok,0,pass
45376121131133,RV32_ISS,29683363,29683363,ok,0,pass
45376121331311,RV32_ISS,21708659,21708659,ok,0,pass
45376211333123,RV32_ISS,17566563,17566563,ok,0,pass
45376213131323,RV32_ISS,27885935,27885935,ok,0,pass
45376213333322,RV32_ISS,16280002,16280002,ok,0,pass
45612371133221,RV32_ISS,18489859,18489859,ok,0,pass
45612372331121,RV32_ISS,15608607,15608607,ok,0,pass
45612373112231,RV32_ISS,16015027,16015027,ok,0,pass
45612373132121,RV32_ISS,15285878,15285878,ok,0,pass
45612373132223,RV32_ISS,16855711,16855711,ok,0,pass
45612373322111,RV32_ISS,14786609,14786609,ok,0,pass
45612373332122,RV32_ISS,15759142,15759142,ok,0,pass
45612373332221,RV32_ISS,15893077,15893077,ok,0,pass
45613271331221,RV32_ISS,18004383,18004383,ok,0,pass
45613272233111,RV32_ISS,22691059,22691059,ok,0,pass
45621373123331,RV32_ISS,19832397,19832397,ok,0,pass
45621373211111,RV32_ISS,24761289,24761289,ok,0,pass
45621732212123,RV32_ISS,20666940,20666940,ok,0,pass
45621732233333,RV32_ISS,19801809,19801809,ok,0,pass
45623712332123,RV32_ISS,14533319,14533319,ok,0,pass
45623713322321,RV32_ISS,13921522,13921522,ok,0,pass
45637123132121,RV32_ISS,16007360,16007360,ok,0,pass
45637123332122,RV32_ISS,14026930,14026930,ok,0,pass
45671231132231,RV32_ISS,14249380,14249380,ok,0,pass
45671233112132,RV32_ISS,15317256,15317256,ok,0,pass
45673212212132,RV32_ISS,18410170,18410170,ok,0,pass
45673213211222,RV32_ISS,18809630,18809630,ok,0,pass
45713623223132,RV32_ISS,15165376,15165376,ok,0,pass
45721363321313,RV32_ISS,17618247,17618247,ok,0,pass
45721363322231,RV32_ISS,17004645,17004645,ok,0,pass
45732612233321,RV32_ISS,15327227,15327227,ok,0,pass
45736121122211,RV32_ISS,24900671,24900671,ok,0,pass
46123571111111,RV32_ISS,18663393,18663393,ok,0,pass
46123573232123,RV32_ISS,22823339,22823339,ok,0,pass
46125731333123,RV32_ISS,18313111,18313111,ok,0,pass
46127351131313,RV32_ISS,22995203,22995203,ok,0,pass
46127352131333,RV32_ISS,25859420,25859420,ok,0,pass
46127353131323,RV32_ISS,27804833,27804833,ok,0,pass
46135272133313,RV32_ISS,21717009,21717009,ok,0,pass
46153273131131,RV32_ISS,26286870,26286870,ok,0,pass
46157233333232,RV32_ISS,16042454,16042454,ok,0,pass
46157321331233,RV32_ISS,19145634,19145634,ok,0,pass
46215372121223,RV32_ISS,16970435,16970435,ok,0,pass
46215372313211,RV32_ISS,29443388,29443388,ok,0,pass
46257132211133,RV32_ISS,20883766,20883766,ok,0,pass
46257313312211,RV32_ISS,32661531,32661531,ok,0,pass
46273512122312,RV32_ISS,17006663,17006663,ok,0,pass
46273513221212,RV32_ISS,16176318,16176318,ok,0,pass
46275311123222,RV32_ISS,19838272,19838272,ok,0,pass
46275312112232,RV32_ISS,24921070,24921070,ok,0,pass
46275312132212,RV32_ISS,21982899,21982899,ok,0,pass
46275312232133,RV32_ISS,19360203,19360203,ok,0,pass
46275312313211,RV32_ISS,23679663,23679663,ok,0,pass
46275313121222,RV32_ISS,20386117,20386117,ok,0,pass
46275313312211,RV32_ISS,23552003,23552003,ok,0,pass
46321752111131,RV32_ISS,17984915,17984915,ok,0,pass
46352171211233,RV32_ISS,14683167,14683167,ok,0,pass
46352172113231,RV32_ISS,13608650,13608650,ok,0,pass
46372511221331,RV32_ISS,19852678,19852678,ok,0,pass
46375211211332,RV32_ISS,14749847,14749847,ok,0,pass
46375212113111,RV32_ISS,16200272,16200272,ok,0,pass
46375212132131,RV32_ISS,14712031,14712031,ok,0,pass
46375212132221,RV32_ISS,16231966,16231966,ok,0,pass
46375212332222,RV32_ISS,15866588,15866588,ok,0,pass
46375213112111,RV32_ISS,20094741,20094741,ok,0,pass
46375213123121,RV32_ISS,18330630,18330630,ok,0,pass
46375213333121,RV32_ISS,14924646,14924646,ok,0,pass
46512371331221,RV32_ISS,19308087,19308087,ok,0,pass
46512372113321,RV32_ISS,21036348,21036348,ok,0,pass
46513272332111,RV32_ISS,15549759,15549759,ok,0,pass
46513273113221,RV32_ISS,15487634,15487634,ok,0,pass
46523711331332,RV32_ISS,18471804,18471804,ok,0,pass
46527133111121,RV32_ISS,15050842,15050842,ok,0,pass
46572311223122,RV32_ISS,19738530,19738530,ok,0,pass
46572312132122,RV32_ISS,16101334,16101334,ok,0,pass
46721533123313,RV32_ISS,20529998,20529998,ok,0,pass
47123562232133,RV32_ISS,22458098,22458098,ok,0,pass
47123651233232,RV32_ISS,16622118,16622118,ok,0,pass
47126351233232,RV32_ISS,22629288,22629288,ok,0,pass
47126532133133,RV32_ISS,18981183,18981183,ok,0,pass
47132562311111,RV32_ISS,18171804,18171804,ok,0,pass
47132563222331,RV32_ISS,24264631,24264631,ok,0,pass
47132652233321,RV32_ISS,18111894,18111894,ok,0,pass
47135622132332,RV32_ISS,16984723,16984723,ok,0,pass
47136252133112,RV32_ISS,23974937,23974937,ok,0,pass
47152361233232,RV32_ISS,14987686,14987686,ok,0,pass
47152631322131,RV32_ISS,19268593,19268593,ok,0,pass
47156231332313,RV32_ISS,19349098,19349098,ok,0,pass
47156233211132,RV32_ISS,18501100,18501100,ok,0,pass
47156233223312,RV32_ISS,15963230,15963230,ok,0,pass
47156233233113,RV32_ISS,18854910,18854910,ok,0,pass
47156233322312,RV32_ISS,15325670,15325670,ok,0,pass
47156321111111,RV32_ISS,19504444,19504444,ok,0,pass
47156321133311,RV32_ISS,19716518,19716518,ok,0,pass
47156322132311,RV32_ISS,16720260,16720260,ok,0,pass
47156322313232,RV32_ISS,15444570,15444570,ok,0,pass
47156322332132,RV32_ISS,14412559,14412559,ok,0,pass
47156322332312,RV32_ISS,15065821,15065821,ok,0,pass
47156323223123,RV32_ISS,16606687,16606687,ok,0,pass
47162351322122,RV32_ISS,16888407,16888407,ok,0,pass
47163522131222,RV32_ISS,16167068,16167068,ok,0,pass
47165321232113,RV32_ISS,21921083,21921083,ok,0,pass
47165321322131,RV32_ISS,31890520,31890520,ok,0,pass
47165322132212,RV32_ISS,21965832,21965832,ok,0,pass
47165322133112,RV32_ISS,25059659,25059659,ok,0,pass
47165322232133,RV32_ISS,18877225,18877225,ok,0,pass
47165322313211,RV32_ISS,24705907,24705907,ok,0,pass
47216352131333,RV32_ISS,26348855,26348855,ok,0,pass
47251363131113,RV32_ISS,25557978,25557978,ok,0,pass
47251632131312,RV32_ISS,21826079,21826079,ok,0,pass
47256133212311,RV32_ISS,16683624,16683624,ok,0,pass
47256133321232,RV32_ISS,16474129,16474129,ok,0,pass
47265312122222,RV32_ISS,17716075,17716075,ok,0,pass
47265312131312,RV32_ISS,18467227,18467227,ok,0,pass
47265312313211,RV32_ISS,49561945,49561945,ok,0,pass
47321651311133,RV32_ISS,18514782,18514782,ok,0,pass
47352612123131,RV32_ISS,15908240,15908240,ok,0,pass
47352612311132,RV32_ISS,16385297,16385297,ok,0,pass
47352612313211,RV32_ISS,30987349,30987349,ok,0,pass
47512632312323,RV32_ISS,15731560,15731560,ok,0,pass
47621532232331,RV32_ISS,14424951,14424951,ok,0,pass
47621533231121,RV32_ISS,15058672,15058672,ok,0,pass
47632152233321,RV32_ISS,15312102,15312102,ok,0,pass
47632153212311,RV32_ISS,18822985,18822985,ok,0,pass
47632153232321,RV32_ISS,17319030,17319030,ok,0,pass
47632513212332,RV32_ISS,24239185,24239185,ok,0,pass
47652132231323,RV32_ISS,18798218,18798218,ok,0,pass
47653213211231,RV32_ISS,23496946,23496946,ok,0,pass
47653213232111,RV32_ISS,13753795,13753795,ok,0,pass
51264731113322,RV32_ISS,15925338,15925338,ok,0,pass
51264732213311,RV32_ISS,15017186,15017186,ok,0,pass
51267342312233,RV32_ISS,26500228,26500228,ok,0,pass
51324671211122,RV32_ISS,17282150,17282150,ok,0,pass
51324672212111,RV32_ISS,22327757,22327757,ok,0,pass
51324673113311,RV32_ISS,26311064,26311064,ok,0,pass
51324761111123,RV32_ISS,19434616,19434616,ok,0,pass
51324763113332,RV32_ISS,18712851,18712851,ok,0,pass
51342672212111,RV32_ISS,21305957,21305957,ok,0,pass
51342763312223,RV32_ISS,37775959,37775959,ok,0,pass
51367241211113,RV32_ISS,15279920,15279920,ok,0,pass
51423671221331,RV32_ISS,16156004,16156004,ok,0,pass
51426731111111,RV32_ISS,19021811,19021811,ok,0,pass
51426733312211,RV32_ISS,17251621,17251621,ok,0,pass
51472361131313,RV32_ISS,22941235,22941235,ok,0,pass
51472633331312,RV32_ISS,21767352,21767352,ok,0,pass
51623471321111,RV32_ISS,13834235,13834235,ok,0,pass
51623743313321,RV32_ISS,20321584,20321584,ok,0,pass
51624731312123,RV32_ISS,19704287,19704287,ok,0,pass
51624733323113,RV32_ISS,21473826,21473826,ok,0,pass
51632741323232,RV32_ISS,15358846,15358846,ok,0,pass
51642371122313,RV32_ISS,20655436,20655436,ok,0,pass
51642731113322,RV32_ISS,22541893,22541893,ok,0,pass
51647231113232,RV32_ISS,14781079,14781079,ok,0,pass
51723643131311,RV32_ISS,21665709,21665709,ok,0,pass
51724362122222,RV32_ISS,18777198,18777198,ok,0,pass
51724363121213,RV32_ISS,18438307,18438307,ok,0,pass
51726433123313,RV32_ISS,21862022,21862022,ok,0,pass
51732643121213,RV32_ISS,22852163,22852163,ok,0,pass
51742632323231,RV32_ISS,18070902,18070902,ok,0,pass
51742632323333,RV32_ISS,19621306,19621306,ok,0,pass
52134761232113,RV32_ISS,17348759,17348759,ok,0,pass
52147631121311,RV32_ISS,17566749,17566749,ok,0,pass
52147631131211,RV32_ISS,18338217,18338217,ok,0,pass
52147631211131,RV32_ISS,15778527,15778527,ok,0,pass
52147631311121,RV32_ISS,16110248,16110248,ok,0,pass
52147632111113,RV32_ISS,17432901,17432901,ok,0,pass
52147633111112,RV32_ISS,22474715,22474715,ok,0,pass
52163471112122,RV32_ISS,18242401,18242401,ok,0,pass
52163471213111,RV32_ISS,15670786,15670786,ok,0,pass
52163471312111,RV32_ISS,15458055,15458055,ok,0,pass
52163471333123,RV32_ISS,14291591,14291591,ok,0,pass
52163472111311,RV32_ISS,15612302,15612302,ok,0,pass
52163472131222,RV32_ISS,15338970,15338970,ok,0,pass
52163473111211,RV32_ISS,16547430,16547430,ok,0,pass
52163473111331,RV32_ISS,16349487,16349487,ok,0,pass
52163473221323,RV32_ISS,15330624,15330624,ok,0,pass
52163473323332,RV32_ISS,26301862,26301862,ok,0,pass
52167342121232,RV32_ISS,21654339,21654339,ok,0,pass
52167432121313,RV32_ISS,19480635,19480635,ok,0,pass
52167432122222,RV32_ISS,23800689,23800689,ok,0,pass
52167432131213,RV32_ISS,20721883,20721883,ok,0,pass
52167433133333,RV32_ISS,23001753,23001753,ok,0,pass
52167433331333,RV32_ISS,19737986,19737986,ok,0,pass
52174633223123,RV32_ISS,20466584,20466584,ok,0,pass
52314673311311,RV32_ISS,32445988,32445988,ok,0,pass
52314761322122,RV32_ISS,18435476,18435476,ok,0,pass
52341671111111,RV32_ISS,51682691,51682691,ok,0,pass
52341671122211,RV32_ISS,18879032,18879032,ok,0,pass
52341671311313,RV32_ISS,15331190,15331190,ok,0,pass
52341672211112,RV32_ISS,19066571,19066571,ok,0,pass
52341672232313,RV32_ISS,17713003,17713003,ok,0,pass
52341672323222,RV32_ISS,19290603,19290603,ok,0,pass
52341672323312,RV32_ISS,25360580,25360580,ok,0,pass
52341673133111,RV32_ISS,16263847,16263847,ok,0,pass
52341673232213,RV32_ISS,17357934,17357934,ok,0,pass
52341673232333,RV32_ISS,15481433,15481433,ok,0,pass
52341673323212,RV32_ISS,24914418,24914418,ok,0,pass
52361472121313,RV32_ISS,23594190,23594190,ok,0,pass
52361472131312,RV32_ISS,19506996,19506996,ok,0,pass
52367142211121,RV32_ISS,19937271,19937271,ok,0,pass
52367412322232,RV32_ISS,16738801,16738801,ok,0,pass
52374161112323,RV32_ISS,17303693,17303693,ok,0,pass
52376413222223,RV32_ISS,18705440,18705440,ok,0,pass
52463173212332,RV32_ISS,22381400,22381400,ok,0,pass
52463713212332,RV32_ISS,22471370,22471370,ok,0,pass
52471631223113,RV32_ISS,16842862,16842862,ok,0,pass
52471631323112,RV32_ISS,17272779,17272779,ok,0,pass
52614372313211,RV32_ISS,27985547,27985547,ok,0,pass
52641733212311,RV32_ISS,16358548,16358548,ok,0,pass
52641733232321,RV32_ISS,16654411,16654411,ok,0,pass
52673413232123,RV32_ISS,15546527,15546527,ok,0,pass
52713461232323,RV32_ISS,15347628,15347628,ok,0,pass
52714361232113,RV32_ISS,25353658,25353658,ok,0,pass
52714633213223,RV32_ISS,16640698,16640698,ok,0,pass
52714633223123,RV32_ISS,16660329,16660329,ok,0,pass
52731641233112,RV32_ISS,14654611,14654611,ok,0,pass
52731641323112,RV32_ISS,14128700,14128700,ok,0,pass
52736141322233,RV32_ISS,16640607,16640607,ok,0,pass
52741362313211,RV32_ISS,19220590,19220590,ok,0,pass
52741362313223,RV32_ISS,21868210,21868210,ok,0,pass
52741632122333,RV32_ISS,24591304,24591304,ok,0,pass
52741632123323,RV32_ISS,30375614,30375614,ok,0,pass
52741632212213,RV32_ISS,25725133,25725133,ok,0,pass
52741632212231,RV32_ISS,26748915,26748915,ok,0,pass
52741632232211,RV32_ISS,24928383,24928383,ok,0,pass
52741633221233,RV32_ISS,24532677,24532677,ok,0,pass
52741633313312,RV32_ISS,24206493,24206493,ok,0,pass
52741633313321,RV32_ISS,26091163,26091163,ok,0,pass
52741633321223,RV32_ISS,28859841,28859841,ok,0,pass
52741633323311,RV32_ISS,25223682,25223682,ok,0,pass
52743611111213,RV32_ISS,16752226,16752226,ok,0,pass
52743611111312,RV32_ISS,20693372,20693372,ok,0,pass
52743611112131,RV32_ISS,16742444,16742444,ok,0,pass
52743611113121,RV32_ISS,21048956,21048956,ok,0,pass
52743612131111,RV32_ISS,15960870,15960870,ok,0,pass
52743613121111,RV32_ISS,19328556,19328556,ok,0,pass
52761431111213,RV32_ISS,16628508,16628508,ok,0,pass
52761431111312,RV32_ISS,16740940,16740940,ok,0,pass
52761431112131,RV32_ISS,17422381,17422381,ok,0,pass
52761431113121,RV32_ISS,17657567,17657567,ok,0,pass
52761432131111,RV32_ISS,16961578,16961578,ok,0,pass
52761433121111,RV32_ISS,16291817,16291817,ok,0,pass
52763143222331,RV32_ISS,25711418,25711418,ok,0,pass
52763411222312,RV32_ISS,34041172,34041172,ok,0,pass
52763411333123,RV32_ISS,23169637,23169637,ok,0,pass
52763413222112,RV32_ISS,35206863,35206863,ok,0,pass
52763413223312,RV32_ISS,35112724,35112724,ok,0,pass
52763413322312,RV32_ISS,34078715,34078715,ok,0,pass
53126471231231,RV32_ISS,20772914,20772914,ok,0,pass
53126471231321,RV32_ISS,16604964,16604964,ok,0,pass
53126471321321,RV32_ISS,17766818,17766818,ok,0,pass
53146272123233,RV32_ISS,23487328,23487328,ok,0,pass
53147262123131,RV32_ISS,16351751,16351751,ok,0,pass
53162743312223,RV32_ISS,38279776,38279776,ok,0,pass
53274163211222,RV32_ISS,21271303,21271303,ok,0,pass
53421671321111,RV32_ISS,21857128,21857128,ok,0,pass
53421671321231,RV32_ISS,14566485,14566485,ok,0,pass
53426171112233,RV32_ISS,16851997,16851997,ok,0,pass
53462711113322,RV32_ISS,21961457,21961457,ok,0,pass
53467211321111,RV32_ISS,13902087,13902087,ok,0,pass
53476121323112,RV32_ISS,18144279,18144279,ok,0,pass
53476121323322,RV32_ISS,18686047,18686047,ok,0,pass
53614721212121,RV32_ISS,23146598,23146598,ok,0,pass
53621471331221,RV32_ISS,15205355,15205355,ok,0,pass
53642171111111,RV32_ISS,18766290,18766290,ok,0,pass
53672142221213,RV32_ISS,31334680,31334680,ok,0,pass
53714622233111,RV32_ISS,25777191,25777191,ok,0,pass
53721463223312,RV32_ISS,19178453,19178453,ok,0,pass
53724612121112,RV32_ISS,22798011,22798011,ok,0,pass
53726143333121,RV32_ISS,16391726,16391726,ok,0,pass
53741621323112,RV32_ISS,16837399,16837399,ok,0,pass
53741621332112,RV32_ISS,17363261,17363261,ok,0,pass
53742612323333,RV32_ISS,19932360,19932360,ok,0,pass
53761242121211,RV32_ISS,22601009,22601009,ok,0,pass
53761242221213,RV32_ISS,23928794,23928794,ok,0,pass
53761242321212,RV32_ISS,22428094,22428094,ok,0,pass
53762143222331,RV32_ISS,19121642,19121642,ok,0,pass
53762413322123,RV32_ISS,20963832,20963832,ok,0,pass
54123673233323,RV32_ISS,18283747,18283747,ok,0,pass
54126371331221,RV32_ISS,15458032,15458032,ok,0,pass
54127632131213,RV32_ISS,22255330,22255330,ok,0,pass
54127632222212,RV32_ISS,21115068,21115068,ok,0,pass
54127633131212,RV32_ISS,22236171,22236171,ok,0,pass
54127633133333,RV32_ISS,23302838,23302838,ok,0,pass
54127633333313,RV32_ISS,21660537,21660537,ok,0,pass
54163271133221,RV32_ISS,17144716,17144716,ok,0,pass
54163272233111,RV32_ISS,22334154,22334154,ok,0,pass
54167231121113,RV32_ISS,15550046,15550046,ok,0,pass
54167231131112,RV32_ISS,15775502,15775502,ok,0,pass
54167231221211,RV32_ISS,16825785,16825785,ok,0,pass
54167231333213,RV32_ISS,15576208,15576208,ok,0,pass
54167232112112,RV32_ISS,16722112,16722112,ok,0,pass
54167232133313,RV32_ISS,17736474,17736474,ok,0,pass
54167232333113,RV32_ISS,15482941,15482941,ok,0,pass
54167233232333,RV32_ISS,19978633,19978633,ok,0,pass
54167233331213,RV32_ISS,17630308,17630308,ok,0,pass
54172633132313,RV32_ISS,21778587,21778587,ok,0,pass
54217362233213,RV32_ISS,35911354,35911354,ok,0,pass
54217632132212,RV32_ISS,32118816,32118816,ok,0,pass
54231671123111,RV32_ISS,16682938,16682938,ok,0,pass
54231673123121,RV32_ISS,14607740,14607740,ok,0,pass
54261373123121,RV32_ISS,15844437,15844437,ok,0,pass
54261732231233,RV32_ISS,19590750,19590750,ok,0,pass
54276132233312,RV32_ISS,19073236,19073236,ok,0,pass
54312671131331,RV32_ISS,16403595,16403595,ok,0,pass
54312672212111,RV32_ISS,17949647,17949647,ok,0,pass
54312673311311,RV32_ISS,30514901,30514901,ok,0,pass
54317261113112,RV32_ISS,14676237,14676237,ok,0,pass
54317621111222,RV32_ISS,19234458,19234458,ok,0,pass
54321672212213,RV32_ISS,26007612,26007612,ok,0,pass
54321672212231,RV32_ISS,24351899,24351899,ok,0,pass
54321672232211,RV32_ISS,25447376,25447376,ok,0,pass
54321673313312,RV32_ISS,36879079,36879079,ok,0,pass
54321673313321,RV32_ISS,37899044,37899044,ok,0,pass
54321673323311,RV32_ISS,37774922,37774922,ok,0,pass
54321761211221,RV32_ISS,15919636,15919636,ok,0,pass
54321763113113,RV32_ISS,21527668,21527668,ok,0,pass
54326171111231,RV32_ISS,21657122,21657122,ok,0,pass
54326171112233,RV32_ISS,15362234,15362234,ok,0,pass
54326171321231,RV32_ISS,15613290,15613290,ok,0,pass
54326711112212,RV32_ISS,19914637,19914637,ok,0,pass
54327612223232,RV32_ISS,17409246,17409246,ok,0,pass
54361272223232,RV32_ISS,17750568,17750568,ok,0,pass
54362171113133,RV32_ISS,18487529,18487529,ok,0,pass
54362711111231,RV32_ISS,14792674,14792674,ok,0,pass
54362711323112,RV32_ISS,18057525,18057525,ok,0,pass
54367121112212,RV32_ISS,21964122,21964122,ok,0,pass
54367121113211,RV32_ISS,18114241,18114241,ok,0,pass
54367121113331,RV32_ISS,25037249,25037249,ok,0,pass
54367122211121,RV32_ISS,20083976,20083976,ok,0,pass
54367122311111,RV32_ISS,18138107,18138107,ok,0,pass
54367123311113,RV32_ISS,18072525,18072525,ok,0,pass
54367211132222,RV32_ISS,24504646,24504646,ok,0,pass
54367211213333,RV32_ISS,30618836,30618836,ok,0,pass
54367211222132,RV32_ISS,24988110,24988110,ok,0,pass
54367211333213,RV32_ISS,26607322,26607322,ok,0,pass
54367212211322,RV32_ISS,30430456,30430456,ok,0,pass
54367212231122,RV32_ISS,25918352,25918352,ok,0,pass
54367212233213,RV32_ISS,24918474,24918474,ok,0,pass
54367212332213,RV32_ISS,25598003,25598003,ok,0,pass
54367212333113,RV32_ISS,26841838,26841838,ok,0,pass
54367213112222,RV32_ISS,28882715,28882715,ok,0,pass
54367213312133,RV32_ISS,28294494,28294494,ok,0,pass
54371261113331,RV32_ISS,18916864,18916864,ok,0,pass
54371621113112,RV32_ISS,22173685,22173685,ok,0,pass
54371621113322,RV32_ISS,15209628,15209628,ok,0,pass
54376121322233,RV32_ISS,17755501,17755501,ok,0,pass
54376211111132,RV32_ISS,18241782,18241782,ok,0,pass
54376211111222,RV32_ISS,16825350,16825350,ok,0,pass
54376211113133,RV32_ISS,19029200,19029200,ok,0,pass
54612371112311,RV32_ISS,26987303,26987303,ok,0,pass
54612372222131,RV32_ISS,19891180,19891180,ok,0,pass
54612732112223,RV32_ISS,18803850,18803850,ok,0,pass
54612733322213,RV32_ISS,19051839,19051839,ok,0,pass
54621371133311,RV32_ISS,17559165,17559165,ok,0,pass
54621372211121,RV32_ISS,19208317,19208317,ok,0,pass
54637211132111,RV32_ISS,14840892,14840892,ok,0,pass
54671232221213,RV32_ISS,20208679,20208679,ok,0,pass
54712361323313,RV32_ISS,19166409,19166409,ok,0,pass
54712362223322,RV32_ISS,20122203,20122203,ok,0,pass
54716232222113,RV32_ISS,19902758,19902758,ok,0,pass
54716321112323,RV32_ISS,19279784,19279784,ok,0,pass
54716322313223,RV32_ISS,15912298,15912298,ok,0,pass
54721631111111,RV32_ISS,61478872,61478872,ok,0,pass
54721631122121,RV32_ISS,18009452,18009452,ok,0,pass
54721631311133,RV32_ISS,17089966,17089966,ok,0,pass
54721632133232,RV32_ISS,16655919,16655919,ok,0,pass
54721632212222,RV32_ISS,17777905,17777905,ok,0,pass
54721632212231,RV32_ISS,15494149,15494149,ok,0,pass
54721633231322,RV32_ISS,16536724,16536724,ok,0,pass
54721633313321,RV32_ISS,17775108,17775108,ok,0,pass
54721633333331,RV32_ISS,15619630,15619630,ok,0,pass
54723612131312,RV32_ISS,24050800,24050800,ok,0,pass
54723612221222,RV32_ISS,19679985,19679985,ok,0,pass
54723612222212,RV32_ISS,20151127,20151127,ok,0,pass
54723613121312,RV32_ISS,22119888,22119888,ok,0,pass
54723613333313,RV32_ISS,22338042,22338042,ok,0,pass
54761233322321,RV32_ISS,17185356,17185356,ok,0,pass
54763212322232,RV32_ISS,16346659,16346659,ok,0,pass
56123471222312,RV32_ISS,23858829,23858829,ok,0,pass
56123471223221,RV32_ISS,22645335,22645335,ok,0,pass
56123471331332,RV32_ISS,28995429,28995429,ok,0,pass
56123471333123,RV32_ISS,24904467,24904467,ok,0,pass
56123472322121,RV32_ISS,23947581,23947581,ok,0,pass
56123472331331,RV32_ISS,22472093,22472093,ok,0,pass
56123473133132,RV32_ISS,26463416,26463416,ok,0,pass
56123473133231,RV32_ISS,22273688,22273688,ok,0,pass
56123473222112,RV32_ISS,23021146,23021146,ok,0,pass
56123473223312,RV32_ISS,22963931,22963931,ok,0,pass
56123473322312,RV32_ISS,23809708,23809708,ok,0,pass
56124371111231,RV32_ISS,14431106,14431106,ok,0,pass
56124371232323,RV32_ISS,19836393,19836393,ok,0,pass
56127433332323,RV32_ISS,17696806,17696806,ok,0,pass
56132472333332,RV32_ISS,17983677,17983677,ok,0,pass
56132473211111,RV32_ISS,17453555,17453555,ok,0,pass
56132473213211,RV32_ISS,17452088,17452088,ok,0,pass
56143273332323,RV32_ISS,21844964,21844964,ok,0,pass
56147231222132,RV32_ISS,38640007,38640007,ok,0,pass
56147231333213,RV32_ISS,23996666,23996666,ok,0,pass
56147232233213,RV32_ISS,25008565,25008565,ok,0,pass
56147232332213,RV32_ISS,25851448,25851448,ok,0,pass
56147232333113,RV32_ISS,25037087,25037087,ok,0,pass
56147322333233,RV32_ISS,22396490,22396490,ok,0,pass
56173421113112,RV32_ISS,14638195,14638195,ok,0,pass
56174232323333,RV32_ISS,19771911,19771911,ok,0,pass
56174321232113,RV32_ISS,24285914,24285914,ok,0,pass
56213471111111,RV32_ISS,20074928,20074928,ok,0,pass
56213743313333,RV32_ISS,23529628,23529628,ok,0,pass
56243173133111,RV32_ISS,21435576,21435576,ok,0,pass
56243713121333,RV32_ISS,21946933,21946933,ok,0,pass
56247132333233,RV32_ISS,18064302,18064302,ok,0,pass
56271433111313,RV32_ISS,24088734,24088734,ok,0,pass
56271433123313,RV32_ISS,23486326,23486326,ok,0,pass
56271433132313,RV32_ISS,24701894,24701894,ok,0,pass
56274132331133,RV32_ISS,19161911,19161911,ok,0,pass
56274312313211,RV32_ISS,28091300,28091300,ok,0,pass
56321473233323,RV32_ISS,16014585,16014585,ok,0,pass
56321742211112,RV32_ISS,23876690,23876690,ok,0,pass
56324171221331,RV32_ISS,15668223,15668223,ok,0,pass
56327411211332,RV32_ISS,15801811,15801811,ok,0,pass
56327413213112,RV32_ISS,15613947,15613947,ok,0,pass
56341273121213,RV32_ISS,22890275,22890275,ok,0,pass
56341273131212,RV32_ISS,20525545,20525545,ok,0,pass
56347122333233,RV32_ISS,20547252,20547252,ok,0,pass
56347211213111,RV32_ISS,16187285,16187285,ok,0,pass
56347211222132,RV32_ISS,16544928,16544928,ok,0,pass
56347211312111,RV32_ISS,15332395,15332395,ok,0,pass
56347211331131,RV32_ISS,14903927,14903927,ok,0,pass
56347212111221,RV32_ISS,26947218,26947218,ok,0,pass
56347212111311,RV32_ISS,20357477,20357477,ok,0,pass
56347212123233,RV32_ISS,18700931,18700931,ok,0,pass
56347212232223,RV32_ISS,17979748,17979748,ok,0,pass
56347213111211,RV32_ISS,19502469,19502469,ok,0,pass
56347213131332,RV32_ISS,17102995,17102995,ok,0,pass
56423171231231,RV32_ISS,14376496,14376496,ok,0,pass
56423171231321,RV32_ISS,17559761,17559761,ok,0,pass
56423171321321,RV32_ISS,15829205,15829205,ok,0,pass
56423172112121,RV32_ISS,18052216,18052216,ok,0,pass
56423173132121,RV32_ISS,16308085,16308085,ok,0,pass
56423173133111,RV32_ISS,17878438,17878438,ok,0,pass
56432713122122,RV32_ISS,18727260,18727260,ok,0,pass
56712341232113,RV32_ISS,16382135,16382135,ok,0,pass
56712343211123,RV32_ISS,17979678,17979678,ok,0,pass
56721343123331,RV32_ISS,19325392,19325392,ok,0,pass
56721432312233,RV32_ISS,22515796,22515796,ok,0,pass
56723411113313,RV32_ISS,16643765,16643765,ok,0,pass
56723411121113,RV32_ISS,16920948,16920948,ok,0,pass
56723411131112,RV32_ISS,15526807,15526807,ok,0,pass
56723411222312,RV32_ISS,15197928,15197928,ok,0,pass
56723412122312,RV32_ISS,14908916,14908916,ok,0,pass
56723412323222,RV32_ISS,16314489,16314489,ok,0,pass
56723413221212,RV32_ISS,15723746,15723746,ok,0,pass
56723413222112,RV32_ISS,15472523,15472523,ok,0,pass
56723413331111,RV32_ISS,15748687,15748687,ok,0,pass
56732143122113,RV32_ISS,21700488,21700488,ok,0,pass
56741231121311,RV32_ISS,16392325,16392325,ok,0,pass
56741231131211,RV32_ISS,21259924,21259924,ok,0,pass
56741231211131,RV32_ISS,20641220,20641220,ok,0,pass
56741231311121,RV32_ISS,15800025,15800025,ok,0,pass
56741232111113,RV32_ISS,18085804,18085804,ok,0,pass
56741233111112,RV32_ISS,17874575,17874575,ok,0,pass
56743212122222,RV32_ISS,19745486,19745486,ok,0,pass
56743212221222,RV32_ISS,23408719,23408719,ok,0,pass
56743213121213,RV32_ISS,24411767,24411767,ok,0,pass
56743213121312,RV32_ISS,21216513,21216513,ok,0,pass
56743213331333,RV32_ISS,23058301,23058301,ok,0,pass
57123461111111,RV32_ISS,19056545,19056545,ok,0,pass
57164322131312,RV32_ISS,17754939,17754939,ok,0,pass
57214361323232,RV32_ISS,14743024,14743024,ok,0,pass
57214632212213,RV32_ISS,31905821,31905821,ok,0,pass
57236141113232,RV32_ISS,16086531,16086531,ok,0,pass
57236141322233,RV32_ISS,15624129,15624129,ok,0,pass
57236141323232,RV32_ISS,22841344,22841344,ok,0,pass
57241631322113,RV32_ISS,14194850,14194850,ok,0,pass
57241631323112,RV32_ISS,13757250,13757250,ok,0,pass
57246131112233,RV32_ISS,17793145,17793145,ok,0,pass
57264132111323,RV32_ISS,19833437,19833437,ok,0,pass
57321641311112,RV32_ISS,16485519,16485519,ok,0,pass
57321642311132,RV32_ISS,16553277,16553277,ok,0,pass
57364212213311,RV32_ISS,22363988,22363988,ok,0,pass
57364212313211,RV32_ISS,18899706,18899706,ok,0,pass
57364213332122,RV32_ISS,14801666,14801666,ok,0,pass
57642311113322,RV32_ISS,16525583,16525583,ok,0,pass
61234572231323,RV32_ISS,18190364,18190364,ok,0,pass
61234573232213,RV32_ISS,16392408,16392408,ok,0,pass
61235741313131,RV32_ISS,28706232,28706232,ok,0,pass
61257343232123,RV32_ISS,16321568,16321568,ok,0,pass
61274351313131,RV32_ISS,21784566,21784566,ok,0,pass
61274532231323,RV32_ISS,17916900,17916900,ok,0,pass
61352472233321,RV32_ISS,15301801,15301801,ok,0,pass
61352472313211,RV32_ISS,30301493,30301493,ok,0,pass
61452731311313,RV32_ISS,22366939,22366939,ok,0,pass
61453721111111,RV32_ISS,19629156,19629156,ok,0,pass
61453721311112,RV32_ISS,15806947,15806947,ok,0,pass
61453723111121,RV32_ISS,15608748,15608748,ok,0,pass
61472532123332,RV32_ISS,17476529,17476529,ok,0,pass
61472533112111,RV32_ISS,14791242,14791242,ok,0,pass
61527431111111,RV32_ISS,20510612,20510612,ok,0,pass
61534272311132,RV32_ISS,20390191,20390191,ok,0,pass
61534721112311,RV32_ISS,17607984,17607984,ok,0,pass
61534721113211,RV32_ISS,16602567,16602567,ok,0,pass
61543271111111,RV32_ISS,21527997,21527997,ok,0,pass
61543271112311,RV32_ISS,18201223,18201223,ok,0,pass
61572432312323,RV32_ISS,16632364,16632364,ok,0,pass
61734523222331,RV32_ISS,22636742,22636742,ok,0,pass
62134572321323,RV32_ISS,21648503,21648503,ok,0,pass
62135471122121,RV32_ISS,17808511,17808511,ok,0,pass
62135472132131,RV32_ISS,15346564,15346564,ok,0,pass
62135473122131,RV32_ISS,14834105,14834105,ok,0,pass
62135473123121,RV32_ISS,19369098,19369098,ok,0,pass
62135473131131,RV32_ISS,17792852,17792852,ok,0,pass
62135473132121,RV32_ISS,17400840,17400840,ok,0,pass
62135473232231,RV32_ISS,16377842,16377842,ok,0,pass
62135473322321,RV32_ISS,17463416,17463416,ok,0,pass
62135743222331,RV32_ISS,18073891,18073891,ok,0,pass
62135743312223,RV32_ISS,30255200,30255200,ok,0,pass
62147353123121,RV32_ISS,16670871,16670871,ok,0,pass
62147353132121,RV32_ISS,14100508,14100508,ok,0,pass
62154733321121,RV32_ISS,14896179,14896179,ok,0,pass
62157342132212,RV32_ISS,21142303,21142303,ok,0,pass
62173543232132,RV32_ISS,16420027,16420027,ok,0,pass
62174351122133,RV32_ISS,22891022,22891022,ok,0,pass
62174533311212,RV32_ISS,20692844,20692844,ok,0,pass
62317453112111,RV32_ISS,14495515,14495515,ok,0,pass
62317453312211,RV32_ISS,23344942,23344942,ok,0,pass
62351743112123,RV32_ISS,26793644,26793644,ok,0,pass
62371453311311,RV32_ISS,20092424,20092424,ok,0,pass
62374511322311,RV32_ISS,14178265,14178265,ok,0,pass
62374513112321,RV32_ISS,16695170,16695170,ok,0,pass
62374513312112,RV32_ISS,13549201,13549201,ok,0,pass
62435172211133,RV32_ISS,24375457,24375457,ok,0,pass
62435172311132,RV32_ISS,26179526,26179526,ok,0,pass
62435711222222,RV32_ISS,16392346,16392346,ok,0,pass
62453713311122,RV32_ISS,20675195,20675195,ok,0,pass
62471532232133,RV32_ISS,17107048,17107048,ok,0,pass
62475131322323,RV32_ISS,16499856,16499856,ok,0,pass
62531472321233,RV32_ISS,18198288,18198288,ok,0,pass
62543711211113,RV32_ISS,17830526,17830526,ok,0,pass
62543711311112,RV32_ISS,15054011,15054011,ok,0,pass
62571432321233,RV32_ISS,22309252,22309252,ok,0,pass
62735143223213,RV32_ISS,19987061,19987061,ok,0,pass
63125741112323,RV32_ISS,30221234,30221234,ok,0,pass
63125743131233,RV32_ISS,16057956,16057956,ok,0,pass
63125743133312,RV32_ISS,17011829,17011829,ok,0,pass
63142571111111,RV32_ISS,18596208,18596208,ok,0,pass
63142571132321,RV32_ISS,25836263,25836263,ok,0,pass
63142573112123,RV32_ISS,25107858,25107858,ok,0,pass
63172452312323,RV32_ISS,14978451,14978451,ok,0,pass
63172452313211,RV32_ISS,30825727,30825727,ok,0,pass
63174522332132,RV32_ISS,16322566,16322566,ok,0,pass
63247511123132,RV32_ISS,15335661,15335661,ok,0,pass
63251743133231,RV32_ISS,23086249,23086249,ok,0,pass
63452711311313,RV32_ISS,17768219,17768219,ok,0,pass
63452712333221,RV32_ISS,16754487,16754487,ok,0,pass
63471522123131,RV32_ISS,18877790,18877790,ok,0,pass
63471522323132,RV32_ISS,20691695,20691695,ok,0,pass
63471522332132,RV32_ISS,16893601,16893601,ok,0,pass
63472512123332,RV32_ISS,18595021,18595021,ok,0,pass
63512743313333,RV32_ISS,24026431,24026431,ok,0,pass
63541271212211,RV32_ISS,28360457,28360457,ok,0,pass
63542713121333,RV32_ISS,26363026,26363026,ok,0,pass
63574212123131,RV32_ISS,16226814,16226814,ok,0,pass
63574212313211,RV32_ISS,26290947,26290947,ok,0,pass
63712542221111,RV32_ISS,17469926,17469926,ok,0,pass
63714252123131,RV32_ISS,20370992,20370992,ok,0,pass
63714521112323,RV32_ISS,19763889,19763889,ok,0,pass
63714522332132,RV32_ISS,14935791,14935791,ok,0,pass
63721541233322,RV32_ISS,17006657,17006657,ok,0,pass
63724153121213,RV32_ISS,23546958,23546958,ok,0,pass
63725141112323,RV32_ISS,29066521,29066521,ok,0,pass
63725141233121,RV32_ISS,19679505,19679505,ok,0,pass
63725142123131,RV32_ISS,26608693,26608693,ok,0,pass
63725142223133,RV32_ISS,24056312,24056312,ok,0,pass
63725143122113,RV32_ISS,22104966,22104966,ok,0,pass
63725143123313,RV32_ISS,31081338,31081338,ok,0,pass
63741252222323,RV32_ISS,18453092,18453092,ok,0,pass
63741522123131,RV32_ISS,19051891,19051891,ok,0,pass
63742511232221,RV32_ISS,18839354,18839354,ok,0,pass
63745123122212,RV32_ISS,16123132,16123132,ok,0,pass
63751242221321,RV32_ISS,22496025,22496025,ok,0,pass
63751423122311,RV32_ISS,19857877,19857877,ok,0,pass
63752141111111,RV32_ISS,24187284,24187284,ok,0,pass
63752141122211,RV32_ISS,20343829,20343829,ok,0,pass
63752141123213,RV32_ISS,15919206,15919206,ok,0,pass
63752142332132,RV32_ISS,14695529,14695529,ok,0,pass
63752143123223,RV32_ISS,15395933,15395933,ok,0,pass
63752143212323,RV32_ISS,15087321,15087321,ok,0,pass
63752143223123,RV32_ISS,17699742,17699742,ok,0,pass
63752411223212,RV32_ISS,15468063,15468063,ok,0,pass
63752411333213,RV32_ISS,26070560,26070560,ok,0,pass
63752412312323,RV32_ISS,20173738,20173738,ok,0,pass
63752412322112,RV32_ISS,16189822,16189822,ok,0,pass
63752412333113,RV32_ISS,26002184,26002184,ok,0,pass
63754213122122,RV32_ISS,16913637,16913637,ok,0,pass
64125371131313,RV32_ISS,26578942,26578942,ok,0,pass
64157321133212,RV32_ISS,35284135,35284135,ok,0,pass
64231572311132,RV32_ISS,19453815,19453815,ok,0,pass
64257131113223,RV32_ISS,17238300,17238300,ok,0,pass
64271533221212,RV32_ISS,18331490,18331490,ok,0,pass
64275131212223,RV32_ISS,20682123,20682123,ok,0,pass
64275131312123,RV32_ISS,19972685,19972685,ok,0,pass
64275132211133,RV32_ISS,24697006,24697006,ok,0,pass
64275132232133,RV32_ISS,23904467,23904467,ok,0,pass
64275133231112,RV32_ISS,22620839,22620839,ok,0,pass
64275133312211,RV32_ISS,19025029,19025029,ok,0,pass
64275311112332,RV32_ISS,18251979,18251979,ok,0,pass
64275311222222,RV32_ISS,15816372,15816372,ok,0,pass
64275313312211,RV32_ISS,16869499,16869499,ok,0,pass
64321572111131,RV32_ISS,20284320,20284320,ok,0,pass
64321572132131,RV32_ISS,16850348,16850348,ok,0,pass
64321572311132,RV32_ISS,18904771,18904771,ok,0,pass
64325713121222,RV32_ISS,33639629,33639629,ok,0,pass
64351272132131,RV32_ISS,16889895,16889895,ok,0,pass
64357212313211,RV32_ISS,19425131,19425131,ok,0,pass
64357213231322,RV32_ISS,23478390,23478390,ok,0,pass
64357213312211,RV32_ISS,21453372,21453372,ok,0,pass
64531271212211,RV32_ISS,27430687,27430687,ok,0,pass
64531272132131,RV32_ISS,15434382,15434382,ok,0,pass
64531273122131,RV32_ISS,15123564,15123564,ok,0,pass
64531273123121,RV32_ISS,19811170,19811170,ok,0,pass
64531273311311,RV32_ISS,16603657,16603657,ok,0,pass
64531273312211,RV32_ISS,15433896,15433896,ok,0,pass
64572131122223,RV32_ISS,16812049,16812049,ok,0,pass
64713253112111,RV32_ISS,14446222,14446222,ok,0,pass
65123471112311,RV32_ISS,16313029,16313029,ok,0,pass
65123471233232,RV32_ISS,14135562,14135562,ok,0,pass
65123472312311,RV32_ISS,16954459,16954459,ok,0,pass
65132471212112,RV32_ISS,17629807,17629807,ok,0,pass
65132471222111,RV32_ISS,17041578,17041578,ok,0,pass
65132471231321,RV32_ISS,19614880,19614880,ok,0,pass
65132471323121,RV32_ISS,18887043,18887043,ok,0,pass
65132472131231,RV32_ISS,15349673,15349673,ok,0,pass
65132472212231,RV32_ISS,25434915,25434915,ok,0,pass
65132472233321,RV32_ISS,20124078,20124078,ok,0,pass
65132473111331,RV32_ISS,19621538,19621538,ok,0,pass
65132473313312,RV32_ISS,15946602,15946602,ok,0,pass
65132473323311,RV32_ISS,16314644,16314644,ok,0,pass
65132741223323,RV32_ISS,15879424,15879424,ok,0,pass
65132743222331,RV32_ISS,19890943,19890943,ok,0,pass
65134721233232,RV32_ISS,17924248,17924248,ok,0,pass
65147321232113,RV32_ISS,22980588,22980588,ok,0,pass
65172431132333,RV32_ISS,19414116,19414116,ok,0,pass
65174232123131,RV32_ISS,16910541,16910541,ok,0,pass
65174232133313,RV32_ISS,16785673,16785673,ok,0,pass
65174232323312,RV32_ISS,18648249,18648249,ok,0,pass
65174233323212,RV32_ISS,18531189,18531189,ok,0,pass
65174233331213,RV32_ISS,17642882,17642882,ok,0,pass
65174322313211,RV32_ISS,18111429,18111429,ok,0,pass
65174323223123,RV32_ISS,17718334,17718334,ok,0,pass
65213741111111,RV32_ISS,19827855,19827855,ok,0,pass
65241371111111,RV32_ISS,19011609,19011609,ok,0,pass
65243712121322,RV32_ISS,25070455,25070455,ok,0,pass
65271341332331,RV32_ISS,18450905,18450905,ok,0,pass
65271432231233,RV32_ISS,18862093,18862093,ok,0,pass
65274131111111,RV32_ISS,22385248,22385248,ok,0,pass
65274131311313,RV32_ISS,15495057,15495057,ok,0,pass
65274131312213,RV32_ISS,17474646,17474646,ok,0,pass
65274132123332,RV32_ISS,16843936,16843936,ok,0,pass
65274133132223,RV32_ISS,16751931,16751931,ok,0,pass
65274133232321,RV32_ISS,15090562,15090562,ok,0,pass
65274133312223,RV32_ISS,16430706,16430706,ok,0,pass
65314272311132,RV32_ISS,15589238,15589238,ok,0,pass
65314272313211,RV32_ISS,25962905,25962905,ok,0,pass
65321472111122,RV32_ISS,19913381,19913381,ok,0,pass
65417321232113,RV32_ISS,16225657,16225657,ok,0,pass
65417323223123,RV32_ISS,14923846,14923846,ok,0,pass
65417323232123,RV32_ISS,16201078,16201078,ok,0,pass
65423713321322,RV32_ISS,18042312,18042312,ok,0,pass
65432173232321,RV32_ISS,17642697,17642697,ok,0,pass
65471231132213,RV32_ISS,21152865,21152865,ok,0,pass
65714323223123,RV32_ISS,17304133,17304133,ok,0,pass
65723143321313,RV32_ISS,16159752,16159752,ok,0,pass
65732411333123,RV32_ISS,34404800,34404800,ok,0,pass
65742311212313,RV32_ISS,15860099,15860099,ok,0,pass
67132541133311,RV32_ISS,28167108,28167108,ok,0,pass
67145323133312,RV32_ISS,17726867,17726867,ok,0,pass
67154233323332,RV32_ISS,26117775,26117775,ok,0,pass
67215343333133,RV32_ISS,21853449,21853449,ok,0,pass
67231541323112,RV32_ISS,20605608,20605608,ok,0,pass
67231543323122,RV32_ISS,20681149,20681149,ok,0,pass
67234513332122,RV32_ISS,16158822,16158822,ok,0,pass
67245131313323,RV32_ISS,16847060,16847060,ok,0,pass
67245311112311,RV32_ISS,24923962,24923962,ok,0,pass
67245311133233,RV32_ISS,20127675,20127675,ok,0,pass
67254311131133,RV32_ISS,27071483,27071483,ok,0,pass
67254313311113,RV32_ISS,16763290,16763290,ok,0,pass
67312452233321,RV32_ISS,17213381,17213381,ok,0,pass
67312541121221,RV32_ISS,16745489,16745489,ok,0,pass
67312542221111,RV32_ISS,21378376,21378376,ok,0,pass
67321451111123,RV32_ISS,16178311,16178311,ok,0,pass
67321451112311,RV32_ISS,17383922,17383922,ok,0,pass
67321451212211,RV32_ISS,28187990,28187990,ok,0,pass
67321451311133,RV32_ISS,18099164,18099164,ok,0,pass
67321452111122,RV32_ISS,16838453,16838453,ok,0,pass
67321453113311,RV32_ISS,18873848,18873848,ok,0,pass
67321542232133,RV32_ISS,17852945,17852945,ok,0,pass
67341252222323,RV32_ISS,18989294,18989294,ok,0,pass
67342512222113,RV32_ISS,19109052,19109052,ok,0,pass
67345122223133,RV32_ISS,24974536,24974536,ok,0,pass
67345122232133,RV32_ISS,24095158,24095158,ok,0,pass
67345211111123,RV32_ISS,16144329,16144329,ok,0,pass
67345211111132,RV32_ISS,17420143,17420143,ok,0,pass
67345211112233,RV32_ISS,16775188,16775188,ok,0,pass
67345211113322,RV32_ISS,16265613,16265613,ok,0,pass
67345211211122,RV32_ISS,18063013,18063013,ok,0,pass
67345211311133,RV32_ISS,17796157,17796157,ok,0,pass
67345212111122,RV32_ISS,16324852,16324852,ok,0,pass
67345213111133,RV32_ISS,19216831,19216831,ok,0,pass
67354121111111,RV32_ISS,18694561,18694561,ok,0,pass
67354211212121,RV32_ISS,18349694,18349694,ok,0,pass
67354211313113,RV32_ISS,26806429,26806429,ok,0,pass
67354211333111,RV32_ISS,26696350,26696350,ok,0,pass
67354212111221,RV32_ISS,18567409,18567409,ok,0,pass
67354212212222,RV32_ISS,17422951,17422951,ok,0,pass
67354212311132,RV32_ISS,17627687,17627687,ok,0,pass
67354213111313,RV32_ISS,21458246,21458246,ok,0,pass
67354213131311,RV32_ISS,20472281,20472281,ok,0,pass
67354213211132,RV32_ISS,17392900,17392900,ok,0,pass
67354213313333,RV32_ISS,17515371,17515371,ok,0,pass
67412353132121,RV32_ISS,20191365,20191365,ok,0,pass
67412353332221,RV32_ISS,15735255,15735255,ok,0,pass
67412531131133,RV32_ISS,19253395,19253395,ok,0,pass
67435121332112,RV32_ISS,14572117,14572117,ok,0,pass
67435123123121,RV32_ISS,14646403,14646403,ok,0,pass
67452313321232,RV32_ISS,20692046,20692046,ok,0,pass
71234563231322,RV32_ISS,19448715,19448715,ok,0,pass
71263541333222,RV32_ISS,24626292,24626292,ok,0,pass
71263542323123,RV32_ISS,24863414,24863414,ok,0,pass
71264533131323,RV32_ISS,24945800,24945800,ok,0,pass
71264533221323,RV32_ISS,24604283,24604283,ok,0,pass
71264533231223,RV32_ISS,28810938,28810938,ok,0,pass
71264533231313,RV32_ISS,26271007,26271007,ok,0,pass
71326451211311,RV32_ISS,16158754,16158754,ok,0,pass
71326453132121,RV32_ISS,15790147,15790147,ok,0,pass
71326543333313,RV32_ISS,23354665,23354665,ok,0,pass
71345262132131,RV32_ISS,18223432,18223432,ok,0,pass
71362453113311,RV32_ISS,19199996,19199996,ok,0,pass
71365423331312,RV32_ISS,22108113,22108113,ok,0,pass
71423563213232,RV32_ISS,18167561,18167561,ok,0,pass
71423653213232,RV32_ISS,17057685,17057685,ok,0,pass
71426353312211,RV32_ISS,18181531,18181531,ok,0,pass
71426533333223,RV32_ISS,20544306,20544306,ok,0,pass
71432561232323,RV32_ISS,18374120,18374120,ok,0,pass
71432561323232,RV32_ISS,14328647,14328647,ok,0,pass
71432562111221,RV32_ISS,17129115,17129115,ok,0,pass
71432563232213,RV32_ISS,18244967,18244967,ok,0,pass
71432563323113,RV32_ISS,15435147,15435147,ok,0,pass
71432563323122,RV32_ISS,16561384,16561384,ok,0,pass
71432563332113,RV32_ISS,15563015,15563015,ok,0,pass
71435261322233,RV32_ISS,21270811,21270811,ok,0,pass
71435262222122,RV32_ISS,19285135,19285135,ok,0,pass
71435263211123,RV32_ISS,22601252,22601252,ok,0,pass
71435263311122,RV32_ISS,21101624,21101624,ok,0,pass
71435263333133,RV32_ISS,21492827,21492827,ok,0,pass
71435263333223,RV32_ISS,21693562,21693562,ok,0,pass
71435623333331,RV32_ISS,21200246,21200246,ok,0,pass
71436253333112,RV32_ISS,23274828,23274828,ok,0,pass
71452363213232,RV32_ISS,16638609,16638609,ok,0,pass
71452632222131,RV32_ISS,22227426,22227426,ok,0,pass
71453262222221,RV32_ISS,17815141,17815141,ok,0,pass
71453623311122,RV32_ISS,24246486,24246486,ok,0,pass
71456321322323,RV32_ISS,16870986,16870986,ok,0,pass
71456322111221,RV32_ISS,17666036,17666036,ok,0,pass
71462531113322,RV32_ISS,21164907,21164907,ok,0,pass
71462532111212,RV32_ISS,18257187,18257187,ok,0,pass
71462532121112,RV32_ISS,18848464,18848464,ok,0,pass
71462533111223,RV32_ISS,22648107,22648107,ok,0,pass
71462533221113,RV32_ISS,18545066,18545066,ok,0,pass
71463523331222,RV32_ISS,18925830,18925830,ok,0,pass
71523463131311,RV32_ISS,24053363,24053363,ok,0,pass
71523463231313,RV32_ISS,24899376,24899376,ok,0,pass
71523463331312,RV32_ISS,23721520,23721520,ok,0,pass
71532463221332,RV32_ISS,18317199,18317199,ok,0,pass
71534262122222,RV32_ISS,23266810,23266810,ok,0,pass
71542633132322,RV32_ISS,17901847,17901847,ok,0,pass
71543622111131,RV32_ISS,15157086,15157086,ok,0,pass
71543623111121,RV32_ISS,16860211,16860211,ok,0,pass
71546233331213,RV32_ISS,23101121,23101121,ok,0,pass
71546322231212,RV32_ISS,23939740,23939740,ok,0,pass
71562433123232,RV32_ISS,17278157,17278157,ok,0,pass
71563243221221,RV32_ISS,19351334,19351334,ok,0,pass
71625433213133,RV32_ISS,30964881,30964881,ok,0,pass
71643252231212,RV32_ISS,23555788,23555788,ok,0,pass
71643523331213,RV32_ISS,24225428,24225428,ok,0,pass
72134562312212,RV32_ISS,21899114,21899114,ok,0,pass
72136541322233,RV32_ISS,16263604,16263604,ok,0,pass
72143563222331,RV32_ISS,16418168,16418168,ok,0,pass
72143651121113,RV32_ISS,16536874,16536874,ok,0,pass
72143651131112,RV32_ISS,17604187,17604187,ok,0,pass
72143651213111,RV32_ISS,16006408,16006408,ok,0,pass
72143651312111,RV32_ISS,15749577,15749577,ok,0,pass
72143652111311,RV32_ISS,16041483,16041483,ok,0,pass
72143653111211,RV32_ISS,15960072,15960072,ok,0,pass
72145631233223,RV32_ISS,15675156,15675156,ok,0,pass
72145633232231,RV32_ISS,15731357,15731357,ok,0,pass
72145633312223,RV32_ISS,25468778,25468778,ok,0,pass
72146352232223,RV32_ISS,18822832,18822832,ok,0,pass
72163452122222,RV32_ISS,23348594,23348594,ok,0,pass
72163453121213,RV32_ISS,19645648,19645648,ok,0,pass
72163453131212,RV32_ISS,22198409,22198409,ok,0,pass
72163453133333,RV32_ISS,18993182,18993182,ok,0,pass
72163453331333,RV32_ISS,23386611,23386611,ok,0,pass
72164353131113,RV32_ISS,22791839,22791839,ok,0,pass
72165431113331,RV32_ISS,16275618,16275618,ok,0,pass
72165432111113,RV32_ISS,16913735,16913735,ok,0,pass
72165432111122,RV32_ISS,22507965,22507965,ok,0,pass
72165432211112,RV32_ISS,18501980,18501980,ok,0,pass
72165432323312,RV32_ISS,16350275,16350275,ok,0,pass
72165433111112,RV32_ISS,15901956,15901956,ok,0,pass
72165433121333,RV32_ISS,17573606,17573606,ok,0,pass
72165433221233,RV32_ISS,16724289,16724289,ok,0,pass
72165433233323,RV32_ISS,18083663,18083663,ok,0,pass
72165433321223,RV32_ISS,15545551,15545551,ok,0,pass
72165433331213,RV32_ISS,17152138,17152138,ok,0,pass
72345611111111,RV32_ISS,22172489,22172489,ok,0,pass
72345611133113,RV32_ISS,15214343,15214343,ok,0,pass
72345611221223,RV32_ISS,13824892,13824892,ok,0,pass
72345611222222,RV32_ISS,15015201,15015201,ok,0,pass
72345611331332,RV32_ISS,16190978,16190978,ok,0,pass
72345612122111,RV32_ISS,17328914,17328914,ok,0,pass
72345612331331,RV32_ISS,13704359,13704359,ok,0,pass
72345613221221,RV32_ISS,14603028,14603028,ok,0,pass
72345613333331,RV32_ISS,18476112,18476112,ok,0,pass
72356141112323,RV32_ISS,17781912,17781912,ok,0,pass
72356141232113,RV32_ISS,16401487,16401487,ok,0,pass
72356143211123,RV32_ISS,15708736,15708736,ok,0,pass
72361453232333,RV32_ISS,15767414,15767414,ok,0,pass
72361542333233,RV32_ISS,28174717,28174717,ok,0,pass
72365412222212,RV32_ISS,17229494,17229494,ok,0,pass
72365413121312,RV32_ISS,24516590,24516590,ok,0,pass
72365413131212,RV32_ISS,17911910,17911910,ok,0,pass
72365413331333,RV32_ISS,18261540,18261540,ok,0,pass
72435163333313,RV32_ISS,25885105,25885105,ok,0,pass
72513641232323,RV32_ISS,16353010,16353010,ok,0,pass
72513641233322,RV32_ISS,19068453,19068453,ok,0,pass
72516342313223,RV32_ISS,17750372,17750372,ok,0,pass
72531463321232,RV32_ISS,19545864,19545864,ok,0,pass
72534163211123,RV32_ISS,20380200,20380200,ok,0,pass
72541631111213,RV32_ISS,16742100,16742100,ok,0,pass
72541631111312,RV32_ISS,18612226,18612226,ok,0,pass
72541631112131,RV32_ISS,17429984,17429984,ok,0,pass
72541631113121,RV32_ISS,18107555,18107555,ok,0,pass
72541632131111,RV32_ISS,15997134,15997134,ok,0,pass
72541633121111,RV32_ISS,19831556,19831556,ok,0,pass
72543162311111,RV32_ISS,15248689,15248689,ok,0,pass
72543163211111,RV32_ISS,16935864,16935864,ok,0,pass
72543611221223,RV32_ISS,22292119,22292119,ok,0,pass
72543611223221,RV32_ISS,23354671,23354671,ok,0,pass
72543611331332,RV32_ISS,26372480,26372480,ok,0,pass
72543611332331,RV32_ISS,23684719,23684719,ok,0,pass
72543612331331,RV32_ISS,22407692,22407692,ok,0,pass
72543613132232,RV32_ISS,28569118,28569118,ok,0,pass
72543613133222,RV32_ISS,23069271,23069271,ok,0,pass
72543613221221,RV32_ISS,24112847,24112847,ok,0,pass
72543613223312,RV32_ISS,26610357,26610357,ok,0,pass
72543613322312,RV32_ISS,27517937,27517937,ok,0,pass
72546311323112,RV32_ISS,15766780,15766780,ok,0,pass
72546313323212,RV32_ISS,17633585,17633585,ok,0,pass
72561342313223,RV32_ISS,23699893,23699893,ok,0,pass
72561432213122,RV32_ISS,28011694,28011694,ok,0,pass
72561433221233,RV32_ISS,24813201,24813201,ok,0,pass
72561433311233,RV32_ISS,31960448,31960448,ok,0,pass
72561433321133,RV32_ISS,26640682,26640682,ok,0,pass
72561433321223,RV32_ISS,26277934,26277934,ok,0,pass
72563411111213,RV32_ISS,16483378,16483378,ok,0,pass
72563411111312,RV32_ISS,16185862,16185862,ok,0,pass
72563411112131,RV32_ISS,22250573,22250573,ok,0,pass
72563411113121,RV32_ISS,17676642,17676642,ok,0,pass
72563412131111,RV32_ISS,16039579,16039579,ok,0,pass
72563413121111,RV32_ISS,15815943,15815943,ok,0,pass
72643513212311,RV32_ISS,16618319,16618319,ok,0,pass
72643513212332,RV32_ISS,15416805,15416805,ok,0,pass
73125463133132,RV32_ISS,18431515,18431515,ok,0,pass
73146522113231,RV32_ISS,14999815,14999815,ok,0,pass
73246153312211,RV32_ISS,16034649,16034649,ok,0,pass
73456123231322,RV32_ISS,18291056,18291056,ok,0,pass
73516243323113,RV32_ISS,15858713,15858713,ok,0,pass
73516243332131,RV32_ISS,16914927,16914927,ok,0,pass
73541262321212,RV32_ISS,21165260,21165260,ok,0,pass
73542163321133,RV32_ISS,21236866,21236866,ok,0,pass
73542613132121,RV32_ISS,15487773,15487773,ok,0,pass
73542613132322,RV32_ISS,15834134,15834134,ok,0,pass
73564213321322,RV32_ISS,20459156,20459156,ok,0,pass
73614251112323,RV32_ISS,21110379,21110379,ok,0,pass
73615241112323,RV32_ISS,27975064,27975064,ok,0,pass
73615241113322,RV32_ISS,22838676,22838676,ok,0,pass
73615242223133,RV32_ISS,22224865,22224865,ok,0,pass
73615243123313,RV32_ISS,21007694,21007694,ok,0,pass
73615243213313,RV32_ISS,21722833,21722833,ok,0,pass
73615243331312,RV32_ISS,21148963,21148963,ok,0,pass
73615243332311,RV32_ISS,21918579,21918579,ok,0,pass
73615421113322,RV32_ISS,16443745,16443745,ok,0,pass
73615423213211,RV32_ISS,21859520,21859520,ok,0,pass
73615423333331,RV32_ISS,17320741,17320741,ok,0,pass
73624513121132,RV32_ISS,28007939,28007939,ok,0,pass
73624513332131,RV32_ISS,25117519,25117519,ok,0,pass
73625141112323,RV32_ISS,20651395,20651395,ok,0,pass
73625143121213,RV32_ISS,17520100,17520100,ok,0,pass
73625143333313,RV32_ISS,18285181,18285181,ok,0,pass
73625412222323,RV32_ISS,17971809,17971809,ok,0,pass
73642511111111,RV32_ISS,23754051,23754051,ok,0,pass
73642511113232,RV32_ISS,20378007,20378007,ok,0,pass
73642511113322,RV32_ISS,20290375,20290375,ok,0,pass
73642513223222,RV32_ISS,22160841,22160841,ok,0,pass
73645121113211,RV32_ISS,20010229,20010229,ok,0,pass
73645122222311,RV32_ISS,19115789,19115789,ok,0,pass
73645211223113,RV32_ISS,14568767,14568767,ok,0,pass
73645211231111,RV32_ISS,18639088,18639088,ok,0,pass
73645211321111,RV32_ISS,14574114,14574114,ok,0,pass
73645211332112,RV32_ISS,15148516,15148516,ok,0,pass
73645213112231,RV32_ISS,15737519,15737519,ok,0,pass
73645213333112,RV32_ISS,16694938,16694938,ok,0,pass
73651241113322,RV32_ISS,17589333,17589333,ok,0,pass
73652413211312,RV32_ISS,18808821,18808821,ok,0,pass
73652413331321,RV32_ISS,21130075,21130075,ok,0,pass
73654122111122,RV32_ISS,23443769,23443769,ok,0,pass
73654122221111,RV32_ISS,16312678,16312678,ok,0,pass
73654211111132,RV32_ISS,19209699,19209699,ok,0,pass
74123563323221,RV32_ISS,15076391,15076391,ok,0,pass
74123652322121,RV32_ISS,23351477,23351477,ok,0,pass
74123653132232,RV32_ISS,29896077,29896077,ok,0,pass
74123653133132,RV32_ISS,24313641,24313641,ok,0,pass
74123653133222,RV32_ISS,24077726,24077726,ok,0,pass
74123653133231,RV32_ISS,22174946,22174946,ok,0,pass
74125631313311,RV32_ISS,15973705,15973705,ok,0,pass
74125632121121,RV32_ISS,16690817,16690817,ok,0,pass
74125632122111,RV32_ISS,15461561,15461561,ok,0,pass
74125632131111,RV32_ISS,15960490,15960490,ok,0,pass
74125632321332,RV32_ISS,15499732,15499732,ok,0,pass
74125633121111,RV32_ISS,19514100,19514100,ok,0,pass
74125633131233,RV32_ISS,15196285,15196285,ok,0,pass
74125633132232,RV32_ISS,13809579,13809579,ok,0,pass
74125633133222,RV32_ISS,14601628,14601628,ok,0,pass
74125633133312,RV32_ISS,19450915,19450915,ok,0,pass
74125633332323,RV32_ISS,18272993,18272993,ok,0,pass
74126352333122,RV32_ISS,21555164,21555164,ok,0,pass
74132561321231,RV32_ISS,20280316,20280316,ok,0,pass
74132562121121,RV32_ISS,18836836,18836836,ok,0,pass
74132562122111,RV32_ISS,17634316,17634316,ok,0,pass
74132563131221,RV32_ISS,21703877,21703877,ok,0,pass
74132563132112,RV32_ISS,17707069,17707069,ok,0,pass
74136522322121,RV32_ISS,21840683,21840683,ok,0,pass
74152363132232,RV32_ISS,21479697,21479697,ok,0,pass
74152363133132,RV32_ISS,21626459,21626459,ok,0,pass
74152363133222,RV32_ISS,24432225,24432225,ok,0,pass
74152363133231,RV32_ISS,21581994,21581994,ok,0,pass
74156322122123,RV32_ISS,16464171,16464171,ok,0,pass
74156322122321,RV32_ISS,16871208,16871208,ok,0,pass
74156322313223,RV32_ISS,16904600,16904600,ok,0,pass
74156323132331,RV32_ISS,15947186,15947186,ok,0,pass
74156323133123,RV32_ISS,16459764,16459764,ok,0,pass
74163251121122,RV32_ISS,18328355,18328355,ok,0,pass
74163252112211,RV32_ISS,16986657,16986657,ok,0,pass
74163252131111,RV32_ISS,18302007,18302007,ok,0,pass
74163253121111,RV32_ISS,18162862,18162862,ok,0,pass
74163253131332,RV32_ISS,15265403,15265403,ok,0,pass
74163253133132,RV32_ISS,15016002,15016002,ok,0,pass
74163253133213,RV32_ISS,16281742,16281742,ok,0,pass
74163253133231,RV32_ISS,15492147,15492147,ok,0,pass
74163253332323,RV32_ISS,16649839,16649839,ok,0,pass
74165231121212,RV32_ISS,28620998,28620998,ok,0,pass
74165231131313,RV32_ISS,26910884,26910884,ok,0,pass
74165231212121,RV32_ISS,27228542,27228542,ok,0,pass
74165231313131,RV32_ISS,28116384,28116384,ok,0,pass
74165232111212,RV32_ISS,28432773,28432773,ok,0,pass
74165232121112,RV32_ISS,27048498,27048498,ok,0,pass
74165232121211,RV32_ISS,27378876,27378876,ok,0,pass
74165233111313,RV32_ISS,29584261,29584261,ok,0,pass
74165233131113,RV32_ISS,27143386,27143386,ok,0,pass
74165233131311,RV32_ISS,28807280,28807280,ok,0,pass
74165233131323,RV32_ISS,27284920,27284920,ok,0,pass
74165233132313,RV32_ISS,29369751,29369751,ok,0,pass
74165233231313,RV32_ISS,29403272,29403272,ok,0,pass
74213652323132,RV32_ISS,15770186,15770186,ok,0,pass
74251633111313,RV32_ISS,21541613,21541613,ok,0,pass
74256311321222,RV32_ISS,29973351,29973351,ok,0,pass
74256313111232,RV32_ISS,34848867,34848867,ok,0,pass
74265312333233,RV32_ISS,18130826,18130826,ok,0,pass
74312652333332,RV32_ISS,18089440,18089440,ok,0,pass
74321563311131,RV32_ISS,19405144,19405144,ok,0,pass
74321653233323,RV32_ISS,19773382,19773382,ok,0,pass
74325163131323,RV32_ISS,21042188,21042188,ok,0,pass
74325612221222,RV32_ISS,17172751,17172751,ok,0,pass
74325613121312,RV32_ISS,21887870,21887870,ok,0,pass
74325613131212,RV32_ISS,17192918,17192918,ok,0,pass
74325613133333,RV32_ISS,18442331,18442331,ok,0,pass
74361253112132,RV32_ISS,20754670,20754670,ok,0,pass
74361253211231,RV32_ISS,15154521,15154521,ok,0,pass
74365211121221,RV32_ISS,16583282,16583282,ok,0,pass
74365211213111,RV32_ISS,15641288,15641288,ok,0,pass
74365211312111,RV32_ISS,15436360,15436360,ok,0,pass
74365211313113,RV32_ISS,17086928,17086928,ok,0,pass
74365211333111,RV32_ISS,17017173,17017173,ok,0,pass
74365212111311,RV32_ISS,15753734,15753734,ok,0,pass
74365212222323,RV32_ISS,16213327,16213327,ok,0,pass
74365212333332,RV32_ISS,15411342,15411342,ok,0,pass
74365213111211,RV32_ISS,16501507,16501507,ok,0,pass
74365213121333,RV32_ISS,16090052,16090052,ok,0,pass
74512361322233,RV32_ISS,20975212,20975212,ok,0,pass
74512362313223,RV32_ISS,15679750,15679750,ok,0,pass
74513263121222,RV32_ISS,31873998,31873998,ok,0,pass
74521632222212,RV32_ISS,21023703,21023703,ok,0,pass
74521633121213,RV32_ISS,23606650,23606650,ok,0,pass
74521633121312,RV32_ISS,21718533,21718533,ok,0,pass
74521633133333,RV32_ISS,23997150,23997150,ok,0,pass
74521633333313,RV32_ISS,21456212,21456212,ok,0,pass
74523611121113,RV32_ISS,16510022,16510022,ok,0,pass
74523611131112,RV32_ISS,17097438,17097438,ok,0,pass
74523611213111,RV32_ISS,16866105,16866105,ok,0,pass
74523611312111,RV32_ISS,16022154,16022154,ok,0,pass
74523612111311,RV32_ISS,16668877,16668877,ok,0,pass
74523613111211,RV32_ISS,15973035,15973035,ok,0,pass
74532163123223,RV32_ISS,19057996,19057996,ok,0,pass
74561231111222,RV32_ISS,16831030,16831030,ok,0,pass
74561232111113,RV32_ISS,17081675,17081675,ok,0,pass
74561232221111,RV32_ISS,18937012,18937012,ok,0,pass
74561233111112,RV32_ISS,18465301,18465301,ok,0,pass
74561233131233,RV32_ISS,16592783,16592783,ok,0,pass
74561233233323,RV32_ISS,19535164,19535164,ok,0,pass
74561233311233,RV32_ISS,16622433,16622433,ok,0,pass
74561233321133,RV32_ISS,16386062,16386062,ok,0,pass
74561233321313,RV32_ISS,19978249,19978249,ok,0,pass
74563211232332,RV32_ISS,16375901,16375901,ok,0,pass
74653213133222,RV32_ISS,19210299,19210299,ok,0,pass
75132463233233,RV32_ISS,19135892,19135892,ok,0,pass
75143263231313,RV32_ISS,23211640,23211640,ok,0,pass
75146321323331,RV32_ISS,21110441,21110441,ok,0,pass
75213642223133,RV32_ISS,18296303,18296303,ok,0,pass
75231463211123,RV32_ISS,26566915,26566915,ok,0,pass
75234161322233,RV32_ISS,16420698,16420698,ok,0,pass
75234162221111,RV32_ISS,21715288,21715288,ok,0,pass
75236143213232,RV32_ISS,15278997,15278997,ok,0,pass
75241632222323,RV32_ISS,18794918,18794918,ok,0,pass
75243162211322,RV32_ISS,31986281,31986281,ok,0,pass
75243611113232,RV32_ISS,16940466,16940466,ok,0,pass
75243613213232,RV32_ISS,14749205,14749205,ok,0,pass
75246131333312,RV32_ISS,20716626,20716626,ok,0,pass
75246311111111,RV32_ISS,39393070,39393070,ok,0,pass
75246313212311,RV32_ISS,17497509,17497509,ok,0,pass
75246313312211,RV32_ISS,16981087,16981087,ok,0,pass
75246313332332,RV32_ISS,16980669,16980669,ok,0,pass
75261432123233,RV32_ISS,19382116,19382116,ok,0,pass
75264132121232,RV32_ISS,20146701,20146701,ok,0,pass
75264132223331,RV32_ISS,15758665,15758665,ok,0,pass
75264132321212,RV32_ISS,21182766,21182766,ok,0,pass
75264133121333,RV32_ISS,17032083,17032083,ok,0,pass
75264133331213,RV32_ISS,17264136,17264136,ok,0,pass
75264311223122,RV32_ISS,18360483,18360483,ok,0,pass
75264313231112,RV32_ISS,21097384,21097384,ok,0,pass
75312463333133,RV32_ISS,21688953,21688953,ok,0,pass
75314621133221,RV32_ISS,13774976,13774976,ok,0,pass
75314621313212,RV32_ISS,30029518,30029518,ok,0,pass
75314623113122,RV32_ISS,15487175,15487175,ok,0,pass
75316241231231,RV32_ISS,21630189,21630189,ok,0,pass
75321461311112,RV32_ISS,16858930,16858930,ok,0,pass
75321463132121,RV32_ISS,15249958,15249958,ok,0,pass
75346122133133,RV32_ISS,19334374,19334374,ok,0,pass
75346211133122,RV32_ISS,16148365,16148365,ok,0,pass
75346211211311,RV32_ISS,20509445,20509445,ok,0,pass
75346211311211,RV32_ISS,15238469,15238469,ok,0,pass
75346212323333,RV32_ISS,19470744,19470744,ok,0,pass
75346213112132,RV32_ISS,14578792,14578792,ok,0,pass
75346213132121,RV32_ISS,15226625,15226625,ok,0,pass
75346213132322,RV32_ISS,15381528,15381528,ok,0,pass
75346213332122,RV32_ISS,16307165,16307165,ok,0,pass
75412631223332,RV32_ISS,14075789,14075789,ok,0,pass
75416323232213,RV32_ISS,18854658,18854658,ok,0,pass
75431263133213,RV32_ISS,21530135,21530135,ok,0,pass
75462132123212,RV32_ISS,28391673,28391673,ok,0,pass
75613243131332,RV32_ISS,21768863,21768863,ok,0,pass
75613243133213,RV32_ISS,17705628,17705628,ok,0,pass
75634123323122,RV32_ISS,16938512,16938512,ok,0,pass
75641323232111,RV32_ISS,16053867,16053867,ok,0,pass
75642132213311,RV32_ISS,15542503,15542503,ok,0,pass
76123453233323,RV32_ISS,16612039,16612039,ok,0,pass
76125343333133,RV32_ISS,21972609,21972609,ok,0,pass
76143252131312,RV32_ISS,18288110,18288110,ok,0,pass
76143252221222,RV32_ISS,18598808,18598808,ok,0,pass
76143253131212,RV32_ISS,18834487,18834487,ok,0,pass
76143253331333,RV32_ISS,17437298,17437298,ok,0,pass
76143253333313,RV32_ISS,24463323,24463323,ok,0,pass
76145231121113,RV32_ISS,15515152,15515152,ok,0,pass
76145231122112,RV32_ISS,26875625,26875625,ok,0,pass
76145231131112,RV32_ISS,16769489,16769489,ok,0,pass
76145231221112,RV32_ISS,26822516,26822516,ok,0,pass
76145231311331,RV32_ISS,15103192,15103192,ok,0,pass
76145232123332,RV32_ISS,16216135,16216135,ok,0,pass
76145232233213,RV32_ISS,20043289,20043289,ok,0,pass
76145232331313,RV32_ISS,15594630,15594630,ok,0,pass
76145232332213,RV32_ISS,20731941,20731941,ok,0,pass
76145233133213,RV32_ISS,16565463,16565463,ok,0,pass
76145233232333,RV32_ISS,15744964,15744964,ok,0,pass
76154323333112,RV32_ISS,19186802,19186802,ok,0,pass
76213543213133,RV32_ISS,19824808,19824808,ok,0,pass
76213543311332,RV32_ISS,18592450,18592450,ok,0,pass
76215341231231,RV32_ISS,17834619,17834619,ok,0,pass
76215433333133,RV32_ISS,21150837,21150837,ok,0,pass
76231451123111,RV32_ISS,16961820,16961820,ok,0,pass
76245311121131,RV32_ISS,16465538,16465538,ok,0,pass
76245311131121,RV32_ISS,14822914,14822914,ok,0,pass
76245311213312,RV32_ISS,15676665,15676665,ok,0,pass
76245312132131,RV32_ISS,15992838,15992838,ok,0,pass
76245313122122,RV32_ISS,15578226,15578226,ok,0,pass
76245313123121,RV32_ISS,15676476,15676476,ok,0,pass
76253141123132,RV32_ISS,14524812,14524812,ok,0,pass
76253141211332,RV32_ISS,14241579,14241579,ok,0,pass
76253413322312,RV32_ISS,19517286,19517286,ok,0,pass
76254133311323,RV32_ISS,31332413,31332413,ok,0,pass
76254313211111,RV32_ISS,27859568,27859568,ok,0,pass
76312452212111,RV32_ISS,28979836,28979836,ok,0,pass
76312453211111,RV32_ISS,16955407,16955407,ok,0,pass
76312453311311,RV32_ISS,18646378,18646378,ok,0,pass
76312542321212,RV32_ISS,18206913,18206913,ok,0,pass
76312542322121,RV32_ISS,17045576,17045576,ok,0,pass
76312543322222,RV32_ISS,22597748,22597748,ok,0,pass
76315241112113,RV32_ISS,17844581,17844581,ok,0,pass
76315241113112,RV32_ISS,15279879,15279879,ok,0,pass
76315241223113,RV32_ISS,14886340,14886340,ok,0,pass
76315241322122,RV32_ISS,15761617,15761617,ok,0,pass
76315241323313,RV32_ISS,16613873,16613873,ok,0,pass
76315241332112,RV32_ISS,15204364,15204364,ok,0,pass
76315243211231,RV32_ISS,14456704,14456704,ok,0,pass
76315243323323,RV32_ISS,17397305,17397305,ok,0,pass
76321452122123,RV32_ISS,24742250,24742250,ok,0,pass
76321452122321,RV32_ISS,25234683,25234683,ok,0,pass
76321452122333,RV32_ISS,24751630,24751630,ok,0,pass
76321452123323,RV32_ISS,28709081,28709081,ok,0,pass
76321452212231,RV32_ISS,23953945,23953945,ok,0,pass
76321452213122,RV32_ISS,25181402,25181402,ok,0,pass
76321453233131,RV32_ISS,26310210,26310210,ok,0,pass
76321453311233,RV32_ISS,30069995,30069995,ok,0,pass
76321453313312,RV32_ISS,28250616,28250616,ok,0,pass
76321453321133,RV32_ISS,25091173,25091173,ok,0,pass
76321453323311,RV32_ISS,28803725,28803725,ok,0,pass
76321542211112,RV32_ISS,24016043,24016043,ok,0,pass
76321543211111,RV32_ISS,16136680,16136680,ok,0,pass
76321543311131,RV32_ISS,17827134,17827134,ok,0,pass
76324151112233,RV32_ISS,16558817,16558817,ok,0,pass
76324151112323,RV32_ISS,20044380,20044380,ok,0,pass
76324153323122,RV32_ISS,16356439,16356439,ok,0,pass
76325411111213,RV32_ISS,17137781,17137781,ok,0,pass
76325411111312,RV32_ISS,21148388,21148388,ok,0,pass
76325411112131,RV32_ISS,15660510,15660510,ok,0,pass
76325411113121,RV32_ISS,17175681,17175681,ok,0,pass
76325411122121,RV32_ISS,16961931,16961931,ok,0,pass
76325411331311,RV32_ISS,18265923,18265923,ok,0,pass
76325412112121,RV32_ISS,21298005,21298005,ok,0,pass
76325412231212,RV32_ISS,18312459,18312459,ok,0,pass
76325412333233,RV32_ISS,18207918,18207918,ok,0,pass
76325413222223,RV32_ISS,16845903,16845903,ok,0,pass
76341251111213,RV32_ISS,16725123,16725123,ok,0,pass
76341251111312,RV32_ISS,20851003,20851003,ok,0,pass
76341251112131,RV32_ISS,18419864,18419864,ok,0,pass
76341251113121,RV32_ISS,16880931,16880931,ok,0,pass
76341251221121,RV32_ISS,17686171,17686171,ok,0,pass
76341251311313,RV32_ISS,16954612,16954612,ok,0,pass
76341252232313,RV32_ISS,16556603,16556603,ok,0,pass
76341252323333,RV32_ISS,18158851,18158851,ok,0,pass
76341253221212,RV32_ISS,18674855,18674855,ok,0,pass
76341253233131,RV32_ISS,15025851,15025851,ok,0,pass
76342511111231,RV32_ISS,14149973,14149973,ok,0,pass
76342511111321,RV32_ISS,18212013,18212013,ok,0,pass
76342511323112,RV32_ISS,14955006,14955006,ok,0,pass
76342512232223,RV32_ISS,17947004,17947004,ok,0,pass
76342513213112,RV32_ISS,21775128,21775128,ok,0,pass
76342513322111,RV32_ISS,22672115,22672115,ok,0,pass
76342513323122,RV32_ISS,15824268,15824268,ok,0,pass
76342513323212,RV32_ISS,17069085,17069085,ok,0,pass
76345122211112,RV32_ISS,23313722,23313722,ok,0,pass
76345122211121,RV32_ISS,18691266,18691266,ok,0,pass
76345122213311,RV32_ISS,15602999,15602999,ok,0,pass
76345122311111,RV32_ISS,18848158,18848158,ok,0,pass
76345123211111,RV32_ISS,15906814,15906814,ok,0,pass
76345123311113,RV32_ISS,18379731,18379731,ok,0,pass
76345123311131,RV32_ISS,17549726,17549726,ok,0,pass
76345123312211,RV32_ISS,14952703,14952703,ok,0,pass
76351421112323,RV32_ISS,21607764,21607764,ok,0,pass
76351421113322,RV32_ISS,16055744,16055744,ok,0,pass
76351423321232,RV32_ISS,16972845,16972845,ok,0,pass
76354121121212,RV32_ISS,19858199,19858199,ok,0,pass
76354121122121,RV32_ISS,16666436,16666436,ok,0,pass
76354121311313,RV32_ISS,16988786,16988786,ok,0,pass
76354121313131,RV32_ISS,18730263,18730263,ok,0,pass
76354122111212,RV32_ISS,21775055,21775055,ok,0,pass
76354122112121,RV32_ISS,18112613,18112613,ok,0,pass
76354122212222,RV32_ISS,17282214,17282214,ok,0,pass
76354123211123,RV32_ISS,18521840,18521840,ok,0,pass
76354123211132,RV32_ISS,16081433,16081433,ok,0,pass
76354123313333,RV32_ISS,18892132,18892132,ok,0,pass
76354212213323,RV32_ISS,17193014,17193014,ok,0,pass
76354212312233,RV32_ISS,17681821,17681821,ok,0,pass
76354212313322,RV32_ISS,18828953,18828953,ok,0,pass
76354212333332,RV32_ISS,17303038,17303038,ok,0,pass
76354213222223,RV32_ISS,16976122,16976122,ok,0,pass
76354213312223,RV32_ISS,15926695,15926695,ok,0,pass
76421351131121,RV32_ISS,13748405,13748405,ok,0,pass
76512343213313,RV32_ISS,27521870,27521870,ok,0,pass
76512343332311,RV32_ISS,27451288,27451288,ok,0,pass
76514321112323,RV32_ISS,18442923,18442923,ok,0,pass
76514321232113,RV32_ISS,16989438,16989438,ok,0,pass
76521433232333,RV32_ISS,16431028,16431028,ok,0,pass
76523413223231,RV32_ISS,17266422,17266422,ok,0,pass
76524313331222,RV32_ISS,21335858,21335858,ok,0,pass
76541232131213,RV32_ISS,28224422,28224422,ok,0,pass
76541232221222,RV32_ISS,17356536,17356536,ok,0,pass
76541233121213,RV32_ISS,17898048,17898048,ok,0,pass
76541233331333,RV32_ISS,19269273,19269273,ok,0,pass
76541233333313,RV32_ISS,21780197,21780197,ok,0,pass
76543211111111,RV32_ISS,37087424,37087424,ok,0,pass
76543211212112,RV32_ISS,19021751,19021751,ok,0,pass
76543211223221,RV32_ISS,15419388,15419388,ok,0,pass
76543211332331,RV32_ISS,15402650,15402650,ok,0,pass
76543211333333,RV32_ISS,17034689,17034689,ok,0,pass
76543212132323,RV32_ISS,16993809,16993809,ok,0,pass
76543212222221,RV32_ISS,16305687,16305687,ok,0,pass
76543212323213,RV32_ISS,16762928,16762928,ok,0,pass
76543213113131,RV32_ISS,16866435,16866435,ok,0,pass
